[2026-04-03 00:09:22.323] [31946] [HailoRT] [info] [edge_elements.cpp:187] [create] Created (LastAsyncEl0PostInferEl8AsyncHwEl)
[2026-04-03 00:09:22.324] [31946] [HailoRT] [info] [queue_elements.cpp:450] [create] Created (PushQEl6AsyncHwEl | timeout: 10s)
[2026-04-03 00:09:22.324] [31946] [HailoRT] [info] [filter_elements.cpp:375] [create] Created (PostInferEl6AsyncHwEl | Quantization - src_type: UINT8, dst_type FLOAT32, limvals_min: -7.42123, limvals_max: 5.81243 | Reorder - src_order: FCR, src_shape: (80, 80, 56), dst_order: FCR, dst_shape: (80, 80, 51))
[2026-04-03 00:09:22.324] [31946] [HailoRT] [info] [edge_elements.cpp:187] [create] Created (LastAsyncEl0PostInferEl6AsyncHwEl)
[2026-04-03 00:09:22.324] [31946] [HailoRT] [info] [pipeline.cpp:891] [print_deep_description] EntryPushQEl0yolov8s_pose/input_layer1 | inputs: user | outputs: AsyncHwEl(running in thread_id: 31954)
[2026-04-03 00:09:22.324] [31946] [HailoRT] [info] [pipeline.cpp:891] [print_deep_description] AsyncHwEl | inputs: EntryPushQEl0yolov8s_pose/input_layer1[0] | outputs: PushQEl0AsyncHwEl PushQEl1AsyncHwEl PushQEl2AsyncHwEl PushQEl3AsyncHwEl PushQEl4AsyncHwEl PushQEl5AsyncHwEl PushQEl6AsyncHwEl PushQEl7AsyncHwEl PushQEl8AsyncHwEl
[2026-04-03 00:09:22.324] [31946] [HailoRT] [info] [pipeline.cpp:891] [print_deep_description] PushQEl0AsyncHwEl | inputs: AsyncHwEl[0] | outputs: PostInferEl0AsyncHwEl(running in thread_id: 31958)
[2026-04-03 00:09:22.324] [31946] [HailoRT] [info] [pipeline.cpp:891] [print_deep_description] PostInferEl0AsyncHwEl | inputs: PushQEl0AsyncHwEl[0] | outputs: LastAsyncEl0PostInferEl0AsyncHwEl
[2026-04-03 00:09:22.324] [31946] [HailoRT] [info] [pipeline.cpp:891] [print_deep_description] LastAsyncEl0PostInferEl0AsyncHwEl | inputs: PostInferEl0AsyncHwEl[0] | outputs: user
[2026-04-03 00:09:22.324] [31946] [HailoRT] [info] [pipeline.cpp:891] [print_deep_description] PushQEl1AsyncHwEl | inputs: AsyncHwEl[0] | outputs: PostInferEl1AsyncHwEl(running in thread_id: 31959)
[2026-04-03 00:09:22.324] [31946] [HailoRT] [info] [pipeline.cpp:891] [print_deep_description] PostInferEl1AsyncHwEl | inputs: PushQEl1AsyncHwEl[0] | outputs: LastAsyncEl0PostInferEl1AsyncHwEl
[2026-04-03 00:09:22.324] [31946] [HailoRT] [info] [pipeline.cpp:891] [print_deep_description] LastAsyncEl0PostInferEl1AsyncHwEl | inputs: PostInferEl1AsyncHwEl[0] | outputs: user
[2026-04-03 00:09:22.324] [31946] [HailoRT] [info] [pipeline.cpp:891] [print_deep_description] PushQEl2AsyncHwEl | inputs: AsyncHwEl[0] | outputs: PostInferEl2AsyncHwEl(running in thread_id: 31960)
[2026-04-03 00:09:22.324] [31946] [HailoRT] [info] [pipeline.cpp:891] [print_deep_description] PostInferEl2AsyncHwEl | inputs: PushQEl2AsyncHwEl[0] | outputs: LastAsyncEl0PostInferEl2AsyncHwEl
[2026-04-03 00:09:22.324] [31946] [HailoRT] [info] [pipeline.cpp:891] [print_deep_description] LastAsyncEl0PostInferEl2AsyncHwEl | inputs: PostInferEl2AsyncHwEl[0] | outputs: user
[2026-04-03 00:09:22.324] [31946] [HailoRT] [info] [pipeline.cpp:891] [print_deep_description] PushQEl3AsyncHwEl | inputs: AsyncHwEl[0] | outputs: PostInferEl3AsyncHwEl(running in thread_id: 31955)
[2026-04-03 00:09:22.324] [31946] [HailoRT] [info] [pipeline.cpp:891] [print_deep_description] PostInferEl3AsyncHwEl | inputs: PushQEl3AsyncHwEl[0] | outputs: LastAsyncEl0PostInferEl3AsyncHwEl
[2026-04-03 00:09:22.324] [31946] [HailoRT] [info] [pipeline.cpp:891] [print_deep_description] LastAsyncEl0PostInferEl3AsyncHwEl | inputs: PostInferEl3AsyncHwEl[0] | outputs: user
[2026-04-03 00:09:22.324] [31946] [HailoRT] [info] [pipeline.cpp:891] [print_deep_description] PushQEl4AsyncHwEl | inputs: AsyncHwEl[0] | outputs: PostInferEl4AsyncHwEl(running in thread_id: 31956)
[2026-04-03 00:09:22.324] [31946] [HailoRT] [info] [pipeline.cpp:891] [print_deep_description] PostInferEl4AsyncHwEl | inputs: PushQEl4AsyncHwEl[0] | outputs: LastAsyncEl0PostInferEl4AsyncHwEl
[2026-04-03 00:09:22.324] [31946] [HailoRT] [info] [pipeline.cpp:891] [print_deep_description] LastAsyncEl0PostInferEl4AsyncHwEl | inputs: PostInferEl4AsyncHwEl[0] | outputs: user
[2026-04-03 00:09:22.324] [31946] [HailoRT] [info] [pipeline.cpp:891] [print_deep_description] PushQEl5AsyncHwEl | inputs: AsyncHwEl[0] | outputs: PostInferEl5AsyncHwEl(running in thread_id: 31957)
[2026-04-03 00:09:22.324] [31946] [HailoRT] [info] [pipeline.cpp:891] [print_deep_description] PostInferEl5AsyncHwEl | inputs: PushQEl5AsyncHwEl[0] | outputs: LastAsyncEl0PostInferEl5AsyncHwEl
[2026-04-03 00:09:22.324] [31946] [HailoRT] [info] [pipeline.cpp:891] [print_deep_description] LastAsyncEl0PostInferEl5AsyncHwEl | inputs: PostInferEl5AsyncHwEl[0] | outputs: user
[2026-04-03 00:09:22.324] [31946] [HailoRT] [info] [pipeline.cpp:891] [print_deep_description] PushQEl6AsyncHwEl | inputs: AsyncHwEl[0] | outputs: PostInferEl6AsyncHwEl(running in thread_id: 31963)
[2026-04-03 00:09:22.324] [31946] [HailoRT] [info] [pipeline.cpp:891] [print_deep_description] PostInferEl6AsyncHwEl | inputs: PushQEl6AsyncHwEl[0] | outputs: LastAsyncEl0PostInferEl6AsyncHwEl
[2026-04-03 00:09:22.324] [31946] [HailoRT] [info] [pipeline.cpp:891] [print_deep_description] LastAsyncEl0PostInferEl6AsyncHwEl | inputs: PostInferEl6AsyncHwEl[0] | outputs: user
[2026-04-03 00:09:22.324] [31946] [HailoRT] [info] [pipeline.cpp:891] [print_deep_description] PushQEl7AsyncHwEl | inputs: AsyncHwEl[0] | outputs: PostInferEl7AsyncHwEl(running in thread_id: 31961)
[2026-04-03 00:09:22.324] [31946] [HailoRT] [info] [pipeline.cpp:891] [print_deep_description] PostInferEl7AsyncHwEl | inputs: PushQEl7AsyncHwEl[0] | outputs: LastAsyncEl0PostInferEl7AsyncHwEl
[2026-04-03 00:09:22.324] [31946] [HailoRT] [info] [pipeline.cpp:891] [print_deep_description] LastAsyncEl0PostInferEl7AsyncHwEl | inputs: PostInferEl7AsyncHwEl[0] | outputs: user
[2026-04-03 00:09:22.324] [31946] [HailoRT] [info] [pipeline.cpp:891] [print_deep_description] PushQEl8AsyncHwEl | inputs: AsyncHwEl[0] | outputs: PostInferEl8AsyncHwEl(running in thread_id: 31962)
[2026-04-03 00:09:22.324] [31946] [HailoRT] [info] [pipeline.cpp:891] [print_deep_description] PostInferEl8AsyncHwEl | inputs: PushQEl8AsyncHwEl[0] | outputs: LastAsyncEl0PostInferEl8AsyncHwEl
[2026-04-03 00:09:22.324] [31946] [HailoRT] [info] [pipeline.cpp:891] [print_deep_description] LastAsyncEl0PostInferEl8AsyncHwEl | inputs: PostInferEl8AsyncHwEl[0] | outputs: user
[2026-04-03 00:11:27.356] [32091] [HailoRT] [info] [vdevice.cpp:523] [create] Creating vdevice with params: device_count: 1, scheduling_algorithm: ROUND_ROBIN, multi_process_service: false
[2026-04-03 00:11:27.367] [32091] [HailoRT] [info] [device.cpp:49] [Device] OS Version: Linux 6.12.62+rpt-rpi-2712 #1 SMP PREEMPT Debian 1:6.12.62-1+rpt1~bookworm (2026-01-19) aarch64
[2026-04-03 00:11:27.368] [32091] [HailoRT] [info] [control.cpp:108] [control__parse_identify_results] firmware_version is: 4.20.0
[2026-04-03 00:11:27.368] [32091] [HailoRT] [info] [vdevice.cpp:651] [create] VDevice Infos: 0001:01:00.0
[2026-04-03 00:11:27.474] [32091] [HailoRT] [info] [hef.cpp:1929] [get_network_group_and_network_name] No name was given. Addressing all networks of default network_group: yolov8s_pose
[2026-04-03 00:11:27.475] [32091] [HailoRT] [info] [hef.cpp:1929] [get_network_group_and_network_name] No name was given. Addressing all networks of default network_group: yolov8s_pose
[2026-04-03 00:11:27.475] [32091] [HailoRT] [info] [hef.cpp:1929] [get_network_group_and_network_name] No name was given. Addressing all networks of default network_group: yolov8s_pose
[2026-04-03 00:11:27.475] [32091] [HailoRT] [info] [hef.cpp:1929] [get_network_group_and_network_name] No name was given. Addressing all networks of default network_group: yolov8s_pose
[2026-04-03 00:11:27.475] [32091] [HailoRT] [info] [hef.cpp:1929] [get_network_group_and_network_name] No name was given. Addressing all networks of default network_group: yolov8s_pose
[2026-04-03 00:11:27.475] [32091] [HailoRT] [warning] [device_internal.cpp:616] [check_hef_is_compatible] HEF was compiled for Hailo8L device, while the device itself is Hailo8. This will result in lower performance.
[2026-04-03 00:11:27.475] [32091] [HailoRT] [warning] [device_internal.cpp:616] [check_hef_is_compatible] HEF was compiled for Hailo8L device, while the device itself is Hailo8. This will result in lower performance.
[2026-04-03 00:11:27.481] [32091] [HailoRT] [info] [internal_buffer_manager.cpp:204] [print_execution_results] Planned internal buffer memory: CMA memory 0, user memory 3321344. memory to edge layer usage factor is 0.93083656
[2026-04-03 00:11:27.481] [32091] [HailoRT] [info] [internal_buffer_manager.cpp:212] [print_execution_results] Default Internal buffer planner executed successfully
[2026-04-03 00:11:27.508] [32091] [HailoRT] [info] [device_internal.cpp:57] [configure] Configuring HEF took 32.884679 milliseconds
[2026-04-03 00:11:27.508] [32091] [HailoRT] [info] [vdevice.cpp:749] [configure] Configuring HEF on VDevice took 33.4751 milliseconds
[2026-04-03 00:11:27.508] [32091] [HailoRT] [info] [infer_model.cpp:436] [configure] Configuring network group 'yolov8s_pose' with params: batch size: 1, power mode: PERFORMANCE, latency: NONE
[2026-04-03 00:11:27.509] [32091] [HailoRT] [info] [multi_io_elements.cpp:756] [create] Created (AsyncHwEl)
[2026-04-03 00:11:27.509] [32091] [HailoRT] [info] [queue_elements.cpp:450] [create] Created (EntryPushQEl0yolov8s_pose/input_layer1 | timeout: 10s)
[2026-04-03 00:11:27.509] [32091] [HailoRT] [info] [queue_elements.cpp:450] [create] Created (PushQEl3AsyncHwEl | timeout: 10s)
[2026-04-03 00:11:27.509] [32091] [HailoRT] [info] [filter_elements.cpp:375] [create] Created (PostInferEl3AsyncHwEl | Quantization - src_type: UINT8, dst_type FLOAT32, limvals_min: -6.02712, limvals_max: 11.844)
[2026-04-03 00:11:27.509] [32091] [HailoRT] [info] [edge_elements.cpp:187] [create] Created (LastAsyncEl0PostInferEl3AsyncHwEl)
[2026-04-03 00:11:27.510] [32091] [HailoRT] [info] [queue_elements.cpp:450] [create] Created (PushQEl4AsyncHwEl | timeout: 10s)
[2026-04-03 00:11:27.510] [32091] [HailoRT] [info] [filter_elements.cpp:375] [create] Created (PostInferEl4AsyncHwEl | Quantization - src_type: UINT8, dst_type FLOAT32, limvals_min: -9.25656, limvals_max: 9.32945 | Reorder - src_order: FCR, src_shape: (20, 20, 56), dst_order: FCR, dst_shape: (20, 20, 51))
[2026-04-03 00:11:27.510] [32091] [HailoRT] [info] [edge_elements.cpp:187] [create] Created (LastAsyncEl0PostInferEl4AsyncHwEl)
[2026-04-03 00:11:27.510] [32091] [HailoRT] [info] [queue_elements.cpp:450] [create] Created (PushQEl5AsyncHwEl | timeout: 10s)
[2026-04-03 00:11:27.510] [32091] [HailoRT] [info] [filter_elements.cpp:375] [create] Created (PostInferEl5AsyncHwEl | Quantization - src_type: UINT8, dst_type FLOAT32, limvals_min: -5.14938, limvals_max: 13.8809)
[2026-04-03 00:11:27.510] [32091] [HailoRT] [info] [edge_elements.cpp:187] [create] Created (LastAsyncEl0PostInferEl5AsyncHwEl)
[2026-04-03 00:11:27.510] [32091] [HailoRT] [info] [queue_elements.cpp:450] [create] Created (PushQEl0AsyncHwEl | timeout: 10s)
[2026-04-03 00:11:27.510] [32091] [HailoRT] [info] [filter_elements.cpp:375] [create] Created (PostInferEl0AsyncHwEl | Quantization - src_type: UINT8, dst_type FLOAT32, limvals_min: 0, limvals_max: 0.927867)
[2026-04-03 00:11:27.510] [32091] [HailoRT] [info] [edge_elements.cpp:187] [create] Created (LastAsyncEl0PostInferEl0AsyncHwEl)
[2026-04-03 00:11:27.511] [32091] [HailoRT] [info] [queue_elements.cpp:450] [create] Created (PushQEl1AsyncHwEl | timeout: 10s)
[2026-04-03 00:11:27.511] [32091] [HailoRT] [info] [filter_elements.cpp:375] [create] Created (PostInferEl1AsyncHwEl | Quantization - src_type: UINT8, dst_type FLOAT32, limvals_min: -5.39702, limvals_max: 12.7114)
[2026-04-03 00:11:27.511] [32091] [HailoRT] [info] [edge_elements.cpp:187] [create] Created (LastAsyncEl0PostInferEl1AsyncHwEl)
[2026-04-03 00:11:27.511] [32091] [HailoRT] [info] [queue_elements.cpp:450] [create] Created (PushQEl2AsyncHwEl | timeout: 10s)
[2026-04-03 00:11:27.511] [32091] [HailoRT] [info] [filter_elements.cpp:375] [create] Created (PostInferEl2AsyncHwEl | Quantization - src_type: UINT8, dst_type FLOAT32, limvals_min: 0, limvals_max: 0.820417)
[2026-04-03 00:11:27.511] [32091] [HailoRT] [info] [edge_elements.cpp:187] [create] Created (LastAsyncEl0PostInferEl2AsyncHwEl)
[2026-04-03 00:11:27.511] [32091] [HailoRT] [info] [queue_elements.cpp:450] [create] Created (PushQEl7AsyncHwEl | timeout: 10s)
[2026-04-03 00:11:27.511] [32091] [HailoRT] [info] [filter_elements.cpp:375] [create] Created (PostInferEl7AsyncHwEl | Quantization - src_type: UINT8, dst_type FLOAT32, limvals_min: -11.0503, limvals_max: 6.78402 | Reorder - src_order: FCR, src_shape: (40, 40, 56), dst_order: FCR, dst_shape: (40, 40, 51))
[2026-04-03 00:11:27.511] [32091] [HailoRT] [info] [edge_elements.cpp:187] [create] Created (LastAsyncEl0PostInferEl7AsyncHwEl)
[2026-04-03 00:11:27.512] [32091] [HailoRT] [info] [queue_elements.cpp:450] [create] Created (PushQEl8AsyncHwEl | timeout: 10s)
[2026-04-03 00:11:27.512] [32091] [HailoRT] [info] [filter_elements.cpp:375] [create] Created (PostInferEl8AsyncHwEl | Quantization - src_type: UINT8, dst_type FLOAT32, limvals_min: 0, limvals_max: 0.617845)
[2026-04-03 00:11:27.512] [32091] [HailoRT] [info] [edge_elements.cpp:187] [create] Created (LastAsyncEl0PostInferEl8AsyncHwEl)
[2026-04-03 00:11:27.512] [32091] [HailoRT] [info] [queue_elements.cpp:450] [create] Created (PushQEl6AsyncHwEl | timeout: 10s)
[2026-04-03 00:11:27.512] [32091] [HailoRT] [info] [filter_elements.cpp:375] [create] Created (PostInferEl6AsyncHwEl | Quantization - src_type: UINT8, dst_type FLOAT32, limvals_min: -7.42123, limvals_max: 5.81243 | Reorder - src_order: FCR, src_shape: (80, 80, 56), dst_order: FCR, dst_shape: (80, 80, 51))
[2026-04-03 00:11:27.512] [32091] [HailoRT] [info] [edge_elements.cpp:187] [create] Created (LastAsyncEl0PostInferEl6AsyncHwEl)
[2026-04-03 00:11:27.512] [32091] [HailoRT] [info] [pipeline.cpp:891] [print_deep_description] EntryPushQEl0yolov8s_pose/input_layer1 | inputs: user | outputs: AsyncHwEl(running in thread_id: 32104)
[2026-04-03 00:11:27.512] [32091] [HailoRT] [info] [pipeline.cpp:891] [print_deep_description] AsyncHwEl | inputs: EntryPushQEl0yolov8s_pose/input_layer1[0] | outputs: PushQEl0AsyncHwEl PushQEl1AsyncHwEl PushQEl2AsyncHwEl PushQEl3AsyncHwEl PushQEl4AsyncHwEl PushQEl5AsyncHwEl PushQEl6AsyncHwEl PushQEl7AsyncHwEl PushQEl8AsyncHwEl
[2026-04-03 00:11:27.512] [32091] [HailoRT] [info] [pipeline.cpp:891] [print_deep_description] PushQEl0AsyncHwEl | inputs: AsyncHwEl[0] | outputs: PostInferEl0AsyncHwEl(running in thread_id: 32108)
[2026-04-03 00:11:27.512] [32091] [HailoRT] [info] [pipeline.cpp:891] [print_deep_description] PostInferEl0AsyncHwEl | inputs: PushQEl0AsyncHwEl[0] | outputs: LastAsyncEl0PostInferEl0AsyncHwEl
[2026-04-03 00:11:27.512] [32091] [HailoRT] [info] [pipeline.cpp:891] [print_deep_description] LastAsyncEl0PostInferEl0AsyncHwEl | inputs: PostInferEl0AsyncHwEl[0] | outputs: user
[2026-04-03 00:11:27.512] [32091] [HailoRT] [info] [pipeline.cpp:891] [print_deep_description] PushQEl1AsyncHwEl | inputs: AsyncHwEl[0] | outputs: PostInferEl1AsyncHwEl(running in thread_id: 32109)
[2026-04-03 00:11:27.512] [32091] [HailoRT] [info] [pipeline.cpp:891] [print_deep_description] PostInferEl1AsyncHwEl | inputs: PushQEl1AsyncHwEl[0] | outputs: LastAsyncEl0PostInferEl1AsyncHwEl
[2026-04-03 00:11:27.512] [32091] [HailoRT] [info] [pipeline.cpp:891] [print_deep_description] LastAsyncEl0PostInferEl1AsyncHwEl | inputs: PostInferEl1AsyncHwEl[0] | outputs: user
[2026-04-03 00:11:27.512] [32091] [HailoRT] [info] [pipeline.cpp:891] [print_deep_description] PushQEl2AsyncHwEl | inputs: AsyncHwEl[0] | outputs: PostInferEl2AsyncHwEl(running in thread_id: 32110)
[2026-04-03 00:11:27.512] [32091] [HailoRT] [info] [pipeline.cpp:891] [print_deep_description] PostInferEl2AsyncHwEl | inputs: PushQEl2AsyncHwEl[0] | outputs: LastAsyncEl0PostInferEl2AsyncHwEl
[2026-04-03 00:11:27.512] [32091] [HailoRT] [info] [pipeline.cpp:891] [print_deep_description] LastAsyncEl0PostInferEl2AsyncHwEl | inputs: PostInferEl2AsyncHwEl[0] | outputs: user
[2026-04-03 00:11:27.512] [32091] [HailoRT] [info] [pipeline.cpp:891] [print_deep_description] PushQEl3AsyncHwEl | inputs: AsyncHwEl[0] | outputs: PostInferEl3AsyncHwEl(running in thread_id: 32105)
[2026-04-03 00:11:27.512] [32091] [HailoRT] [info] [pipeline.cpp:891] [print_deep_description] PostInferEl3AsyncHwEl | inputs: PushQEl3AsyncHwEl[0] | outputs: LastAsyncEl0PostInferEl3AsyncHwEl
[2026-04-03 00:11:27.512] [32091] [HailoRT] [info] [pipeline.cpp:891] [print_deep_description] LastAsyncEl0PostInferEl3AsyncHwEl | inputs: PostInferEl3AsyncHwEl[0] | outputs: user
[2026-04-03 00:11:27.512] [32091] [HailoRT] [info] [pipeline.cpp:891] [print_deep_description] PushQEl4AsyncHwEl | inputs: AsyncHwEl[0] | outputs: PostInferEl4AsyncHwEl(running in thread_id: 32106)
[2026-04-03 00:11:27.512] [32091] [HailoRT] [info] [pipeline.cpp:891] [print_deep_description] PostInferEl4AsyncHwEl | inputs: PushQEl4AsyncHwEl[0] | outputs: LastAsyncEl0PostInferEl4AsyncHwEl
[2026-04-03 00:11:27.512] [32091] [HailoRT] [info] [pipeline.cpp:891] [print_deep_description] LastAsyncEl0PostInferEl4AsyncHwEl | inputs: PostInferEl4AsyncHwEl[0] | outputs: user
[2026-04-03 00:11:27.512] [32091] [HailoRT] [info] [pipeline.cpp:891] [print_deep_description] PushQEl5AsyncHwEl | inputs: AsyncHwEl[0] | outputs: PostInferEl5AsyncHwEl(running in thread_id: 32107)
[2026-04-03 00:11:27.512] [32091] [HailoRT] [info] [pipeline.cpp:891] [print_deep_description] PostInferEl5AsyncHwEl | inputs: PushQEl5AsyncHwEl[0] | outputs: LastAsyncEl0PostInferEl5AsyncHwEl
[2026-04-03 00:11:27.512] [32091] [HailoRT] [info] [pipeline.cpp:891] [print_deep_description] LastAsyncEl0PostInferEl5AsyncHwEl | inputs: PostInferEl5AsyncHwEl[0] | outputs: user
[2026-04-03 00:11:27.512] [32091] [HailoRT] [info] [pipeline.cpp:891] [print_deep_description] PushQEl6AsyncHwEl | inputs: AsyncHwEl[0] | outputs: PostInferEl6AsyncHwEl(running in thread_id: 32113)
[2026-04-03 00:11:27.512] [32091] [HailoRT] [info] [pipeline.cpp:891] [print_deep_description] PostInferEl6AsyncHwEl | inputs: PushQEl6AsyncHwEl[0] | outputs: LastAsyncEl0PostInferEl6AsyncHwEl
[2026-04-03 00:11:27.512] [32091] [HailoRT] [info] [pipeline.cpp:891] [print_deep_description] LastAsyncEl0PostInferEl6AsyncHwEl | inputs: PostInferEl6AsyncHwEl[0] | outputs: user
[2026-04-03 00:11:27.512] [32091] [HailoRT] [info] [pipeline.cpp:891] [print_deep_description] PushQEl7AsyncHwEl | inputs: AsyncHwEl[0] | outputs: PostInferEl7AsyncHwEl(running in thread_id: 32111)
[2026-04-03 00:11:27.512] [32091] [HailoRT] [info] [pipeline.cpp:891] [print_deep_description] PostInferEl7AsyncHwEl | inputs: PushQEl7AsyncHwEl[0] | outputs: LastAsyncEl0PostInferEl7AsyncHwEl
[2026-04-03 00:11:27.512] [32091] [HailoRT] [info] [pipeline.cpp:891] [print_deep_description] LastAsyncEl0PostInferEl7AsyncHwEl | inputs: PostInferEl7AsyncHwEl[0] | outputs: user
[2026-04-03 00:11:27.512] [32091] [HailoRT] [info] [pipeline.cpp:891] [print_deep_description] PushQEl8AsyncHwEl | inputs: AsyncHwEl[0] | outputs: PostInferEl8AsyncHwEl(running in thread_id: 32112)
[2026-04-03 00:11:27.512] [32091] [HailoRT] [info] [pipeline.cpp:891] [print_deep_description] PostInferEl8AsyncHwEl | inputs: PushQEl8AsyncHwEl[0] | outputs: LastAsyncEl0PostInferEl8AsyncHwEl
[2026-04-03 00:11:27.512] [32091] [HailoRT] [info] [pipeline.cpp:891] [print_deep_description] LastAsyncEl0PostInferEl8AsyncHwEl | inputs: PostInferEl8AsyncHwEl[0] | outputs: user
[2026-04-03 00:11:31.288] [32091] [HailoRT] [info] [async_infer_runner.cpp:86] [shutdown] Pipeline was aborted. Shutting it down
[2026-04-03 00:11:31.288] [32091] [HailoRT] [info] [async_infer_runner.cpp:86] [shutdown] Pipeline was aborted. Shutting it down
[2026-04-03 00:11:31.288] [32091] [HailoRT] [info] [queue_elements.cpp:570] [execute_deactivate] enqueue() in element PushQEl0AsyncHwEl was aborted, got status = HAILO_SHUTDOWN_EVENT_SIGNALED(57)
[2026-04-03 00:11:31.288] [32091] [HailoRT] [info] [queue_elements.cpp:570] [execute_deactivate] enqueue() in element PushQEl1AsyncHwEl was aborted, got status = HAILO_SHUTDOWN_EVENT_SIGNALED(57)
[2026-04-03 00:11:31.288] [32091] [HailoRT] [info] [queue_elements.cpp:570] [execute_deactivate] enqueue() in element PushQEl2AsyncHwEl was aborted, got status = HAILO_SHUTDOWN_EVENT_SIGNALED(57)
[2026-04-03 00:11:31.288] [32091] [HailoRT] [info] [queue_elements.cpp:570] [execute_deactivate] enqueue() in element PushQEl3AsyncHwEl was aborted, got status = HAILO_SHUTDOWN_EVENT_SIGNALED(57)
[2026-04-03 00:11:31.288] [32091] [HailoRT] [info] [queue_elements.cpp:570] [execute_deactivate] enqueue() in element PushQEl4AsyncHwEl was aborted, got status = HAILO_SHUTDOWN_EVENT_SIGNALED(57)
[2026-04-03 00:11:31.288] [32091] [HailoRT] [info] [queue_elements.cpp:570] [execute_deactivate] enqueue() in element PushQEl5AsyncHwEl was aborted, got status = HAILO_SHUTDOWN_EVENT_SIGNALED(57)
[2026-04-03 00:11:31.288] [32091] [HailoRT] [info] [queue_elements.cpp:570] [execute_deactivate] enqueue() in element PushQEl6AsyncHwEl was aborted, got status = HAILO_SHUTDOWN_EVENT_SIGNALED(57)
[2026-04-03 00:11:31.288] [32091] [HailoRT] [info] [queue_elements.cpp:570] [execute_deactivate] enqueue() in element PushQEl7AsyncHwEl was aborted, got status = HAILO_SHUTDOWN_EVENT_SIGNALED(57)
[2026-04-03 00:11:31.288] [32091] [HailoRT] [info] [queue_elements.cpp:570] [execute_deactivate] enqueue() in element PushQEl8AsyncHwEl was aborted, got status = HAILO_SHUTDOWN_EVENT_SIGNALED(57)
[2026-04-03 00:11:31.288] [32091] [HailoRT] [info] [queue_elements.cpp:570] [execute_deactivate] enqueue() in element EntryPushQEl0yolov8s_pose/input_layer1 was aborted, got status = HAILO_SHUTDOWN_EVENT_SIGNALED(57)
[2026-04-03 00:11:31.288] [32091] [HailoRT] [info] [queue_elements.cpp:46] [~BaseQueueElement] Queue element EntryPushQEl0yolov8s_pose/input_layer1 has 0 frames in his Queue on destruction
[2026-04-03 00:11:31.288] [32091] [HailoRT] [info] [queue_elements.cpp:46] [~BaseQueueElement] Queue element PushQEl3AsyncHwEl has 0 frames in his Queue on destruction
[2026-04-03 00:11:31.288] [32091] [HailoRT] [info] [queue_elements.cpp:46] [~BaseQueueElement] Queue element PushQEl4AsyncHwEl has 0 frames in his Queue on destruction
[2026-04-03 00:11:31.288] [32091] [HailoRT] [info] [queue_elements.cpp:46] [~BaseQueueElement] Queue element PushQEl5AsyncHwEl has 0 frames in his Queue on destruction
[2026-04-03 00:11:31.288] [32091] [HailoRT] [info] [queue_elements.cpp:46] [~BaseQueueElement] Queue element PushQEl0AsyncHwEl has 0 frames in his Queue on destruction
[2026-04-03 00:11:31.288] [32091] [HailoRT] [info] [queue_elements.cpp:46] [~BaseQueueElement] Queue element PushQEl1AsyncHwEl has 0 frames in his Queue on destruction
[2026-04-03 00:11:31.289] [32091] [HailoRT] [info] [queue_elements.cpp:46] [~BaseQueueElement] Queue element PushQEl2AsyncHwEl has 0 frames in his Queue on destruction
[2026-04-03 00:11:31.289] [32091] [HailoRT] [info] [queue_elements.cpp:46] [~BaseQueueElement] Queue element PushQEl7AsyncHwEl has 0 frames in his Queue on destruction
[2026-04-03 00:11:31.289] [32091] [HailoRT] [info] [queue_elements.cpp:46] [~BaseQueueElement] Queue element PushQEl8AsyncHwEl has 0 frames in his Queue on destruction
[2026-04-03 00:11:31.289] [32091] [HailoRT] [info] [queue_elements.cpp:46] [~BaseQueueElement] Queue element PushQEl6AsyncHwEl has 0 frames in his Queue on destruction
[2026-04-03 00:11:47.372] [32207] [HailoRT] [info] [vdevice.cpp:523] [create] Creating vdevice with params: device_count: 1, scheduling_algorithm: ROUND_ROBIN, multi_process_service: false
[2026-04-03 00:11:47.386] [32207] [HailoRT] [info] [device.cpp:49] [Device] OS Version: Linux 6.12.62+rpt-rpi-2712 #1 SMP PREEMPT Debian 1:6.12.62-1+rpt1~bookworm (2026-01-19) aarch64
[2026-04-03 00:11:47.392] [32207] [HailoRT] [info] [control.cpp:108] [control__parse_identify_results] firmware_version is: 4.20.0
[2026-04-03 00:11:47.392] [32207] [HailoRT] [info] [vdevice.cpp:651] [create] VDevice Infos: 0001:01:00.0
[2026-04-03 00:11:47.511] [32207] [HailoRT] [info] [hef.cpp:1929] [get_network_group_and_network_name] No name was given. Addressing all networks of default network_group: yolov8s_pose
[2026-04-03 00:11:47.511] [32207] [HailoRT] [info] [hef.cpp:1929] [get_network_group_and_network_name] No name was given. Addressing all networks of default network_group: yolov8s_pose
[2026-04-03 00:11:47.511] [32207] [HailoRT] [info] [hef.cpp:1929] [get_network_group_and_network_name] No name was given. Addressing all networks of default network_group: yolov8s_pose
[2026-04-03 00:11:47.511] [32207] [HailoRT] [info] [hef.cpp:1929] [get_network_group_and_network_name] No name was given. Addressing all networks of default network_group: yolov8s_pose
[2026-04-03 00:11:47.512] [32207] [HailoRT] [info] [hef.cpp:1929] [get_network_group_and_network_name] No name was given. Addressing all networks of default network_group: yolov8s_pose
[2026-04-03 00:11:47.512] [32207] [HailoRT] [warning] [device_internal.cpp:616] [check_hef_is_compatible] HEF was compiled for Hailo8L device, while the device itself is Hailo8. This will result in lower performance.
[2026-04-03 00:11:47.512] [32207] [HailoRT] [warning] [device_internal.cpp:616] [check_hef_is_compatible] HEF was compiled for Hailo8L device, while the device itself is Hailo8. This will result in lower performance.
[2026-04-03 00:11:47.520] [32207] [HailoRT] [info] [internal_buffer_manager.cpp:204] [print_execution_results] Planned internal buffer memory: CMA memory 0, user memory 3321344. memory to edge layer usage factor is 0.93083656
[2026-04-03 00:11:47.520] [32207] [HailoRT] [info] [internal_buffer_manager.cpp:212] [print_execution_results] Default Internal buffer planner executed successfully
[2026-04-03 00:11:47.554] [32207] [HailoRT] [info] [device_internal.cpp:57] [configure] Configuring HEF took 42.102853 milliseconds
[2026-04-03 00:11:47.554] [32207] [HailoRT] [info] [vdevice.cpp:749] [configure] Configuring HEF on VDevice took 42.593054 milliseconds
[2026-04-03 00:11:47.554] [32207] [HailoRT] [info] [infer_model.cpp:436] [configure] Configuring network group 'yolov8s_pose' with params: batch size: 1, power mode: PERFORMANCE, latency: NONE
[2026-04-03 00:11:47.554] [32207] [HailoRT] [info] [multi_io_elements.cpp:756] [create] Created (AsyncHwEl)
[2026-04-03 00:11:47.555] [32207] [HailoRT] [info] [queue_elements.cpp:450] [create] Created (EntryPushQEl0yolov8s_pose/input_layer1 | timeout: 10s)
[2026-04-03 00:11:47.555] [32207] [HailoRT] [info] [queue_elements.cpp:450] [create] Created (PushQEl3AsyncHwEl | timeout: 10s)
[2026-04-03 00:11:47.555] [32207] [HailoRT] [info] [filter_elements.cpp:375] [create] Created (PostInferEl3AsyncHwEl | Quantization - src_type: UINT8, dst_type FLOAT32, limvals_min: -6.02712, limvals_max: 11.844)
[2026-04-03 00:11:47.555] [32207] [HailoRT] [info] [edge_elements.cpp:187] [create] Created (LastAsyncEl0PostInferEl3AsyncHwEl)
[2026-04-03 00:11:47.555] [32207] [HailoRT] [info] [queue_elements.cpp:450] [create] Created (PushQEl4AsyncHwEl | timeout: 10s)
[2026-04-03 00:11:47.555] [32207] [HailoRT] [info] [filter_elements.cpp:375] [create] Created (PostInferEl4AsyncHwEl | Quantization - src_type: UINT8, dst_type FLOAT32, limvals_min: -9.25656, limvals_max: 9.32945 | Reorder - src_order: FCR, src_shape: (20, 20, 56), dst_order: FCR, dst_shape: (20, 20, 51))
[2026-04-03 00:11:47.555] [32207] [HailoRT] [info] [edge_elements.cpp:187] [create] Created (LastAsyncEl0PostInferEl4AsyncHwEl)
[2026-04-03 00:11:47.555] [32207] [HailoRT] [info] [queue_elements.cpp:450] [create] Created (PushQEl5AsyncHwEl | timeout: 10s)
[2026-04-03 00:11:47.555] [32207] [HailoRT] [info] [filter_elements.cpp:375] [create] Created (PostInferEl5AsyncHwEl | Quantization - src_type: UINT8, dst_type FLOAT32, limvals_min: -5.14938, limvals_max: 13.8809)
[2026-04-03 00:11:47.555] [32207] [HailoRT] [info] [edge_elements.cpp:187] [create] Created (LastAsyncEl0PostInferEl5AsyncHwEl)
[2026-04-03 00:11:47.555] [32207] [HailoRT] [info] [queue_elements.cpp:450] [create] Created (PushQEl0AsyncHwEl | timeout: 10s)
[2026-04-03 00:11:47.555] [32207] [HailoRT] [info] [filter_elements.cpp:375] [create] Created (PostInferEl0AsyncHwEl | Quantization - src_type: UINT8, dst_type FLOAT32, limvals_min: 0, limvals_max: 0.927867)
[2026-04-03 00:11:47.555] [32207] [HailoRT] [info] [edge_elements.cpp:187] [create] Created (LastAsyncEl0PostInferEl0AsyncHwEl)
[2026-04-03 00:11:47.556] [32207] [HailoRT] [info] [queue_elements.cpp:450] [create] Created (PushQEl1AsyncHwEl | timeout: 10s)
[2026-04-03 00:11:47.556] [32207] [HailoRT] [info] [filter_elements.cpp:375] [create] Created (PostInferEl1AsyncHwEl | Quantization - src_type: UINT8, dst_type FLOAT32, limvals_min: -5.39702, limvals_max: 12.7114)
[2026-04-03 00:11:47.556] [32207] [HailoRT] [info] [edge_elements.cpp:187] [create] Created (LastAsyncEl0PostInferEl1AsyncHwEl)
[2026-04-03 00:11:47.556] [32207] [HailoRT] [info] [queue_elements.cpp:450] [create] Created (PushQEl2AsyncHwEl | timeout: 10s)
[2026-04-03 00:11:47.556] [32207] [HailoRT] [info] [filter_elements.cpp:375] [create] Created (PostInferEl2AsyncHwEl | Quantization - src_type: UINT8, dst_type FLOAT32, limvals_min: 0, limvals_max: 0.820417)
[2026-04-03 00:11:47.556] [32207] [HailoRT] [info] [edge_elements.cpp:187] [create] Created (LastAsyncEl0PostInferEl2AsyncHwEl)
[2026-04-03 00:11:47.556] [32207] [HailoRT] [info] [queue_elements.cpp:450] [create] Created (PushQEl7AsyncHwEl | timeout: 10s)
[2026-04-03 00:11:47.556] [32207] [HailoRT] [info] [filter_elements.cpp:375] [create] Created (PostInferEl7AsyncHwEl | Quantization - src_type: UINT8, dst_type FLOAT32, limvals_min: -11.0503, limvals_max: 6.78402 | Reorder - src_order: FCR, src_shape: (40, 40, 56), dst_order: FCR, dst_shape: (40, 40, 51))
[2026-04-03 00:11:47.556] [32207] [HailoRT] [info] [edge_elements.cpp:187] [create] Created (LastAsyncEl0PostInferEl7AsyncHwEl)
[2026-04-03 00:11:47.556] [32207] [HailoRT] [info] [queue_elements.cpp:450] [create] Created (PushQEl8AsyncHwEl | timeout: 10s)
[2026-04-03 00:11:47.556] [32207] [HailoRT] [info] [filter_elements.cpp:375] [create] Created (PostInferEl8AsyncHwEl | Quantization - src_type: UINT8, dst_type FLOAT32, limvals_min: 0, limvals_max: 0.617845)
[2026-04-03 00:11:47.556] [32207] [HailoRT] [info] [edge_elements.cpp:187] [create] Created (LastAsyncEl0PostInferEl8AsyncHwEl)
[2026-04-03 00:11:47.557] [32207] [HailoRT] [info] [queue_elements.cpp:450] [create] Created (PushQEl6AsyncHwEl | timeout: 10s)
[2026-04-03 00:11:47.557] [32207] [HailoRT] [info] [filter_elements.cpp:375] [create] Created (PostInferEl6AsyncHwEl | Quantization - src_type: UINT8, dst_type FLOAT32, limvals_min: -7.42123, limvals_max: 5.81243 | Reorder - src_order: FCR, src_shape: (80, 80, 56), dst_order: FCR, dst_shape: (80, 80, 51))
[2026-04-03 00:11:47.557] [32207] [HailoRT] [info] [edge_elements.cpp:187] [create] Created (LastAsyncEl0PostInferEl6AsyncHwEl)
[2026-04-03 00:11:47.557] [32207] [HailoRT] [info] [pipeline.cpp:891] [print_deep_description] EntryPushQEl0yolov8s_pose/input_layer1 | inputs: user | outputs: AsyncHwEl(running in thread_id: 32215)
[2026-04-03 00:11:47.557] [32207] [HailoRT] [info] [pipeline.cpp:891] [print_deep_description] AsyncHwEl | inputs: EntryPushQEl0yolov8s_pose/input_layer1[0] | outputs: PushQEl0AsyncHwEl PushQEl1AsyncHwEl PushQEl2AsyncHwEl PushQEl3AsyncHwEl PushQEl4AsyncHwEl PushQEl5AsyncHwEl PushQEl6AsyncHwEl PushQEl7AsyncHwEl PushQEl8AsyncHwEl
[2026-04-03 00:11:47.557] [32207] [HailoRT] [info] [pipeline.cpp:891] [print_deep_description] PushQEl0AsyncHwEl | inputs: AsyncHwEl[0] | outputs: PostInferEl0AsyncHwEl(running in thread_id: 32219)
[2026-04-03 00:11:47.557] [32207] [HailoRT] [info] [pipeline.cpp:891] [print_deep_description] PostInferEl0AsyncHwEl | inputs: PushQEl0AsyncHwEl[0] | outputs: LastAsyncEl0PostInferEl0AsyncHwEl
[2026-04-03 00:11:47.557] [32207] [HailoRT] [info] [pipeline.cpp:891] [print_deep_description] LastAsyncEl0PostInferEl0AsyncHwEl | inputs: PostInferEl0AsyncHwEl[0] | outputs: user
[2026-04-03 00:11:47.557] [32207] [HailoRT] [info] [pipeline.cpp:891] [print_deep_description] PushQEl1AsyncHwEl | inputs: AsyncHwEl[0] | outputs: PostInferEl1AsyncHwEl(running in thread_id: 32220)
[2026-04-03 00:11:47.557] [32207] [HailoRT] [info] [pipeline.cpp:891] [print_deep_description] PostInferEl1AsyncHwEl | inputs: PushQEl1AsyncHwEl[0] | outputs: LastAsyncEl0PostInferEl1AsyncHwEl
[2026-04-03 00:11:47.557] [32207] [HailoRT] [info] [pipeline.cpp:891] [print_deep_description] LastAsyncEl0PostInferEl1AsyncHwEl | inputs: PostInferEl1AsyncHwEl[0] | outputs: user
[2026-04-03 00:11:47.557] [32207] [HailoRT] [info] [pipeline.cpp:891] [print_deep_description] PushQEl2AsyncHwEl | inputs: AsyncHwEl[0] | outputs: PostInferEl2AsyncHwEl(running in thread_id: 32221)
[2026-04-03 00:11:47.557] [32207] [HailoRT] [info] [pipeline.cpp:891] [print_deep_description] PostInferEl2AsyncHwEl | inputs: PushQEl2AsyncHwEl[0] | outputs: LastAsyncEl0PostInferEl2AsyncHwEl
[2026-04-03 00:11:47.557] [32207] [HailoRT] [info] [pipeline.cpp:891] [print_deep_description] LastAsyncEl0PostInferEl2AsyncHwEl | inputs: PostInferEl2AsyncHwEl[0] | outputs: user
[2026-04-03 00:11:47.557] [32207] [HailoRT] [info] [pipeline.cpp:891] [print_deep_description] PushQEl3AsyncHwEl | inputs: AsyncHwEl[0] | outputs: PostInferEl3AsyncHwEl(running in thread_id: 32216)
[2026-04-03 00:11:47.557] [32207] [HailoRT] [info] [pipeline.cpp:891] [print_deep_description] PostInferEl3AsyncHwEl | inputs: PushQEl3AsyncHwEl[0] | outputs: LastAsyncEl0PostInferEl3AsyncHwEl
[2026-04-03 00:11:47.557] [32207] [HailoRT] [info] [pipeline.cpp:891] [print_deep_description] LastAsyncEl0PostInferEl3AsyncHwEl | inputs: PostInferEl3AsyncHwEl[0] | outputs: user
[2026-04-03 00:11:47.557] [32207] [HailoRT] [info] [pipeline.cpp:891] [print_deep_description] PushQEl4AsyncHwEl | inputs: AsyncHwEl[0] | outputs: PostInferEl4AsyncHwEl(running in thread_id: 32217)
[2026-04-03 00:11:47.557] [32207] [HailoRT] [info] [pipeline.cpp:891] [print_deep_description] PostInferEl4AsyncHwEl | inputs: PushQEl4AsyncHwEl[0] | outputs: LastAsyncEl0PostInferEl4AsyncHwEl
[2026-04-03 00:11:47.557] [32207] [HailoRT] [info] [pipeline.cpp:891] [print_deep_description] LastAsyncEl0PostInferEl4AsyncHwEl | inputs: PostInferEl4AsyncHwEl[0] | outputs: user
[2026-04-03 00:11:47.557] [32207] [HailoRT] [info] [pipeline.cpp:891] [print_deep_description] PushQEl5AsyncHwEl | inputs: AsyncHwEl[0] | outputs: PostInferEl5AsyncHwEl(running in thread_id: 32218)
[2026-04-03 00:11:47.557] [32207] [HailoRT] [info] [pipeline.cpp:891] [print_deep_description] PostInferEl5AsyncHwEl | inputs: PushQEl5AsyncHwEl[0] | outputs: LastAsyncEl0PostInferEl5AsyncHwEl
[2026-04-03 00:11:47.557] [32207] [HailoRT] [info] [pipeline.cpp:891] [print_deep_description] LastAsyncEl0PostInferEl5AsyncHwEl | inputs: PostInferEl5AsyncHwEl[0] | outputs: user
[2026-04-03 00:11:47.557] [32207] [HailoRT] [info] [pipeline.cpp:891] [print_deep_description] PushQEl6AsyncHwEl | inputs: AsyncHwEl[0] | outputs: PostInferEl6AsyncHwEl(running in thread_id: 32224)
[2026-04-03 00:11:47.557] [32207] [HailoRT] [info] [pipeline.cpp:891] [print_deep_description] PostInferEl6AsyncHwEl | inputs: PushQEl6AsyncHwEl[0] | outputs: LastAsyncEl0PostInferEl6AsyncHwEl
[2026-04-03 00:11:47.557] [32207] [HailoRT] [info] [pipeline.cpp:891] [print_deep_description] LastAsyncEl0PostInferEl6AsyncHwEl | inputs: PostInferEl6AsyncHwEl[0] | outputs: user
[2026-04-03 00:11:47.557] [32207] [HailoRT] [info] [pipeline.cpp:891] [print_deep_description] PushQEl7AsyncHwEl | inputs: AsyncHwEl[0] | outputs: PostInferEl7AsyncHwEl(running in thread_id: 32222)
[2026-04-03 00:11:47.557] [32207] [HailoRT] [info] [pipeline.cpp:891] [print_deep_description] PostInferEl7AsyncHwEl | inputs: PushQEl7AsyncHwEl[0] | outputs: LastAsyncEl0PostInferEl7AsyncHwEl
[2026-04-03 00:11:47.557] [32207] [HailoRT] [info] [pipeline.cpp:891] [print_deep_description] LastAsyncEl0PostInferEl7AsyncHwEl | inputs: PostInferEl7AsyncHwEl[0] | outputs: user
[2026-04-03 00:11:47.557] [32207] [HailoRT] [info] [pipeline.cpp:891] [print_deep_description] PushQEl8AsyncHwEl | inputs: AsyncHwEl[0] | outputs: PostInferEl8AsyncHwEl(running in thread_id: 32223)
[2026-04-03 00:11:47.557] [32207] [HailoRT] [info] [pipeline.cpp:891] [print_deep_description] PostInferEl8AsyncHwEl | inputs: PushQEl8AsyncHwEl[0] | outputs: LastAsyncEl0PostInferEl8AsyncHwEl
[2026-04-03 00:11:47.557] [32207] [HailoRT] [info] [pipeline.cpp:891] [print_deep_description] LastAsyncEl0PostInferEl8AsyncHwEl | inputs: PostInferEl8AsyncHwEl[0] | outputs: user
[2026-04-03 00:11:49.847] [32207] [HailoRT] [info] [async_infer_runner.cpp:86] [shutdown] Pipeline was aborted. Shutting it down
[2026-04-03 00:11:49.847] [32207] [HailoRT] [info] [async_infer_runner.cpp:86] [shutdown] Pipeline was aborted. Shutting it down
[2026-04-03 00:11:49.847] [32207] [HailoRT] [info] [queue_elements.cpp:570] [execute_deactivate] enqueue() in element PushQEl0AsyncHwEl was aborted, got status = HAILO_SHUTDOWN_EVENT_SIGNALED(57)
[2026-04-03 00:11:49.847] [32207] [HailoRT] [info] [queue_elements.cpp:570] [execute_deactivate] enqueue() in element PushQEl1AsyncHwEl was aborted, got status = HAILO_SHUTDOWN_EVENT_SIGNALED(57)
[2026-04-03 00:11:49.848] [32207] [HailoRT] [info] [queue_elements.cpp:570] [execute_deactivate] enqueue() in element PushQEl2AsyncHwEl was aborted, got status = HAILO_SHUTDOWN_EVENT_SIGNALED(57)
[2026-04-03 00:11:49.848] [32207] [HailoRT] [info] [queue_elements.cpp:570] [execute_deactivate] enqueue() in element PushQEl3AsyncHwEl was aborted, got status = HAILO_SHUTDOWN_EVENT_SIGNALED(57)
[2026-04-03 00:11:49.848] [32207] [HailoRT] [info] [queue_elements.cpp:570] [execute_deactivate] enqueue() in element PushQEl4AsyncHwEl was aborted, got status = HAILO_SHUTDOWN_EVENT_SIGNALED(57)
[2026-04-03 00:11:49.848] [32207] [HailoRT] [info] [queue_elements.cpp:570] [execute_deactivate] enqueue() in element PushQEl5AsyncHwEl was aborted, got status = HAILO_SHUTDOWN_EVENT_SIGNALED(57)
[2026-04-03 00:11:49.848] [32207] [HailoRT] [info] [queue_elements.cpp:570] [execute_deactivate] enqueue() in element PushQEl6AsyncHwEl was aborted, got status = HAILO_SHUTDOWN_EVENT_SIGNALED(57)
[2026-04-03 00:11:49.848] [32207] [HailoRT] [info] [queue_elements.cpp:570] [execute_deactivate] enqueue() in element PushQEl7AsyncHwEl was aborted, got status = HAILO_SHUTDOWN_EVENT_SIGNALED(57)
[2026-04-03 00:11:49.848] [32207] [HailoRT] [info] [queue_elements.cpp:570] [execute_deactivate] enqueue() in element PushQEl8AsyncHwEl was aborted, got status = HAILO_SHUTDOWN_EVENT_SIGNALED(57)
[2026-04-03 00:11:49.848] [32207] [HailoRT] [info] [queue_elements.cpp:570] [execute_deactivate] enqueue() in element EntryPushQEl0yolov8s_pose/input_layer1 was aborted, got status = HAILO_SHUTDOWN_EVENT_SIGNALED(57)
[2026-04-03 00:11:49.848] [32207] [HailoRT] [info] [queue_elements.cpp:46] [~BaseQueueElement] Queue element EntryPushQEl0yolov8s_pose/input_layer1 has 0 frames in his Queue on destruction
[2026-04-03 00:11:49.848] [32207] [HailoRT] [info] [queue_elements.cpp:46] [~BaseQueueElement] Queue element PushQEl3AsyncHwEl has 0 frames in his Queue on destruction
[2026-04-03 00:11:49.848] [32207] [HailoRT] [info] [queue_elements.cpp:46] [~BaseQueueElement] Queue element PushQEl4AsyncHwEl has 0 frames in his Queue on destruction
[2026-04-03 00:11:49.848] [32207] [HailoRT] [info] [queue_elements.cpp:46] [~BaseQueueElement] Queue element PushQEl5AsyncHwEl has 0 frames in his Queue on destruction
[2026-04-03 00:11:49.848] [32207] [HailoRT] [info] [queue_elements.cpp:46] [~BaseQueueElement] Queue element PushQEl0AsyncHwEl has 0 frames in his Queue on destruction
[2026-04-03 00:11:49.848] [32207] [HailoRT] [info] [queue_elements.cpp:46] [~BaseQueueElement] Queue element PushQEl1AsyncHwEl has 0 frames in his Queue on destruction
[2026-04-03 00:11:49.848] [32207] [HailoRT] [info] [queue_elements.cpp:46] [~BaseQueueElement] Queue element PushQEl2AsyncHwEl has 0 frames in his Queue on destruction
[2026-04-03 00:11:49.848] [32207] [HailoRT] [info] [queue_elements.cpp:46] [~BaseQueueElement] Queue element PushQEl7AsyncHwEl has 0 frames in his Queue on destruction
[2026-04-03 00:11:49.848] [32207] [HailoRT] [info] [queue_elements.cpp:46] [~BaseQueueElement] Queue element PushQEl8AsyncHwEl has 0 frames in his Queue on destruction
[2026-04-03 00:11:49.848] [32207] [HailoRT] [info] [queue_elements.cpp:46] [~BaseQueueElement] Queue element PushQEl6AsyncHwEl has 0 frames in his Queue on destruction
[2026-04-03 00:12:08.048] [32314] [HailoRT] [info] [vdevice.cpp:523] [create] Creating vdevice with params: device_count: 1, scheduling_algorithm: ROUND_ROBIN, multi_process_service: false
[2026-04-03 00:12:08.059] [32314] [HailoRT] [info] [device.cpp:49] [Device] OS Version: Linux 6.12.62+rpt-rpi-2712 #1 SMP PREEMPT Debian 1:6.12.62-1+rpt1~bookworm (2026-01-19) aarch64
[2026-04-03 00:12:08.060] [32314] [HailoRT] [info] [control.cpp:108] [control__parse_identify_results] firmware_version is: 4.20.0
[2026-04-03 00:12:08.060] [32314] [HailoRT] [info] [vdevice.cpp:651] [create] VDevice Infos: 0001:01:00.0
[2026-04-03 00:12:08.166] [32314] [HailoRT] [info] [hef.cpp:1929] [get_network_group_and_network_name] No name was given. Addressing all networks of default network_group: yolov8s_pose
[2026-04-03 00:12:08.166] [32314] [HailoRT] [info] [hef.cpp:1929] [get_network_group_and_network_name] No name was given. Addressing all networks of default network_group: yolov8s_pose
[2026-04-03 00:12:08.166] [32314] [HailoRT] [info] [hef.cpp:1929] [get_network_group_and_network_name] No name was given. Addressing all networks of default network_group: yolov8s_pose
[2026-04-03 00:12:08.167] [32314] [HailoRT] [info] [hef.cpp:1929] [get_network_group_and_network_name] No name was given. Addressing all networks of default network_group: yolov8s_pose
[2026-04-03 00:12:08.167] [32314] [HailoRT] [info] [hef.cpp:1929] [get_network_group_and_network_name] No name was given. Addressing all networks of default network_group: yolov8s_pose
[2026-04-03 00:12:08.167] [32314] [HailoRT] [warning] [device_internal.cpp:616] [check_hef_is_compatible] HEF was compiled for Hailo8L device, while the device itself is Hailo8. This will result in lower performance.
[2026-04-03 00:12:08.167] [32314] [HailoRT] [warning] [device_internal.cpp:616] [check_hef_is_compatible] HEF was compiled for Hailo8L device, while the device itself is Hailo8. This will result in lower performance.
[2026-04-03 00:12:08.174] [32314] [HailoRT] [info] [internal_buffer_manager.cpp:204] [print_execution_results] Planned internal buffer memory: CMA memory 0, user memory 3321344. memory to edge layer usage factor is 0.93083656
[2026-04-03 00:12:08.174] [32314] [HailoRT] [info] [internal_buffer_manager.cpp:212] [print_execution_results] Default Internal buffer planner executed successfully
[2026-04-03 00:12:08.203] [32314] [HailoRT] [info] [device_internal.cpp:57] [configure] Configuring HEF took 36.083512 milliseconds
[2026-04-03 00:12:08.204] [32314] [HailoRT] [info] [vdevice.cpp:749] [configure] Configuring HEF on VDevice took 36.908044 milliseconds
[2026-04-03 00:12:08.204] [32314] [HailoRT] [info] [infer_model.cpp:436] [configure] Configuring network group 'yolov8s_pose' with params: batch size: 1, power mode: PERFORMANCE, latency: NONE
[2026-04-03 00:12:08.204] [32314] [HailoRT] [info] [multi_io_elements.cpp:756] [create] Created (AsyncHwEl)
[2026-04-03 00:12:08.204] [32314] [HailoRT] [info] [queue_elements.cpp:450] [create] Created (EntryPushQEl0yolov8s_pose/input_layer1 | timeout: 10s)
[2026-04-03 00:12:08.204] [32314] [HailoRT] [info] [queue_elements.cpp:450] [create] Created (PushQEl3AsyncHwEl | timeout: 10s)
[2026-04-03 00:12:08.204] [32314] [HailoRT] [info] [filter_elements.cpp:375] [create] Created (PostInferEl3AsyncHwEl | Quantization - src_type: UINT8, dst_type FLOAT32, limvals_min: -6.02712, limvals_max: 11.844)
[2026-04-03 00:12:08.204] [32314] [HailoRT] [info] [edge_elements.cpp:187] [create] Created (LastAsyncEl0PostInferEl3AsyncHwEl)
[2026-04-03 00:12:08.204] [32314] [HailoRT] [info] [queue_elements.cpp:450] [create] Created (PushQEl4AsyncHwEl | timeout: 10s)
[2026-04-03 00:12:08.204] [32314] [HailoRT] [info] [filter_elements.cpp:375] [create] Created (PostInferEl4AsyncHwEl | Quantization - src_type: UINT8, dst_type FLOAT32, limvals_min: -9.25656, limvals_max: 9.32945 | Reorder - src_order: FCR, src_shape: (20, 20, 56), dst_order: FCR, dst_shape: (20, 20, 51))
[2026-04-03 00:12:08.204] [32314] [HailoRT] [info] [edge_elements.cpp:187] [create] Created (LastAsyncEl0PostInferEl4AsyncHwEl)
[2026-04-03 00:12:08.204] [32314] [HailoRT] [info] [queue_elements.cpp:450] [create] Created (PushQEl5AsyncHwEl | timeout: 10s)
[2026-04-03 00:12:08.204] [32314] [HailoRT] [info] [filter_elements.cpp:375] [create] Created (PostInferEl5AsyncHwEl | Quantization - src_type: UINT8, dst_type FLOAT32, limvals_min: -5.14938, limvals_max: 13.8809)
[2026-04-03 00:12:08.204] [32314] [HailoRT] [info] [edge_elements.cpp:187] [create] Created (LastAsyncEl0PostInferEl5AsyncHwEl)
[2026-04-03 00:12:08.205] [32314] [HailoRT] [info] [queue_elements.cpp:450] [create] Created (PushQEl0AsyncHwEl | timeout: 10s)
[2026-04-03 00:12:08.205] [32314] [HailoRT] [info] [filter_elements.cpp:375] [create] Created (PostInferEl0AsyncHwEl | Quantization - src_type: UINT8, dst_type FLOAT32, limvals_min: 0, limvals_max: 0.927867)
[2026-04-03 00:12:08.205] [32314] [HailoRT] [info] [edge_elements.cpp:187] [create] Created (LastAsyncEl0PostInferEl0AsyncHwEl)
[2026-04-03 00:12:08.205] [32314] [HailoRT] [info] [queue_elements.cpp:450] [create] Created (PushQEl1AsyncHwEl | timeout: 10s)
[2026-04-03 00:12:08.205] [32314] [HailoRT] [info] [filter_elements.cpp:375] [create] Created (PostInferEl1AsyncHwEl | Quantization - src_type: UINT8, dst_type FLOAT32, limvals_min: -5.39702, limvals_max: 12.7114)
[2026-04-03 00:12:08.205] [32314] [HailoRT] [info] [edge_elements.cpp:187] [create] Created (LastAsyncEl0PostInferEl1AsyncHwEl)
[2026-04-03 00:12:08.205] [32314] [HailoRT] [info] [queue_elements.cpp:450] [create] Created (PushQEl2AsyncHwEl | timeout: 10s)
[2026-04-03 00:12:08.205] [32314] [HailoRT] [info] [filter_elements.cpp:375] [create] Created (PostInferEl2AsyncHwEl | Quantization - src_type: UINT8, dst_type FLOAT32, limvals_min: 0, limvals_max: 0.820417)
[2026-04-03 00:12:08.205] [32314] [HailoRT] [info] [edge_elements.cpp:187] [create] Created (LastAsyncEl0PostInferEl2AsyncHwEl)
[2026-04-03 00:12:08.205] [32314] [HailoRT] [info] [queue_elements.cpp:450] [create] Created (PushQEl7AsyncHwEl | timeout: 10s)
[2026-04-03 00:12:08.205] [32314] [HailoRT] [info] [filter_elements.cpp:375] [create] Created (PostInferEl7AsyncHwEl | Quantization - src_type: UINT8, dst_type FLOAT32, limvals_min: -11.0503, limvals_max: 6.78402 | Reorder - src_order: FCR, src_shape: (40, 40, 56), dst_order: FCR, dst_shape: (40, 40, 51))
[2026-04-03 00:12:08.205] [32314] [HailoRT] [info] [edge_elements.cpp:187] [create] Created (LastAsyncEl0PostInferEl7AsyncHwEl)
[2026-04-03 00:12:08.205] [32314] [HailoRT] [info] [queue_elements.cpp:450] [create] Created (PushQEl8AsyncHwEl | timeout: 10s)
[2026-04-03 00:12:08.205] [32314] [HailoRT] [info] [filter_elements.cpp:375] [create] Created (PostInferEl8AsyncHwEl | Quantization - src_type: UINT8, dst_type FLOAT32, limvals_min: 0, limvals_max: 0.617845)
[2026-04-03 00:12:08.205] [32314] [HailoRT] [info] [edge_elements.cpp:187] [create] Created (LastAsyncEl0PostInferEl8AsyncHwEl)
[2026-04-03 00:12:08.205] [32314] [HailoRT] [info] [queue_elements.cpp:450] [create] Created (PushQEl6AsyncHwEl | timeout: 10s)
[2026-04-03 00:12:08.205] [32314] [HailoRT] [info] [filter_elements.cpp:375] [create] Created (PostInferEl6AsyncHwEl | Quantization - src_type: UINT8, dst_type FLOAT32, limvals_min: -7.42123, limvals_max: 5.81243 | Reorder - src_order: FCR, src_shape: (80, 80, 56), dst_order: FCR, dst_shape: (80, 80, 51))
[2026-04-03 00:12:08.205] [32314] [HailoRT] [info] [edge_elements.cpp:187] [create] Created (LastAsyncEl0PostInferEl6AsyncHwEl)
[2026-04-03 00:12:08.206] [32314] [HailoRT] [info] [pipeline.cpp:891] [print_deep_description] EntryPushQEl0yolov8s_pose/input_layer1 | inputs: user | outputs: AsyncHwEl(running in thread_id: 32327)
[2026-04-03 00:12:08.206] [32314] [HailoRT] [info] [pipeline.cpp:891] [print_deep_description] AsyncHwEl | inputs: EntryPushQEl0yolov8s_pose/input_layer1[0] | outputs: PushQEl0AsyncHwEl PushQEl1AsyncHwEl PushQEl2AsyncHwEl PushQEl3AsyncHwEl PushQEl4AsyncHwEl PushQEl5AsyncHwEl PushQEl6AsyncHwEl PushQEl7AsyncHwEl PushQEl8AsyncHwEl
[2026-04-03 00:12:08.206] [32314] [HailoRT] [info] [pipeline.cpp:891] [print_deep_description] PushQEl0AsyncHwEl | inputs: AsyncHwEl[0] | outputs: PostInferEl0AsyncHwEl(running in thread_id: 32331)
[2026-04-03 00:12:08.206] [32314] [HailoRT] [info] [pipeline.cpp:891] [print_deep_description] PostInferEl0AsyncHwEl | inputs: PushQEl0AsyncHwEl[0] | outputs: LastAsyncEl0PostInferEl0AsyncHwEl
[2026-04-03 00:12:08.206] [32314] [HailoRT] [info] [pipeline.cpp:891] [print_deep_description] LastAsyncEl0PostInferEl0AsyncHwEl | inputs: PostInferEl0AsyncHwEl[0] | outputs: user
[2026-04-03 00:12:08.206] [32314] [HailoRT] [info] [pipeline.cpp:891] [print_deep_description] PushQEl1AsyncHwEl | inputs: AsyncHwEl[0] | outputs: PostInferEl1AsyncHwEl(running in thread_id: 32332)
[2026-04-03 00:12:08.206] [32314] [HailoRT] [info] [pipeline.cpp:891] [print_deep_description] PostInferEl1AsyncHwEl | inputs: PushQEl1AsyncHwEl[0] | outputs: LastAsyncEl0PostInferEl1AsyncHwEl
[2026-04-03 00:12:08.206] [32314] [HailoRT] [info] [pipeline.cpp:891] [print_deep_description] LastAsyncEl0PostInferEl1AsyncHwEl | inputs: PostInferEl1AsyncHwEl[0] | outputs: user
[2026-04-03 00:12:08.206] [32314] [HailoRT] [info] [pipeline.cpp:891] [print_deep_description] PushQEl2AsyncHwEl | inputs: AsyncHwEl[0] | outputs: PostInferEl2AsyncHwEl(running in thread_id: 32333)
[2026-04-03 00:12:08.206] [32314] [HailoRT] [info] [pipeline.cpp:891] [print_deep_description] PostInferEl2AsyncHwEl | inputs: PushQEl2AsyncHwEl[0] | outputs: LastAsyncEl0PostInferEl2AsyncHwEl
[2026-04-03 00:12:08.206] [32314] [HailoRT] [info] [pipeline.cpp:891] [print_deep_description] LastAsyncEl0PostInferEl2AsyncHwEl | inputs: PostInferEl2AsyncHwEl[0] | outputs: user
[2026-04-03 00:12:08.206] [32314] [HailoRT] [info] [pipeline.cpp:891] [print_deep_description] PushQEl3AsyncHwEl | inputs: AsyncHwEl[0] | outputs: PostInferEl3AsyncHwEl(running in thread_id: 32328)
[2026-04-03 00:12:08.206] [32314] [HailoRT] [info] [pipeline.cpp:891] [print_deep_description] PostInferEl3AsyncHwEl | inputs: PushQEl3AsyncHwEl[0] | outputs: LastAsyncEl0PostInferEl3AsyncHwEl
[2026-04-03 00:12:08.206] [32314] [HailoRT] [info] [pipeline.cpp:891] [print_deep_description] LastAsyncEl0PostInferEl3AsyncHwEl | inputs: PostInferEl3AsyncHwEl[0] | outputs: user
[2026-04-03 00:12:08.206] [32314] [HailoRT] [info] [pipeline.cpp:891] [print_deep_description] PushQEl4AsyncHwEl | inputs: AsyncHwEl[0] | outputs: PostInferEl4AsyncHwEl(running in thread_id: 32329)
[2026-04-03 00:12:08.206] [32314] [HailoRT] [info] [pipeline.cpp:891] [print_deep_description] PostInferEl4AsyncHwEl | inputs: PushQEl4AsyncHwEl[0] | outputs: LastAsyncEl0PostInferEl4AsyncHwEl
[2026-04-03 00:12:08.206] [32314] [HailoRT] [info] [pipeline.cpp:891] [print_deep_description] LastAsyncEl0PostInferEl4AsyncHwEl | inputs: PostInferEl4AsyncHwEl[0] | outputs: user
[2026-04-03 00:12:08.206] [32314] [HailoRT] [info] [pipeline.cpp:891] [print_deep_description] PushQEl5AsyncHwEl | inputs: AsyncHwEl[0] | outputs: PostInferEl5AsyncHwEl(running in thread_id: 32330)
[2026-04-03 00:12:08.206] [32314] [HailoRT] [info] [pipeline.cpp:891] [print_deep_description] PostInferEl5AsyncHwEl | inputs: PushQEl5AsyncHwEl[0] | outputs: LastAsyncEl0PostInferEl5AsyncHwEl
[2026-04-03 00:12:08.206] [32314] [HailoRT] [info] [pipeline.cpp:891] [print_deep_description] LastAsyncEl0PostInferEl5AsyncHwEl | inputs: PostInferEl5AsyncHwEl[0] | outputs: user
[2026-04-03 00:12:08.206] [32314] [HailoRT] [info] [pipeline.cpp:891] [print_deep_description] PushQEl6AsyncHwEl | inputs: AsyncHwEl[0] | outputs: PostInferEl6AsyncHwEl(running in thread_id: 32336)
[2026-04-03 00:12:08.206] [32314] [HailoRT] [info] [pipeline.cpp:891] [print_deep_description] PostInferEl6AsyncHwEl | inputs: PushQEl6AsyncHwEl[0] | outputs: LastAsyncEl0PostInferEl6AsyncHwEl
[2026-04-03 00:12:08.206] [32314] [HailoRT] [info] [pipeline.cpp:891] [print_deep_description] LastAsyncEl0PostInferEl6AsyncHwEl | inputs: PostInferEl6AsyncHwEl[0] | outputs: user
[2026-04-03 00:12:08.206] [32314] [HailoRT] [info] [pipeline.cpp:891] [print_deep_description] PushQEl7AsyncHwEl | inputs: AsyncHwEl[0] | outputs: PostInferEl7AsyncHwEl(running in thread_id: 32334)
[2026-04-03 00:12:08.206] [32314] [HailoRT] [info] [pipeline.cpp:891] [print_deep_description] PostInferEl7AsyncHwEl | inputs: PushQEl7AsyncHwEl[0] | outputs: LastAsyncEl0PostInferEl7AsyncHwEl
[2026-04-03 00:12:08.206] [32314] [HailoRT] [info] [pipeline.cpp:891] [print_deep_description] LastAsyncEl0PostInferEl7AsyncHwEl | inputs: PostInferEl7AsyncHwEl[0] | outputs: user
[2026-04-03 00:12:08.206] [32314] [HailoRT] [info] [pipeline.cpp:891] [print_deep_description] PushQEl8AsyncHwEl | inputs: AsyncHwEl[0] | outputs: PostInferEl8AsyncHwEl(running in thread_id: 32335)
[2026-04-03 00:12:08.206] [32314] [HailoRT] [info] [pipeline.cpp:891] [print_deep_description] PostInferEl8AsyncHwEl | inputs: PushQEl8AsyncHwEl[0] | outputs: LastAsyncEl0PostInferEl8AsyncHwEl
[2026-04-03 00:12:08.206] [32314] [HailoRT] [info] [pipeline.cpp:891] [print_deep_description] LastAsyncEl0PostInferEl8AsyncHwEl | inputs: PostInferEl8AsyncHwEl[0] | outputs: user
[2026-04-03 00:12:13.387] [32314] [HailoRT] [info] [async_infer_runner.cpp:86] [shutdown] Pipeline was aborted. Shutting it down
[2026-04-03 00:12:13.387] [32314] [HailoRT] [info] [async_infer_runner.cpp:86] [shutdown] Pipeline was aborted. Shutting it down
[2026-04-03 00:12:13.387] [32314] [HailoRT] [info] [queue_elements.cpp:570] [execute_deactivate] enqueue() in element PushQEl0AsyncHwEl was aborted, got status = HAILO_SHUTDOWN_EVENT_SIGNALED(57)
[2026-04-03 00:12:13.387] [32314] [HailoRT] [info] [queue_elements.cpp:570] [execute_deactivate] enqueue() in element PushQEl1AsyncHwEl was aborted, got status = HAILO_SHUTDOWN_EVENT_SIGNALED(57)
[2026-04-03 00:12:13.387] [32314] [HailoRT] [info] [queue_elements.cpp:570] [execute_deactivate] enqueue() in element PushQEl2AsyncHwEl was aborted, got status = HAILO_SHUTDOWN_EVENT_SIGNALED(57)
[2026-04-03 00:12:13.387] [32314] [HailoRT] [info] [queue_elements.cpp:570] [execute_deactivate] enqueue() in element PushQEl3AsyncHwEl was aborted, got status = HAILO_SHUTDOWN_EVENT_SIGNALED(57)
[2026-04-03 00:12:13.387] [32314] [HailoRT] [info] [queue_elements.cpp:570] [execute_deactivate] enqueue() in element PushQEl4AsyncHwEl was aborted, got status = HAILO_SHUTDOWN_EVENT_SIGNALED(57)
[2026-04-03 00:12:13.387] [32314] [HailoRT] [info] [queue_elements.cpp:570] [execute_deactivate] enqueue() in element PushQEl5AsyncHwEl was aborted, got status = HAILO_SHUTDOWN_EVENT_SIGNALED(57)
[2026-04-03 00:12:13.387] [32314] [HailoRT] [info] [queue_elements.cpp:570] [execute_deactivate] enqueue() in element PushQEl6AsyncHwEl was aborted, got status = HAILO_SHUTDOWN_EVENT_SIGNALED(57)
[2026-04-03 00:12:13.387] [32314] [HailoRT] [info] [queue_elements.cpp:570] [execute_deactivate] enqueue() in element PushQEl7AsyncHwEl was aborted, got status = HAILO_SHUTDOWN_EVENT_SIGNALED(57)
[2026-04-03 00:12:13.387] [32314] [HailoRT] [info] [queue_elements.cpp:570] [execute_deactivate] enqueue() in element PushQEl8AsyncHwEl was aborted, got status = HAILO_SHUTDOWN_EVENT_SIGNALED(57)
[2026-04-03 00:12:13.387] [32314] [HailoRT] [info] [queue_elements.cpp:570] [execute_deactivate] enqueue() in element EntryPushQEl0yolov8s_pose/input_layer1 was aborted, got status = HAILO_SHUTDOWN_EVENT_SIGNALED(57)
[2026-04-03 00:12:13.387] [32314] [HailoRT] [info] [queue_elements.cpp:46] [~BaseQueueElement] Queue element EntryPushQEl0yolov8s_pose/input_layer1 has 0 frames in his Queue on destruction
[2026-04-03 00:12:13.387] [32314] [HailoRT] [info] [queue_elements.cpp:46] [~BaseQueueElement] Queue element PushQEl3AsyncHwEl has 0 frames in his Queue on destruction
[2026-04-03 00:12:13.387] [32314] [HailoRT] [info] [queue_elements.cpp:46] [~BaseQueueElement] Queue element PushQEl4AsyncHwEl has 0 frames in his Queue on destruction
[2026-04-03 00:12:13.387] [32314] [HailoRT] [info] [queue_elements.cpp:46] [~BaseQueueElement] Queue element PushQEl5AsyncHwEl has 0 frames in his Queue on destruction
[2026-04-03 00:12:13.388] [32314] [HailoRT] [info] [queue_elements.cpp:46] [~BaseQueueElement] Queue element PushQEl0AsyncHwEl has 0 frames in his Queue on destruction
[2026-04-03 00:12:13.388] [32314] [HailoRT] [info] [queue_elements.cpp:46] [~BaseQueueElement] Queue element PushQEl1AsyncHwEl has 0 frames in his Queue on destruction
[2026-04-03 00:12:13.388] [32314] [HailoRT] [info] [queue_elements.cpp:46] [~BaseQueueElement] Queue element PushQEl2AsyncHwEl has 0 frames in his Queue on destruction
[2026-04-03 00:12:13.388] [32314] [HailoRT] [info] [queue_elements.cpp:46] [~BaseQueueElement] Queue element PushQEl7AsyncHwEl has 0 frames in his Queue on destruction
[2026-04-03 00:12:13.388] [32314] [HailoRT] [info] [queue_elements.cpp:46] [~BaseQueueElement] Queue element PushQEl8AsyncHwEl has 0 frames in his Queue on destruction
[2026-04-03 00:12:13.388] [32314] [HailoRT] [info] [queue_elements.cpp:46] [~BaseQueueElement] Queue element PushQEl6AsyncHwEl has 0 frames in his Queue on destruction
[2026-04-03 00:17:42.767] [32441] [HailoRT] [info] [vdevice.cpp:523] [create] Creating vdevice with params: device_count: 1, scheduling_algorithm: ROUND_ROBIN, multi_process_service: false
[2026-04-03 00:17:42.779] [32441] [HailoRT] [info] [device.cpp:49] [Device] OS Version: Linux 6.12.62+rpt-rpi-2712 #1 SMP PREEMPT Debian 1:6.12.62-1+rpt1~bookworm (2026-01-19) aarch64
[2026-04-03 00:17:42.781] [32441] [HailoRT] [info] [control.cpp:108] [control__parse_identify_results] firmware_version is: 4.20.0
[2026-04-03 00:17:42.781] [32441] [HailoRT] [info] [vdevice.cpp:651] [create] VDevice Infos: 0001:01:00.0
[2026-04-03 00:17:42.890] [32441] [HailoRT] [info] [hef.cpp:1929] [get_network_group_and_network_name] No name was given. Addressing all networks of default network_group: yolov8s_pose
[2026-04-03 00:17:42.890] [32441] [HailoRT] [info] [hef.cpp:1929] [get_network_group_and_network_name] No name was given. Addressing all networks of default network_group: yolov8s_pose
[2026-04-03 00:17:42.890] [32441] [HailoRT] [info] [hef.cpp:1929] [get_network_group_and_network_name] No name was given. Addressing all networks of default network_group: yolov8s_pose
[2026-04-03 00:17:42.890] [32441] [HailoRT] [info] [hef.cpp:1929] [get_network_group_and_network_name] No name was given. Addressing all networks of default network_group: yolov8s_pose
[2026-04-03 00:17:42.890] [32441] [HailoRT] [info] [hef.cpp:1929] [get_network_group_and_network_name] No name was given. Addressing all networks of default network_group: yolov8s_pose
[2026-04-03 00:17:42.890] [32441] [HailoRT] [warning] [device_internal.cpp:616] [check_hef_is_compatible] HEF was compiled for Hailo8L device, while the device itself is Hailo8. This will result in lower performance.
[2026-04-03 00:17:42.891] [32441] [HailoRT] [warning] [device_internal.cpp:616] [check_hef_is_compatible] HEF was compiled for Hailo8L device, while the device itself is Hailo8. This will result in lower performance.
[2026-04-03 00:17:42.897] [32441] [HailoRT] [info] [internal_buffer_manager.cpp:204] [print_execution_results] Planned internal buffer memory: CMA memory 0, user memory 3321344. memory to edge layer usage factor is 0.93083656
[2026-04-03 00:17:42.897] [32441] [HailoRT] [info] [internal_buffer_manager.cpp:212] [print_execution_results] Default Internal buffer planner executed successfully
[2026-04-03 00:17:42.921] [32441] [HailoRT] [info] [device_internal.cpp:57] [configure] Configuring HEF took 30.470237 milliseconds
[2026-04-03 00:17:42.921] [32441] [HailoRT] [info] [vdevice.cpp:749] [configure] Configuring HEF on VDevice took 30.961161 milliseconds
[2026-04-03 00:17:42.921] [32441] [HailoRT] [info] [infer_model.cpp:436] [configure] Configuring network group 'yolov8s_pose' with params: batch size: 1, power mode: PERFORMANCE, latency: NONE
[2026-04-03 00:17:42.921] [32441] [HailoRT] [info] [multi_io_elements.cpp:756] [create] Created (AsyncHwEl)
[2026-04-03 00:17:42.921] [32441] [HailoRT] [info] [queue_elements.cpp:450] [create] Created (EntryPushQEl0yolov8s_pose/input_layer1 | timeout: 10s)
[2026-04-03 00:17:42.922] [32441] [HailoRT] [info] [queue_elements.cpp:450] [create] Created (PushQEl3AsyncHwEl | timeout: 10s)
[2026-04-03 00:17:42.922] [32441] [HailoRT] [info] [filter_elements.cpp:375] [create] Created (PostInferEl3AsyncHwEl | Quantization - src_type: UINT8, dst_type FLOAT32, limvals_min: -6.02712, limvals_max: 11.844)
[2026-04-03 00:17:42.922] [32441] [HailoRT] [info] [edge_elements.cpp:187] [create] Created (LastAsyncEl0PostInferEl3AsyncHwEl)
[2026-04-03 00:17:42.922] [32441] [HailoRT] [info] [queue_elements.cpp:450] [create] Created (PushQEl4AsyncHwEl | timeout: 10s)
[2026-04-03 00:17:42.922] [32441] [HailoRT] [info] [filter_elements.cpp:375] [create] Created (PostInferEl4AsyncHwEl | Quantization - src_type: UINT8, dst_type FLOAT32, limvals_min: -9.25656, limvals_max: 9.32945 | Reorder - src_order: FCR, src_shape: (20, 20, 56), dst_order: FCR, dst_shape: (20, 20, 51))
[2026-04-03 00:17:42.922] [32441] [HailoRT] [info] [edge_elements.cpp:187] [create] Created (LastAsyncEl0PostInferEl4AsyncHwEl)
[2026-04-03 00:17:42.922] [32441] [HailoRT] [info] [queue_elements.cpp:450] [create] Created (PushQEl5AsyncHwEl | timeout: 10s)
[2026-04-03 00:17:42.922] [32441] [HailoRT] [info] [filter_elements.cpp:375] [create] Created (PostInferEl5AsyncHwEl | Quantization - src_type: UINT8, dst_type FLOAT32, limvals_min: -5.14938, limvals_max: 13.8809)
[2026-04-03 00:17:42.922] [32441] [HailoRT] [info] [edge_elements.cpp:187] [create] Created (LastAsyncEl0PostInferEl5AsyncHwEl)
[2026-04-03 00:17:42.922] [32441] [HailoRT] [info] [queue_elements.cpp:450] [create] Created (PushQEl0AsyncHwEl | timeout: 10s)
[2026-04-03 00:17:42.922] [32441] [HailoRT] [info] [filter_elements.cpp:375] [create] Created (PostInferEl0AsyncHwEl | Quantization - src_type: UINT8, dst_type FLOAT32, limvals_min: 0, limvals_max: 0.927867)
[2026-04-03 00:17:42.922] [32441] [HailoRT] [info] [edge_elements.cpp:187] [create] Created (LastAsyncEl0PostInferEl0AsyncHwEl)
[2026-04-03 00:17:42.922] [32441] [HailoRT] [info] [queue_elements.cpp:450] [create] Created (PushQEl1AsyncHwEl | timeout: 10s)
[2026-04-03 00:17:42.922] [32441] [HailoRT] [info] [filter_elements.cpp:375] [create] Created (PostInferEl1AsyncHwEl | Quantization - src_type: UINT8, dst_type FLOAT32, limvals_min: -5.39702, limvals_max: 12.7114)
[2026-04-03 00:17:42.922] [32441] [HailoRT] [info] [edge_elements.cpp:187] [create] Created (LastAsyncEl0PostInferEl1AsyncHwEl)
[2026-04-03 00:17:42.923] [32441] [HailoRT] [info] [queue_elements.cpp:450] [create] Created (PushQEl2AsyncHwEl | timeout: 10s)
[2026-04-03 00:17:42.923] [32441] [HailoRT] [info] [filter_elements.cpp:375] [create] Created (PostInferEl2AsyncHwEl | Quantization - src_type: UINT8, dst_type FLOAT32, limvals_min: 0, limvals_max: 0.820417)
[2026-04-03 00:17:42.923] [32441] [HailoRT] [info] [edge_elements.cpp:187] [create] Created (LastAsyncEl0PostInferEl2AsyncHwEl)
[2026-04-03 00:17:42.923] [32441] [HailoRT] [info] [queue_elements.cpp:450] [create] Created (PushQEl7AsyncHwEl | timeout: 10s)
[2026-04-03 00:17:42.923] [32441] [HailoRT] [info] [filter_elements.cpp:375] [create] Created (PostInferEl7AsyncHwEl | Quantization - src_type: UINT8, dst_type FLOAT32, limvals_min: -11.0503, limvals_max: 6.78402 | Reorder - src_order: FCR, src_shape: (40, 40, 56), dst_order: FCR, dst_shape: (40, 40, 51))
[2026-04-03 00:17:42.923] [32441] [HailoRT] [info] [edge_elements.cpp:187] [create] Created (LastAsyncEl0PostInferEl7AsyncHwEl)
[2026-04-03 00:17:42.923] [32441] [HailoRT] [info] [queue_elements.cpp:450] [create] Created (PushQEl8AsyncHwEl | timeout: 10s)
[2026-04-03 00:17:42.923] [32441] [HailoRT] [info] [filter_elements.cpp:375] [create] Created (PostInferEl8AsyncHwEl | Quantization - src_type: UINT8, dst_type FLOAT32, limvals_min: 0, limvals_max: 0.617845)
[2026-04-03 00:17:42.923] [32441] [HailoRT] [info] [edge_elements.cpp:187] [create] Created (LastAsyncEl0PostInferEl8AsyncHwEl)
[2026-04-03 00:17:42.923] [32441] [HailoRT] [info] [queue_elements.cpp:450] [create] Created (PushQEl6AsyncHwEl | timeout: 10s)
[2026-04-03 00:17:42.923] [32441] [HailoRT] [info] [filter_elements.cpp:375] [create] Created (PostInferEl6AsyncHwEl | Quantization - src_type: UINT8, dst_type FLOAT32, limvals_min: -7.42123, limvals_max: 5.81243 | Reorder - src_order: FCR, src_shape: (80, 80, 56), dst_order: FCR, dst_shape: (80, 80, 51))
[2026-04-03 00:17:42.923] [32441] [HailoRT] [info] [edge_elements.cpp:187] [create] Created (LastAsyncEl0PostInferEl6AsyncHwEl)
[2026-04-03 00:17:42.923] [32441] [HailoRT] [info] [pipeline.cpp:891] [print_deep_description] EntryPushQEl0yolov8s_pose/input_layer1 | inputs: user | outputs: AsyncHwEl(running in thread_id: 32454)
[2026-04-03 00:17:42.923] [32441] [HailoRT] [info] [pipeline.cpp:891] [print_deep_description] AsyncHwEl | inputs: EntryPushQEl0yolov8s_pose/input_layer1[0] | outputs: PushQEl0AsyncHwEl PushQEl1AsyncHwEl PushQEl2AsyncHwEl PushQEl3AsyncHwEl PushQEl4AsyncHwEl PushQEl5AsyncHwEl PushQEl6AsyncHwEl PushQEl7AsyncHwEl PushQEl8AsyncHwEl
[2026-04-03 00:17:42.923] [32441] [HailoRT] [info] [pipeline.cpp:891] [print_deep_description] PushQEl0AsyncHwEl | inputs: AsyncHwEl[0] | outputs: PostInferEl0AsyncHwEl(running in thread_id: 32458)
[2026-04-03 00:17:42.923] [32441] [HailoRT] [info] [pipeline.cpp:891] [print_deep_description] PostInferEl0AsyncHwEl | inputs: PushQEl0AsyncHwEl[0] | outputs: LastAsyncEl0PostInferEl0AsyncHwEl
[2026-04-03 00:17:42.923] [32441] [HailoRT] [info] [pipeline.cpp:891] [print_deep_description] LastAsyncEl0PostInferEl0AsyncHwEl | inputs: PostInferEl0AsyncHwEl[0] | outputs: user
[2026-04-03 00:17:42.923] [32441] [HailoRT] [info] [pipeline.cpp:891] [print_deep_description] PushQEl1AsyncHwEl | inputs: AsyncHwEl[0] | outputs: PostInferEl1AsyncHwEl(running in thread_id: 32459)
[2026-04-03 00:17:42.923] [32441] [HailoRT] [info] [pipeline.cpp:891] [print_deep_description] PostInferEl1AsyncHwEl | inputs: PushQEl1AsyncHwEl[0] | outputs: LastAsyncEl0PostInferEl1AsyncHwEl
[2026-04-03 00:17:42.923] [32441] [HailoRT] [info] [pipeline.cpp:891] [print_deep_description] LastAsyncEl0PostInferEl1AsyncHwEl | inputs: PostInferEl1AsyncHwEl[0] | outputs: user
[2026-04-03 00:17:42.923] [32441] [HailoRT] [info] [pipeline.cpp:891] [print_deep_description] PushQEl2AsyncHwEl | inputs: AsyncHwEl[0] | outputs: PostInferEl2AsyncHwEl(running in thread_id: 32460)
[2026-04-03 00:17:42.923] [32441] [HailoRT] [info] [pipeline.cpp:891] [print_deep_description] PostInferEl2AsyncHwEl | inputs: PushQEl2AsyncHwEl[0] | outputs: LastAsyncEl0PostInferEl2AsyncHwEl
[2026-04-03 00:17:42.923] [32441] [HailoRT] [info] [pipeline.cpp:891] [print_deep_description] LastAsyncEl0PostInferEl2AsyncHwEl | inputs: PostInferEl2AsyncHwEl[0] | outputs: user
[2026-04-03 00:17:42.923] [32441] [HailoRT] [info] [pipeline.cpp:891] [print_deep_description] PushQEl3AsyncHwEl | inputs: AsyncHwEl[0] | outputs: PostInferEl3AsyncHwEl(running in thread_id: 32455)
[2026-04-03 00:17:42.923] [32441] [HailoRT] [info] [pipeline.cpp:891] [print_deep_description] PostInferEl3AsyncHwEl | inputs: PushQEl3AsyncHwEl[0] | outputs: LastAsyncEl0PostInferEl3AsyncHwEl
[2026-04-03 00:17:42.923] [32441] [HailoRT] [info] [pipeline.cpp:891] [print_deep_description] LastAsyncEl0PostInferEl3AsyncHwEl | inputs: PostInferEl3AsyncHwEl[0] | outputs: user
[2026-04-03 00:17:42.923] [32441] [HailoRT] [info] [pipeline.cpp:891] [print_deep_description] PushQEl4AsyncHwEl | inputs: AsyncHwEl[0] | outputs: PostInferEl4AsyncHwEl(running in thread_id: 32456)
[2026-04-03 00:17:42.923] [32441] [HailoRT] [info] [pipeline.cpp:891] [print_deep_description] PostInferEl4AsyncHwEl | inputs: PushQEl4AsyncHwEl[0] | outputs: LastAsyncEl0PostInferEl4AsyncHwEl
[2026-04-03 00:17:42.923] [32441] [HailoRT] [info] [pipeline.cpp:891] [print_deep_description] LastAsyncEl0PostInferEl4AsyncHwEl | inputs: PostInferEl4AsyncHwEl[0] | outputs: user
[2026-04-03 00:17:42.923] [32441] [HailoRT] [info] [pipeline.cpp:891] [print_deep_description] PushQEl5AsyncHwEl | inputs: AsyncHwEl[0] | outputs: PostInferEl5AsyncHwEl(running in thread_id: 32457)
[2026-04-03 00:17:42.923] [32441] [HailoRT] [info] [pipeline.cpp:891] [print_deep_description] PostInferEl5AsyncHwEl | inputs: PushQEl5AsyncHwEl[0] | outputs: LastAsyncEl0PostInferEl5AsyncHwEl
[2026-04-03 00:17:42.923] [32441] [HailoRT] [info] [pipeline.cpp:891] [print_deep_description] LastAsyncEl0PostInferEl5AsyncHwEl | inputs: PostInferEl5AsyncHwEl[0] | outputs: user
[2026-04-03 00:17:42.923] [32441] [HailoRT] [info] [pipeline.cpp:891] [print_deep_description] PushQEl6AsyncHwEl | inputs: AsyncHwEl[0] | outputs: PostInferEl6AsyncHwEl(running in thread_id: 32463)
[2026-04-03 00:17:42.923] [32441] [HailoRT] [info] [pipeline.cpp:891] [print_deep_description] PostInferEl6AsyncHwEl | inputs: PushQEl6AsyncHwEl[0] | outputs: LastAsyncEl0PostInferEl6AsyncHwEl
[2026-04-03 00:17:42.923] [32441] [HailoRT] [info] [pipeline.cpp:891] [print_deep_description] LastAsyncEl0PostInferEl6AsyncHwEl | inputs: PostInferEl6AsyncHwEl[0] | outputs: user
[2026-04-03 00:17:42.923] [32441] [HailoRT] [info] [pipeline.cpp:891] [print_deep_description] PushQEl7AsyncHwEl | inputs: AsyncHwEl[0] | outputs: PostInferEl7AsyncHwEl(running in thread_id: 32461)
[2026-04-03 00:17:42.923] [32441] [HailoRT] [info] [pipeline.cpp:891] [print_deep_description] PostInferEl7AsyncHwEl | inputs: PushQEl7AsyncHwEl[0] | outputs: LastAsyncEl0PostInferEl7AsyncHwEl
[2026-04-03 00:17:42.923] [32441] [HailoRT] [info] [pipeline.cpp:891] [print_deep_description] LastAsyncEl0PostInferEl7AsyncHwEl | inputs: PostInferEl7AsyncHwEl[0] | outputs: user
[2026-04-03 00:17:42.923] [32441] [HailoRT] [info] [pipeline.cpp:891] [print_deep_description] PushQEl8AsyncHwEl | inputs: AsyncHwEl[0] | outputs: PostInferEl8AsyncHwEl(running in thread_id: 32462)
[2026-04-03 00:17:42.923] [32441] [HailoRT] [info] [pipeline.cpp:891] [print_deep_description] PostInferEl8AsyncHwEl | inputs: PushQEl8AsyncHwEl[0] | outputs: LastAsyncEl0PostInferEl8AsyncHwEl
[2026-04-03 00:17:42.923] [32441] [HailoRT] [info] [pipeline.cpp:891] [print_deep_description] LastAsyncEl0PostInferEl8AsyncHwEl | inputs: PostInferEl8AsyncHwEl[0] | outputs: user
[2026-04-03 00:17:49.573] [32441] [HailoRT] [info] [async_infer_runner.cpp:86] [shutdown] Pipeline was aborted. Shutting it down
[2026-04-03 00:17:49.573] [32441] [HailoRT] [info] [async_infer_runner.cpp:86] [shutdown] Pipeline was aborted. Shutting it down
[2026-04-03 00:17:49.573] [32441] [HailoRT] [info] [queue_elements.cpp:570] [execute_deactivate] enqueue() in element PushQEl0AsyncHwEl was aborted, got status = HAILO_SHUTDOWN_EVENT_SIGNALED(57)
[2026-04-03 00:17:49.573] [32441] [HailoRT] [info] [queue_elements.cpp:570] [execute_deactivate] enqueue() in element PushQEl1AsyncHwEl was aborted, got status = HAILO_SHUTDOWN_EVENT_SIGNALED(57)
[2026-04-03 00:17:49.573] [32441] [HailoRT] [info] [queue_elements.cpp:570] [execute_deactivate] enqueue() in element PushQEl2AsyncHwEl was aborted, got status = HAILO_SHUTDOWN_EVENT_SIGNALED(57)
[2026-04-03 00:17:49.573] [32441] [HailoRT] [info] [queue_elements.cpp:570] [execute_deactivate] enqueue() in element PushQEl3AsyncHwEl was aborted, got status = HAILO_SHUTDOWN_EVENT_SIGNALED(57)
[2026-04-03 00:17:49.573] [32441] [HailoRT] [info] [queue_elements.cpp:570] [execute_deactivate] enqueue() in element PushQEl4AsyncHwEl was aborted, got status = HAILO_SHUTDOWN_EVENT_SIGNALED(57)
[2026-04-03 00:17:49.573] [32441] [HailoRT] [info] [queue_elements.cpp:570] [execute_deactivate] enqueue() in element PushQEl5AsyncHwEl was aborted, got status = HAILO_SHUTDOWN_EVENT_SIGNALED(57)
[2026-04-03 00:17:49.573] [32441] [HailoRT] [info] [queue_elements.cpp:570] [execute_deactivate] enqueue() in element PushQEl6AsyncHwEl was aborted, got status = HAILO_SHUTDOWN_EVENT_SIGNALED(57)
[2026-04-03 00:17:49.573] [32441] [HailoRT] [info] [queue_elements.cpp:570] [execute_deactivate] enqueue() in element PushQEl7AsyncHwEl was aborted, got status = HAILO_SHUTDOWN_EVENT_SIGNALED(57)
[2026-04-03 00:17:49.573] [32441] [HailoRT] [info] [queue_elements.cpp:570] [execute_deactivate] enqueue() in element PushQEl8AsyncHwEl was aborted, got status = HAILO_SHUTDOWN_EVENT_SIGNALED(57)
[2026-04-03 00:17:49.573] [32441] [HailoRT] [info] [queue_elements.cpp:570] [execute_deactivate] enqueue() in element EntryPushQEl0yolov8s_pose/input_layer1 was aborted, got status = HAILO_SHUTDOWN_EVENT_SIGNALED(57)
[2026-04-03 00:17:49.573] [32441] [HailoRT] [info] [queue_elements.cpp:46] [~BaseQueueElement] Queue element EntryPushQEl0yolov8s_pose/input_layer1 has 0 frames in his Queue on destruction
[2026-04-03 00:17:49.573] [32441] [HailoRT] [info] [queue_elements.cpp:46] [~BaseQueueElement] Queue element PushQEl3AsyncHwEl has 0 frames in his Queue on destruction
[2026-04-03 00:17:49.574] [32441] [HailoRT] [info] [queue_elements.cpp:46] [~BaseQueueElement] Queue element PushQEl4AsyncHwEl has 0 frames in his Queue on destruction
[2026-04-03 00:17:49.574] [32441] [HailoRT] [info] [queue_elements.cpp:46] [~BaseQueueElement] Queue element PushQEl5AsyncHwEl has 0 frames in his Queue on destruction
[2026-04-03 00:17:49.574] [32441] [HailoRT] [info] [queue_elements.cpp:46] [~BaseQueueElement] Queue element PushQEl0AsyncHwEl has 0 frames in his Queue on destruction
[2026-04-03 00:17:49.574] [32441] [HailoRT] [info] [queue_elements.cpp:46] [~BaseQueueElement] Queue element PushQEl1AsyncHwEl has 0 frames in his Queue on destruction
[2026-04-03 00:17:49.574] [32441] [HailoRT] [info] [queue_elements.cpp:46] [~BaseQueueElement] Queue element PushQEl2AsyncHwEl has 0 frames in his Queue on destruction
[2026-04-03 00:17:49.574] [32441] [HailoRT] [info] [queue_elements.cpp:46] [~BaseQueueElement] Queue element PushQEl7AsyncHwEl has 0 frames in his Queue on destruction
[2026-04-03 00:17:49.574] [32441] [HailoRT] [info] [queue_elements.cpp:46] [~BaseQueueElement] Queue element PushQEl8AsyncHwEl has 0 frames in his Queue on destruction
[2026-04-03 00:17:49.574] [32441] [HailoRT] [info] [queue_elements.cpp:46] [~BaseQueueElement] Queue element PushQEl6AsyncHwEl has 0 frames in his Queue on destruction
[2026-04-03 00:25:43.438] [33399] [HailoRT] [info] [vdevice.cpp:523] [create] Creating vdevice with params: device_count: 1, scheduling_algorithm: ROUND_ROBIN, multi_process_service: false
[2026-04-03 00:25:43.451] [33399] [HailoRT] [info] [device.cpp:49] [Device] OS Version: Linux 6.12.62+rpt-rpi-2712 #1 SMP PREEMPT Debian 1:6.12.62-1+rpt1~bookworm (2026-01-19) aarch64
[2026-04-03 00:25:43.452] [33399] [HailoRT] [info] [control.cpp:108] [control__parse_identify_results] firmware_version is: 4.20.0
[2026-04-03 00:25:43.452] [33399] [HailoRT] [info] [vdevice.cpp:651] [create] VDevice Infos: 0001:01:00.0
[2026-04-03 00:25:43.566] [33399] [HailoRT] [info] [hef.cpp:1929] [get_network_group_and_network_name] No name was given. Addressing all networks of default network_group: yolov8s_pose
[2026-04-03 00:25:43.566] [33399] [HailoRT] [info] [hef.cpp:1929] [get_network_group_and_network_name] No name was given. Addressing all networks of default network_group: yolov8s_pose
[2026-04-03 00:25:43.566] [33399] [HailoRT] [info] [hef.cpp:1929] [get_network_group_and_network_name] No name was given. Addressing all networks of default network_group: yolov8s_pose
[2026-04-03 00:25:43.566] [33399] [HailoRT] [info] [hef.cpp:1929] [get_network_group_and_network_name] No name was given. Addressing all networks of default network_group: yolov8s_pose
[2026-04-03 00:25:43.566] [33399] [HailoRT] [info] [hef.cpp:1929] [get_network_group_and_network_name] No name was given. Addressing all networks of default network_group: yolov8s_pose
[2026-04-03 00:25:43.566] [33399] [HailoRT] [warning] [device_internal.cpp:616] [check_hef_is_compatible] HEF was compiled for Hailo8L device, while the device itself is Hailo8. This will result in lower performance.
[2026-04-03 00:25:43.566] [33399] [HailoRT] [warning] [device_internal.cpp:616] [check_hef_is_compatible] HEF was compiled for Hailo8L device, while the device itself is Hailo8. This will result in lower performance.
[2026-04-03 00:25:43.572] [33399] [HailoRT] [info] [internal_buffer_manager.cpp:204] [print_execution_results] Planned internal buffer memory: CMA memory 0, user memory 3321344. memory to edge layer usage factor is 0.93083656
[2026-04-03 00:25:43.572] [33399] [HailoRT] [info] [internal_buffer_manager.cpp:212] [print_execution_results] Default Internal buffer planner executed successfully
[2026-04-03 00:25:43.598] [33399] [HailoRT] [info] [device_internal.cpp:57] [configure] Configuring HEF took 31.422654 milliseconds
[2026-04-03 00:25:43.598] [33399] [HailoRT] [info] [vdevice.cpp:749] [configure] Configuring HEF on VDevice took 31.936617 milliseconds
[2026-04-03 00:25:43.598] [33399] [HailoRT] [info] [infer_model.cpp:436] [configure] Configuring network group 'yolov8s_pose' with params: batch size: 1, power mode: PERFORMANCE, latency: NONE
[2026-04-03 00:25:43.598] [33399] [HailoRT] [info] [multi_io_elements.cpp:756] [create] Created (AsyncHwEl)
[2026-04-03 00:25:43.598] [33399] [HailoRT] [info] [queue_elements.cpp:450] [create] Created (EntryPushQEl0yolov8s_pose/input_layer1 | timeout: 10s)
[2026-04-03 00:25:43.599] [33399] [HailoRT] [info] [queue_elements.cpp:450] [create] Created (PushQEl3AsyncHwEl | timeout: 10s)
[2026-04-03 00:25:43.599] [33399] [HailoRT] [info] [filter_elements.cpp:375] [create] Created (PostInferEl3AsyncHwEl | Quantization - src_type: UINT8, dst_type FLOAT32, limvals_min: -6.02712, limvals_max: 11.844)
[2026-04-03 00:25:43.599] [33399] [HailoRT] [info] [edge_elements.cpp:187] [create] Created (LastAsyncEl0PostInferEl3AsyncHwEl)
[2026-04-03 00:25:43.599] [33399] [HailoRT] [info] [queue_elements.cpp:450] [create] Created (PushQEl4AsyncHwEl | timeout: 10s)
[2026-04-03 00:25:43.599] [33399] [HailoRT] [info] [filter_elements.cpp:375] [create] Created (PostInferEl4AsyncHwEl | Quantization - src_type: UINT8, dst_type FLOAT32, limvals_min: -9.25656, limvals_max: 9.32945 | Reorder - src_order: FCR, src_shape: (20, 20, 56), dst_order: FCR, dst_shape: (20, 20, 51))
[2026-04-03 00:25:43.599] [33399] [HailoRT] [info] [edge_elements.cpp:187] [create] Created (LastAsyncEl0PostInferEl4AsyncHwEl)
[2026-04-03 00:25:43.599] [33399] [HailoRT] [info] [queue_elements.cpp:450] [create] Created (PushQEl5AsyncHwEl | timeout: 10s)
[2026-04-03 00:25:43.599] [33399] [HailoRT] [info] [filter_elements.cpp:375] [create] Created (PostInferEl5AsyncHwEl | Quantization - src_type: UINT8, dst_type FLOAT32, limvals_min: -5.14938, limvals_max: 13.8809)
[2026-04-03 00:25:43.599] [33399] [HailoRT] [info] [edge_elements.cpp:187] [create] Created (LastAsyncEl0PostInferEl5AsyncHwEl)
[2026-04-03 00:25:43.599] [33399] [HailoRT] [info] [queue_elements.cpp:450] [create] Created (PushQEl0AsyncHwEl | timeout: 10s)
[2026-04-03 00:25:43.599] [33399] [HailoRT] [info] [filter_elements.cpp:375] [create] Created (PostInferEl0AsyncHwEl | Quantization - src_type: UINT8, dst_type FLOAT32, limvals_min: 0, limvals_max: 0.927867)
[2026-04-03 00:25:43.599] [33399] [HailoRT] [info] [edge_elements.cpp:187] [create] Created (LastAsyncEl0PostInferEl0AsyncHwEl)
[2026-04-03 00:25:43.599] [33399] [HailoRT] [info] [queue_elements.cpp:450] [create] Created (PushQEl1AsyncHwEl | timeout: 10s)
[2026-04-03 00:25:43.599] [33399] [HailoRT] [info] [filter_elements.cpp:375] [create] Created (PostInferEl1AsyncHwEl | Quantization - src_type: UINT8, dst_type FLOAT32, limvals_min: -5.39702, limvals_max: 12.7114)
[2026-04-03 00:25:43.599] [33399] [HailoRT] [info] [edge_elements.cpp:187] [create] Created (LastAsyncEl0PostInferEl1AsyncHwEl)
[2026-04-03 00:25:43.599] [33399] [HailoRT] [info] [queue_elements.cpp:450] [create] Created (PushQEl2AsyncHwEl | timeout: 10s)
[2026-04-03 00:25:43.599] [33399] [HailoRT] [info] [filter_elements.cpp:375] [create] Created (PostInferEl2AsyncHwEl | Quantization - src_type: UINT8, dst_type FLOAT32, limvals_min: 0, limvals_max: 0.820417)
[2026-04-03 00:25:43.599] [33399] [HailoRT] [info] [edge_elements.cpp:187] [create] Created (LastAsyncEl0PostInferEl2AsyncHwEl)
[2026-04-03 00:25:43.600] [33399] [HailoRT] [info] [queue_elements.cpp:450] [create] Created (PushQEl7AsyncHwEl | timeout: 10s)
[2026-04-03 00:25:43.600] [33399] [HailoRT] [info] [filter_elements.cpp:375] [create] Created (PostInferEl7AsyncHwEl | Quantization - src_type: UINT8, dst_type FLOAT32, limvals_min: -11.0503, limvals_max: 6.78402 | Reorder - src_order: FCR, src_shape: (40, 40, 56), dst_order: FCR, dst_shape: (40, 40, 51))
[2026-04-03 00:25:43.600] [33399] [HailoRT] [info] [edge_elements.cpp:187] [create] Created (LastAsyncEl0PostInferEl7AsyncHwEl)
[2026-04-03 00:25:43.600] [33399] [HailoRT] [info] [queue_elements.cpp:450] [create] Created (PushQEl8AsyncHwEl | timeout: 10s)
[2026-04-03 00:25:43.600] [33399] [HailoRT] [info] [filter_elements.cpp:375] [create] Created (PostInferEl8AsyncHwEl | Quantization - src_type: UINT8, dst_type FLOAT32, limvals_min: 0, limvals_max: 0.617845)
[2026-04-03 00:25:43.600] [33399] [HailoRT] [info] [edge_elements.cpp:187] [create] Created (LastAsyncEl0PostInferEl8AsyncHwEl)
[2026-04-03 00:25:43.600] [33399] [HailoRT] [info] [queue_elements.cpp:450] [create] Created (PushQEl6AsyncHwEl | timeout: 10s)
[2026-04-03 00:25:43.600] [33399] [HailoRT] [info] [filter_elements.cpp:375] [create] Created (PostInferEl6AsyncHwEl | Quantization - src_type: UINT8, dst_type FLOAT32, limvals_min: -7.42123, limvals_max: 5.81243 | Reorder - src_order: FCR, src_shape: (80, 80, 56), dst_order: FCR, dst_shape: (80, 80, 51))
[2026-04-03 00:25:43.600] [33399] [HailoRT] [info] [edge_elements.cpp:187] [create] Created (LastAsyncEl0PostInferEl6AsyncHwEl)
[2026-04-03 00:25:43.600] [33399] [HailoRT] [info] [pipeline.cpp:891] [print_deep_description] EntryPushQEl0yolov8s_pose/input_layer1 | inputs: user | outputs: AsyncHwEl(running in thread_id: 33412)
[2026-04-03 00:25:43.600] [33399] [HailoRT] [info] [pipeline.cpp:891] [print_deep_description] AsyncHwEl | inputs: EntryPushQEl0yolov8s_pose/input_layer1[0] | outputs: PushQEl0AsyncHwEl PushQEl1AsyncHwEl PushQEl2AsyncHwEl PushQEl3AsyncHwEl PushQEl4AsyncHwEl PushQEl5AsyncHwEl PushQEl6AsyncHwEl PushQEl7AsyncHwEl PushQEl8AsyncHwEl
[2026-04-03 00:25:43.600] [33399] [HailoRT] [info] [pipeline.cpp:891] [print_deep_description] PushQEl0AsyncHwEl | inputs: AsyncHwEl[0] | outputs: PostInferEl0AsyncHwEl(running in thread_id: 33416)
[2026-04-03 00:25:43.600] [33399] [HailoRT] [info] [pipeline.cpp:891] [print_deep_description] PostInferEl0AsyncHwEl | inputs: PushQEl0AsyncHwEl[0] | outputs: LastAsyncEl0PostInferEl0AsyncHwEl
[2026-04-03 00:25:43.600] [33399] [HailoRT] [info] [pipeline.cpp:891] [print_deep_description] LastAsyncEl0PostInferEl0AsyncHwEl | inputs: PostInferEl0AsyncHwEl[0] | outputs: user
[2026-04-03 00:25:43.600] [33399] [HailoRT] [info] [pipeline.cpp:891] [print_deep_description] PushQEl1AsyncHwEl | inputs: AsyncHwEl[0] | outputs: PostInferEl1AsyncHwEl(running in thread_id: 33417)
[2026-04-03 00:25:43.600] [33399] [HailoRT] [info] [pipeline.cpp:891] [print_deep_description] PostInferEl1AsyncHwEl | inputs: PushQEl1AsyncHwEl[0] | outputs: LastAsyncEl0PostInferEl1AsyncHwEl
[2026-04-03 00:25:43.600] [33399] [HailoRT] [info] [pipeline.cpp:891] [print_deep_description] LastAsyncEl0PostInferEl1AsyncHwEl | inputs: PostInferEl1AsyncHwEl[0] | outputs: user
[2026-04-03 00:25:43.600] [33399] [HailoRT] [info] [pipeline.cpp:891] [print_deep_description] PushQEl2AsyncHwEl | inputs: AsyncHwEl[0] | outputs: PostInferEl2AsyncHwEl(running in thread_id: 33418)
[2026-04-03 00:25:43.600] [33399] [HailoRT] [info] [pipeline.cpp:891] [print_deep_description] PostInferEl2AsyncHwEl | inputs: PushQEl2AsyncHwEl[0] | outputs: LastAsyncEl0PostInferEl2AsyncHwEl
[2026-04-03 00:25:43.600] [33399] [HailoRT] [info] [pipeline.cpp:891] [print_deep_description] LastAsyncEl0PostInferEl2AsyncHwEl | inputs: PostInferEl2AsyncHwEl[0] | outputs: user
[2026-04-03 00:25:43.600] [33399] [HailoRT] [info] [pipeline.cpp:891] [print_deep_description] PushQEl3AsyncHwEl | inputs: AsyncHwEl[0] | outputs: PostInferEl3AsyncHwEl(running in thread_id: 33413)
[2026-04-03 00:25:43.600] [33399] [HailoRT] [info] [pipeline.cpp:891] [print_deep_description] PostInferEl3AsyncHwEl | inputs: PushQEl3AsyncHwEl[0] | outputs: LastAsyncEl0PostInferEl3AsyncHwEl
[2026-04-03 00:25:43.600] [33399] [HailoRT] [info] [pipeline.cpp:891] [print_deep_description] LastAsyncEl0PostInferEl3AsyncHwEl | inputs: PostInferEl3AsyncHwEl[0] | outputs: user
[2026-04-03 00:25:43.600] [33399] [HailoRT] [info] [pipeline.cpp:891] [print_deep_description] PushQEl4AsyncHwEl | inputs: AsyncHwEl[0] | outputs: PostInferEl4AsyncHwEl(running in thread_id: 33414)
[2026-04-03 00:25:43.600] [33399] [HailoRT] [info] [pipeline.cpp:891] [print_deep_description] PostInferEl4AsyncHwEl | inputs: PushQEl4AsyncHwEl[0] | outputs: LastAsyncEl0PostInferEl4AsyncHwEl
[2026-04-03 00:25:43.600] [33399] [HailoRT] [info] [pipeline.cpp:891] [print_deep_description] LastAsyncEl0PostInferEl4AsyncHwEl | inputs: PostInferEl4AsyncHwEl[0] | outputs: user
[2026-04-03 00:25:43.600] [33399] [HailoRT] [info] [pipeline.cpp:891] [print_deep_description] PushQEl5AsyncHwEl | inputs: AsyncHwEl[0] | outputs: PostInferEl5AsyncHwEl(running in thread_id: 33415)
[2026-04-03 00:25:43.600] [33399] [HailoRT] [info] [pipeline.cpp:891] [print_deep_description] PostInferEl5AsyncHwEl | inputs: PushQEl5AsyncHwEl[0] | outputs: LastAsyncEl0PostInferEl5AsyncHwEl
[2026-04-03 00:25:43.600] [33399] [HailoRT] [info] [pipeline.cpp:891] [print_deep_description] LastAsyncEl0PostInferEl5AsyncHwEl | inputs: PostInferEl5AsyncHwEl[0] | outputs: user
[2026-04-03 00:25:43.600] [33399] [HailoRT] [info] [pipeline.cpp:891] [print_deep_description] PushQEl6AsyncHwEl | inputs: AsyncHwEl[0] | outputs: PostInferEl6AsyncHwEl(running in thread_id: 33421)
[2026-04-03 00:25:43.600] [33399] [HailoRT] [info] [pipeline.cpp:891] [print_deep_description] PostInferEl6AsyncHwEl | inputs: PushQEl6AsyncHwEl[0] | outputs: LastAsyncEl0PostInferEl6AsyncHwEl
[2026-04-03 00:25:43.600] [33399] [HailoRT] [info] [pipeline.cpp:891] [print_deep_description] LastAsyncEl0PostInferEl6AsyncHwEl | inputs: PostInferEl6AsyncHwEl[0] | outputs: user
[2026-04-03 00:25:43.600] [33399] [HailoRT] [info] [pipeline.cpp:891] [print_deep_description] PushQEl7AsyncHwEl | inputs: AsyncHwEl[0] | outputs: PostInferEl7AsyncHwEl(running in thread_id: 33419)
[2026-04-03 00:25:43.600] [33399] [HailoRT] [info] [pipeline.cpp:891] [print_deep_description] PostInferEl7AsyncHwEl | inputs: PushQEl7AsyncHwEl[0] | outputs: LastAsyncEl0PostInferEl7AsyncHwEl
[2026-04-03 00:25:43.600] [33399] [HailoRT] [info] [pipeline.cpp:891] [print_deep_description] LastAsyncEl0PostInferEl7AsyncHwEl | inputs: PostInferEl7AsyncHwEl[0] | outputs: user
[2026-04-03 00:25:43.600] [33399] [HailoRT] [info] [pipeline.cpp:891] [print_deep_description] PushQEl8AsyncHwEl | inputs: AsyncHwEl[0] | outputs: PostInferEl8AsyncHwEl(running in thread_id: 33420)
[2026-04-03 00:25:43.600] [33399] [HailoRT] [info] [pipeline.cpp:891] [print_deep_description] PostInferEl8AsyncHwEl | inputs: PushQEl8AsyncHwEl[0] | outputs: LastAsyncEl0PostInferEl8AsyncHwEl
[2026-04-03 00:25:43.600] [33399] [HailoRT] [info] [pipeline.cpp:891] [print_deep_description] LastAsyncEl0PostInferEl8AsyncHwEl | inputs: PostInferEl8AsyncHwEl[0] | outputs: user
[2026-04-03 00:25:48.091] [33399] [HailoRT] [info] [async_infer_runner.cpp:86] [shutdown] Pipeline was aborted. Shutting it down
[2026-04-03 00:25:48.092] [33399] [HailoRT] [info] [async_infer_runner.cpp:86] [shutdown] Pipeline was aborted. Shutting it down
[2026-04-03 00:25:48.092] [33399] [HailoRT] [info] [queue_elements.cpp:570] [execute_deactivate] enqueue() in element PushQEl0AsyncHwEl was aborted, got status = HAILO_SHUTDOWN_EVENT_SIGNALED(57)
[2026-04-03 00:25:48.092] [33399] [HailoRT] [info] [queue_elements.cpp:570] [execute_deactivate] enqueue() in element PushQEl1AsyncHwEl was aborted, got status = HAILO_SHUTDOWN_EVENT_SIGNALED(57)
[2026-04-03 00:25:48.092] [33399] [HailoRT] [info] [queue_elements.cpp:570] [execute_deactivate] enqueue() in element PushQEl2AsyncHwEl was aborted, got status = HAILO_SHUTDOWN_EVENT_SIGNALED(57)
[2026-04-03 00:25:48.092] [33399] [HailoRT] [info] [queue_elements.cpp:570] [execute_deactivate] enqueue() in element PushQEl3AsyncHwEl was aborted, got status = HAILO_SHUTDOWN_EVENT_SIGNALED(57)
[2026-04-03 00:25:48.092] [33399] [HailoRT] [info] [queue_elements.cpp:570] [execute_deactivate] enqueue() in element PushQEl4AsyncHwEl was aborted, got status = HAILO_SHUTDOWN_EVENT_SIGNALED(57)
[2026-04-03 00:25:48.092] [33399] [HailoRT] [info] [queue_elements.cpp:570] [execute_deactivate] enqueue() in element PushQEl5AsyncHwEl was aborted, got status = HAILO_SHUTDOWN_EVENT_SIGNALED(57)
[2026-04-03 00:25:48.092] [33399] [HailoRT] [info] [queue_elements.cpp:570] [execute_deactivate] enqueue() in element PushQEl6AsyncHwEl was aborted, got status = HAILO_SHUTDOWN_EVENT_SIGNALED(57)
[2026-04-03 00:25:48.092] [33399] [HailoRT] [info] [queue_elements.cpp:570] [execute_deactivate] enqueue() in element PushQEl7AsyncHwEl was aborted, got status = HAILO_SHUTDOWN_EVENT_SIGNALED(57)
[2026-04-03 00:25:48.092] [33399] [HailoRT] [info] [queue_elements.cpp:570] [execute_deactivate] enqueue() in element PushQEl8AsyncHwEl was aborted, got status = HAILO_SHUTDOWN_EVENT_SIGNALED(57)
[2026-04-03 00:25:48.092] [33399] [HailoRT] [info] [queue_elements.cpp:570] [execute_deactivate] enqueue() in element EntryPushQEl0yolov8s_pose/input_layer1 was aborted, got status = HAILO_SHUTDOWN_EVENT_SIGNALED(57)
[2026-04-03 00:25:48.092] [33399] [HailoRT] [info] [queue_elements.cpp:46] [~BaseQueueElement] Queue element EntryPushQEl0yolov8s_pose/input_layer1 has 0 frames in his Queue on destruction
[2026-04-03 00:25:48.092] [33399] [HailoRT] [info] [queue_elements.cpp:46] [~BaseQueueElement] Queue element PushQEl3AsyncHwEl has 0 frames in his Queue on destruction
[2026-04-03 00:25:48.092] [33399] [HailoRT] [info] [queue_elements.cpp:46] [~BaseQueueElement] Queue element PushQEl4AsyncHwEl has 0 frames in his Queue on destruction
[2026-04-03 00:25:48.092] [33399] [HailoRT] [info] [queue_elements.cpp:46] [~BaseQueueElement] Queue element PushQEl5AsyncHwEl has 0 frames in his Queue on destruction
[2026-04-03 00:25:48.092] [33399] [HailoRT] [info] [queue_elements.cpp:46] [~BaseQueueElement] Queue element PushQEl0AsyncHwEl has 0 frames in his Queue on destruction
[2026-04-03 00:25:48.092] [33399] [HailoRT] [info] [queue_elements.cpp:46] [~BaseQueueElement] Queue element PushQEl1AsyncHwEl has 0 frames in his Queue on destruction
[2026-04-03 00:25:48.092] [33399] [HailoRT] [info] [queue_elements.cpp:46] [~BaseQueueElement] Queue element PushQEl2AsyncHwEl has 0 frames in his Queue on destruction
[2026-04-03 00:25:48.092] [33399] [HailoRT] [info] [queue_elements.cpp:46] [~BaseQueueElement] Queue element PushQEl7AsyncHwEl has 0 frames in his Queue on destruction
[2026-04-03 00:25:48.093] [33399] [HailoRT] [info] [queue_elements.cpp:46] [~BaseQueueElement] Queue element PushQEl8AsyncHwEl has 0 frames in his Queue on destruction
[2026-04-03 00:25:48.093] [33399] [HailoRT] [info] [queue_elements.cpp:46] [~BaseQueueElement] Queue element PushQEl6AsyncHwEl has 0 frames in his Queue on destruction
[2026-04-03 00:26:01.886] [33532] [HailoRT] [info] [vdevice.cpp:523] [create] Creating vdevice with params: device_count: 1, scheduling_algorithm: ROUND_ROBIN, multi_process_service: false
[2026-04-03 00:26:01.898] [33532] [HailoRT] [info] [device.cpp:49] [Device] OS Version: Linux 6.12.62+rpt-rpi-2712 #1 SMP PREEMPT Debian 1:6.12.62-1+rpt1~bookworm (2026-01-19) aarch64
[2026-04-03 00:26:01.900] [33532] [HailoRT] [info] [control.cpp:108] [control__parse_identify_results] firmware_version is: 4.20.0
[2026-04-03 00:26:01.900] [33532] [HailoRT] [info] [vdevice.cpp:651] [create] VDevice Infos: 0001:01:00.0
[2026-04-03 00:26:02.005] [33532] [HailoRT] [info] [hef.cpp:1929] [get_network_group_and_network_name] No name was given. Addressing all networks of default network_group: yolov8s_pose
[2026-04-03 00:26:02.005] [33532] [HailoRT] [info] [hef.cpp:1929] [get_network_group_and_network_name] No name was given. Addressing all networks of default network_group: yolov8s_pose
[2026-04-03 00:26:02.005] [33532] [HailoRT] [info] [hef.cpp:1929] [get_network_group_and_network_name] No name was given. Addressing all networks of default network_group: yolov8s_pose
[2026-04-03 00:26:02.005] [33532] [HailoRT] [info] [hef.cpp:1929] [get_network_group_and_network_name] No name was given. Addressing all networks of default network_group: yolov8s_pose
[2026-04-03 00:26:02.005] [33532] [HailoRT] [info] [hef.cpp:1929] [get_network_group_and_network_name] No name was given. Addressing all networks of default network_group: yolov8s_pose
[2026-04-03 00:26:02.005] [33532] [HailoRT] [warning] [device_internal.cpp:616] [check_hef_is_compatible] HEF was compiled for Hailo8L device, while the device itself is Hailo8. This will result in lower performance.
[2026-04-03 00:26:02.006] [33532] [HailoRT] [warning] [device_internal.cpp:616] [check_hef_is_compatible] HEF was compiled for Hailo8L device, while the device itself is Hailo8. This will result in lower performance.
[2026-04-03 00:26:02.012] [33532] [HailoRT] [info] [internal_buffer_manager.cpp:204] [print_execution_results] Planned internal buffer memory: CMA memory 0, user memory 3321344. memory to edge layer usage factor is 0.93083656
[2026-04-03 00:26:02.012] [33532] [HailoRT] [info] [internal_buffer_manager.cpp:212] [print_execution_results] Default Internal buffer planner executed successfully
[2026-04-03 00:26:02.042] [33532] [HailoRT] [info] [device_internal.cpp:57] [configure] Configuring HEF took 36.359247 milliseconds
[2026-04-03 00:26:02.042] [33532] [HailoRT] [info] [vdevice.cpp:749] [configure] Configuring HEF on VDevice took 36.843135 milliseconds
[2026-04-03 00:26:02.042] [33532] [HailoRT] [info] [infer_model.cpp:436] [configure] Configuring network group 'yolov8s_pose' with params: batch size: 1, power mode: PERFORMANCE, latency: NONE
[2026-04-03 00:26:02.042] [33532] [HailoRT] [info] [multi_io_elements.cpp:756] [create] Created (AsyncHwEl)
[2026-04-03 00:26:02.042] [33532] [HailoRT] [info] [queue_elements.cpp:450] [create] Created (EntryPushQEl0yolov8s_pose/input_layer1 | timeout: 10s)
[2026-04-03 00:26:02.043] [33532] [HailoRT] [info] [queue_elements.cpp:450] [create] Created (PushQEl3AsyncHwEl | timeout: 10s)
[2026-04-03 00:26:02.043] [33532] [HailoRT] [info] [filter_elements.cpp:375] [create] Created (PostInferEl3AsyncHwEl | Quantization - src_type: UINT8, dst_type FLOAT32, limvals_min: -6.02712, limvals_max: 11.844)
[2026-04-03 00:26:02.043] [33532] [HailoRT] [info] [edge_elements.cpp:187] [create] Created (LastAsyncEl0PostInferEl3AsyncHwEl)
[2026-04-03 00:26:02.043] [33532] [HailoRT] [info] [queue_elements.cpp:450] [create] Created (PushQEl4AsyncHwEl | timeout: 10s)
[2026-04-03 00:26:02.043] [33532] [HailoRT] [info] [filter_elements.cpp:375] [create] Created (PostInferEl4AsyncHwEl | Quantization - src_type: UINT8, dst_type FLOAT32, limvals_min: -9.25656, limvals_max: 9.32945 | Reorder - src_order: FCR, src_shape: (20, 20, 56), dst_order: FCR, dst_shape: (20, 20, 51))
[2026-04-03 00:26:02.043] [33532] [HailoRT] [info] [edge_elements.cpp:187] [create] Created (LastAsyncEl0PostInferEl4AsyncHwEl)
[2026-04-03 00:26:02.043] [33532] [HailoRT] [info] [queue_elements.cpp:450] [create] Created (PushQEl5AsyncHwEl | timeout: 10s)
[2026-04-03 00:26:02.043] [33532] [HailoRT] [info] [filter_elements.cpp:375] [create] Created (PostInferEl5AsyncHwEl | Quantization - src_type: UINT8, dst_type FLOAT32, limvals_min: -5.14938, limvals_max: 13.8809)
[2026-04-03 00:26:02.043] [33532] [HailoRT] [info] [edge_elements.cpp:187] [create] Created (LastAsyncEl0PostInferEl5AsyncHwEl)
[2026-04-03 00:26:02.043] [33532] [HailoRT] [info] [queue_elements.cpp:450] [create] Created (PushQEl0AsyncHwEl | timeout: 10s)
[2026-04-03 00:26:02.043] [33532] [HailoRT] [info] [filter_elements.cpp:375] [create] Created (PostInferEl0AsyncHwEl | Quantization - src_type: UINT8, dst_type FLOAT32, limvals_min: 0, limvals_max: 0.927867)
[2026-04-03 00:26:02.043] [33532] [HailoRT] [info] [edge_elements.cpp:187] [create] Created (LastAsyncEl0PostInferEl0AsyncHwEl)
[2026-04-03 00:26:02.043] [33532] [HailoRT] [info] [queue_elements.cpp:450] [create] Created (PushQEl1AsyncHwEl | timeout: 10s)
[2026-04-03 00:26:02.043] [33532] [HailoRT] [info] [filter_elements.cpp:375] [create] Created (PostInferEl1AsyncHwEl | Quantization - src_type: UINT8, dst_type FLOAT32, limvals_min: -5.39702, limvals_max: 12.7114)
[2026-04-03 00:26:02.043] [33532] [HailoRT] [info] [edge_elements.cpp:187] [create] Created (LastAsyncEl0PostInferEl1AsyncHwEl)
[2026-04-03 00:26:02.043] [33532] [HailoRT] [info] [queue_elements.cpp:450] [create] Created (PushQEl2AsyncHwEl | timeout: 10s)
[2026-04-03 00:26:02.043] [33532] [HailoRT] [info] [filter_elements.cpp:375] [create] Created (PostInferEl2AsyncHwEl | Quantization - src_type: UINT8, dst_type FLOAT32, limvals_min: 0, limvals_max: 0.820417)
[2026-04-03 00:26:02.044] [33532] [HailoRT] [info] [edge_elements.cpp:187] [create] Created (LastAsyncEl0PostInferEl2AsyncHwEl)
[2026-04-03 00:26:02.044] [33532] [HailoRT] [info] [queue_elements.cpp:450] [create] Created (PushQEl7AsyncHwEl | timeout: 10s)
[2026-04-03 00:26:02.044] [33532] [HailoRT] [info] [filter_elements.cpp:375] [create] Created (PostInferEl7AsyncHwEl | Quantization - src_type: UINT8, dst_type FLOAT32, limvals_min: -11.0503, limvals_max: 6.78402 | Reorder - src_order: FCR, src_shape: (40, 40, 56), dst_order: FCR, dst_shape: (40, 40, 51))
[2026-04-03 00:26:02.044] [33532] [HailoRT] [info] [edge_elements.cpp:187] [create] Created (LastAsyncEl0PostInferEl7AsyncHwEl)
[2026-04-03 00:26:02.044] [33532] [HailoRT] [info] [queue_elements.cpp:450] [create] Created (PushQEl8AsyncHwEl | timeout: 10s)
[2026-04-03 00:26:02.044] [33532] [HailoRT] [info] [filter_elements.cpp:375] [create] Created (PostInferEl8AsyncHwEl | Quantization - src_type: UINT8, dst_type FLOAT32, limvals_min: 0, limvals_max: 0.617845)
[2026-04-03 00:26:02.044] [33532] [HailoRT] [info] [edge_elements.cpp:187] [create] Created (LastAsyncEl0PostInferEl8AsyncHwEl)
[2026-04-03 00:26:02.044] [33532] [HailoRT] [info] [queue_elements.cpp:450] [create] Created (PushQEl6AsyncHwEl | timeout: 10s)
[2026-04-03 00:26:02.044] [33532] [HailoRT] [info] [filter_elements.cpp:375] [create] Created (PostInferEl6AsyncHwEl | Quantization - src_type: UINT8, dst_type FLOAT32, limvals_min: -7.42123, limvals_max: 5.81243 | Reorder - src_order: FCR, src_shape: (80, 80, 56), dst_order: FCR, dst_shape: (80, 80, 51))
[2026-04-03 00:26:02.044] [33532] [HailoRT] [info] [edge_elements.cpp:187] [create] Created (LastAsyncEl0PostInferEl6AsyncHwEl)
[2026-04-03 00:26:02.044] [33532] [HailoRT] [info] [pipeline.cpp:891] [print_deep_description] EntryPushQEl0yolov8s_pose/input_layer1 | inputs: user | outputs: AsyncHwEl(running in thread_id: 33540)
[2026-04-03 00:26:02.044] [33532] [HailoRT] [info] [pipeline.cpp:891] [print_deep_description] AsyncHwEl | inputs: EntryPushQEl0yolov8s_pose/input_layer1[0] | outputs: PushQEl0AsyncHwEl PushQEl1AsyncHwEl PushQEl2AsyncHwEl PushQEl3AsyncHwEl PushQEl4AsyncHwEl PushQEl5AsyncHwEl PushQEl6AsyncHwEl PushQEl7AsyncHwEl PushQEl8AsyncHwEl
[2026-04-03 00:26:02.044] [33532] [HailoRT] [info] [pipeline.cpp:891] [print_deep_description] PushQEl0AsyncHwEl | inputs: AsyncHwEl[0] | outputs: PostInferEl0AsyncHwEl(running in thread_id: 33544)
[2026-04-03 00:26:02.044] [33532] [HailoRT] [info] [pipeline.cpp:891] [print_deep_description] PostInferEl0AsyncHwEl | inputs: PushQEl0AsyncHwEl[0] | outputs: LastAsyncEl0PostInferEl0AsyncHwEl
[2026-04-03 00:26:02.044] [33532] [HailoRT] [info] [pipeline.cpp:891] [print_deep_description] LastAsyncEl0PostInferEl0AsyncHwEl | inputs: PostInferEl0AsyncHwEl[0] | outputs: user
[2026-04-03 00:26:02.044] [33532] [HailoRT] [info] [pipeline.cpp:891] [print_deep_description] PushQEl1AsyncHwEl | inputs: AsyncHwEl[0] | outputs: PostInferEl1AsyncHwEl(running in thread_id: 33545)
[2026-04-03 00:26:02.044] [33532] [HailoRT] [info] [pipeline.cpp:891] [print_deep_description] PostInferEl1AsyncHwEl | inputs: PushQEl1AsyncHwEl[0] | outputs: LastAsyncEl0PostInferEl1AsyncHwEl
[2026-04-03 00:26:02.044] [33532] [HailoRT] [info] [pipeline.cpp:891] [print_deep_description] LastAsyncEl0PostInferEl1AsyncHwEl | inputs: PostInferEl1AsyncHwEl[0] | outputs: user
[2026-04-03 00:26:02.044] [33532] [HailoRT] [info] [pipeline.cpp:891] [print_deep_description] PushQEl2AsyncHwEl | inputs: AsyncHwEl[0] | outputs: PostInferEl2AsyncHwEl(running in thread_id: 33546)
[2026-04-03 00:26:02.044] [33532] [HailoRT] [info] [pipeline.cpp:891] [print_deep_description] PostInferEl2AsyncHwEl | inputs: PushQEl2AsyncHwEl[0] | outputs: LastAsyncEl0PostInferEl2AsyncHwEl
[2026-04-03 00:26:02.044] [33532] [HailoRT] [info] [pipeline.cpp:891] [print_deep_description] LastAsyncEl0PostInferEl2AsyncHwEl | inputs: PostInferEl2AsyncHwEl[0] | outputs: user
[2026-04-03 00:26:02.044] [33532] [HailoRT] [info] [pipeline.cpp:891] [print_deep_description] PushQEl3AsyncHwEl | inputs: AsyncHwEl[0] | outputs: PostInferEl3AsyncHwEl(running in thread_id: 33541)
[2026-04-03 00:26:02.044] [33532] [HailoRT] [info] [pipeline.cpp:891] [print_deep_description] PostInferEl3AsyncHwEl | inputs: PushQEl3AsyncHwEl[0] | outputs: LastAsyncEl0PostInferEl3AsyncHwEl
[2026-04-03 00:26:02.044] [33532] [HailoRT] [info] [pipeline.cpp:891] [print_deep_description] LastAsyncEl0PostInferEl3AsyncHwEl | inputs: PostInferEl3AsyncHwEl[0] | outputs: user
[2026-04-03 00:26:02.044] [33532] [HailoRT] [info] [pipeline.cpp:891] [print_deep_description] PushQEl4AsyncHwEl | inputs: AsyncHwEl[0] | outputs: PostInferEl4AsyncHwEl(running in thread_id: 33542)
[2026-04-03 00:26:02.044] [33532] [HailoRT] [info] [pipeline.cpp:891] [print_deep_description] PostInferEl4AsyncHwEl | inputs: PushQEl4AsyncHwEl[0] | outputs: LastAsyncEl0PostInferEl4AsyncHwEl
[2026-04-03 00:26:02.044] [33532] [HailoRT] [info] [pipeline.cpp:891] [print_deep_description] LastAsyncEl0PostInferEl4AsyncHwEl | inputs: PostInferEl4AsyncHwEl[0] | outputs: user
[2026-04-03 00:26:02.044] [33532] [HailoRT] [info] [pipeline.cpp:891] [print_deep_description] PushQEl5AsyncHwEl | inputs: AsyncHwEl[0] | outputs: PostInferEl5AsyncHwEl(running in thread_id: 33543)
[2026-04-03 00:26:02.044] [33532] [HailoRT] [info] [pipeline.cpp:891] [print_deep_description] PostInferEl5AsyncHwEl | inputs: PushQEl5AsyncHwEl[0] | outputs: LastAsyncEl0PostInferEl5AsyncHwEl
[2026-04-03 00:26:02.044] [33532] [HailoRT] [info] [pipeline.cpp:891] [print_deep_description] LastAsyncEl0PostInferEl5AsyncHwEl | inputs: PostInferEl5AsyncHwEl[0] | outputs: user
[2026-04-03 00:26:02.044] [33532] [HailoRT] [info] [pipeline.cpp:891] [print_deep_description] PushQEl6AsyncHwEl | inputs: AsyncHwEl[0] | outputs: PostInferEl6AsyncHwEl(running in thread_id: 33549)
[2026-04-03 00:26:02.044] [33532] [HailoRT] [info] [pipeline.cpp:891] [print_deep_description] PostInferEl6AsyncHwEl | inputs: PushQEl6AsyncHwEl[0] | outputs: LastAsyncEl0PostInferEl6AsyncHwEl
[2026-04-03 00:26:02.044] [33532] [HailoRT] [info] [pipeline.cpp:891] [print_deep_description] LastAsyncEl0PostInferEl6AsyncHwEl | inputs: PostInferEl6AsyncHwEl[0] | outputs: user
[2026-04-03 00:26:02.044] [33532] [HailoRT] [info] [pipeline.cpp:891] [print_deep_description] PushQEl7AsyncHwEl | inputs: AsyncHwEl[0] | outputs: PostInferEl7AsyncHwEl(running in thread_id: 33547)
[2026-04-03 00:26:02.044] [33532] [HailoRT] [info] [pipeline.cpp:891] [print_deep_description] PostInferEl7AsyncHwEl | inputs: PushQEl7AsyncHwEl[0] | outputs: LastAsyncEl0PostInferEl7AsyncHwEl
[2026-04-03 00:26:02.044] [33532] [HailoRT] [info] [pipeline.cpp:891] [print_deep_description] LastAsyncEl0PostInferEl7AsyncHwEl | inputs: PostInferEl7AsyncHwEl[0] | outputs: user
[2026-04-03 00:26:02.044] [33532] [HailoRT] [info] [pipeline.cpp:891] [print_deep_description] PushQEl8AsyncHwEl | inputs: AsyncHwEl[0] | outputs: PostInferEl8AsyncHwEl(running in thread_id: 33548)
[2026-04-03 00:26:02.044] [33532] [HailoRT] [info] [pipeline.cpp:891] [print_deep_description] PostInferEl8AsyncHwEl | inputs: PushQEl8AsyncHwEl[0] | outputs: LastAsyncEl0PostInferEl8AsyncHwEl
[2026-04-03 00:26:02.044] [33532] [HailoRT] [info] [pipeline.cpp:891] [print_deep_description] LastAsyncEl0PostInferEl8AsyncHwEl | inputs: PostInferEl8AsyncHwEl[0] | outputs: user
[2026-04-03 00:26:03.683] [33532] [HailoRT] [info] [async_infer_runner.cpp:86] [shutdown] Pipeline was aborted. Shutting it down
[2026-04-03 00:26:03.683] [33532] [HailoRT] [info] [async_infer_runner.cpp:86] [shutdown] Pipeline was aborted. Shutting it down
[2026-04-03 00:26:03.683] [33532] [HailoRT] [info] [queue_elements.cpp:570] [execute_deactivate] enqueue() in element PushQEl0AsyncHwEl was aborted, got status = HAILO_SHUTDOWN_EVENT_SIGNALED(57)
[2026-04-03 00:26:03.683] [33532] [HailoRT] [info] [queue_elements.cpp:570] [execute_deactivate] enqueue() in element PushQEl1AsyncHwEl was aborted, got status = HAILO_SHUTDOWN_EVENT_SIGNALED(57)
[2026-04-03 00:26:03.683] [33532] [HailoRT] [info] [queue_elements.cpp:570] [execute_deactivate] enqueue() in element PushQEl2AsyncHwEl was aborted, got status = HAILO_SHUTDOWN_EVENT_SIGNALED(57)
[2026-04-03 00:26:03.683] [33532] [HailoRT] [info] [queue_elements.cpp:570] [execute_deactivate] enqueue() in element PushQEl3AsyncHwEl was aborted, got status = HAILO_SHUTDOWN_EVENT_SIGNALED(57)
[2026-04-03 00:26:03.683] [33532] [HailoRT] [info] [queue_elements.cpp:570] [execute_deactivate] enqueue() in element PushQEl4AsyncHwEl was aborted, got status = HAILO_SHUTDOWN_EVENT_SIGNALED(57)
[2026-04-03 00:26:03.683] [33532] [HailoRT] [info] [queue_elements.cpp:570] [execute_deactivate] enqueue() in element PushQEl5AsyncHwEl was aborted, got status = HAILO_SHUTDOWN_EVENT_SIGNALED(57)
[2026-04-03 00:26:03.683] [33532] [HailoRT] [info] [queue_elements.cpp:570] [execute_deactivate] enqueue() in element PushQEl6AsyncHwEl was aborted, got status = HAILO_SHUTDOWN_EVENT_SIGNALED(57)
[2026-04-03 00:26:03.683] [33532] [HailoRT] [info] [queue_elements.cpp:570] [execute_deactivate] enqueue() in element PushQEl7AsyncHwEl was aborted, got status = HAILO_SHUTDOWN_EVENT_SIGNALED(57)
[2026-04-03 00:26:03.683] [33532] [HailoRT] [info] [queue_elements.cpp:570] [execute_deactivate] enqueue() in element PushQEl8AsyncHwEl was aborted, got status = HAILO_SHUTDOWN_EVENT_SIGNALED(57)
[2026-04-03 00:26:03.683] [33532] [HailoRT] [info] [queue_elements.cpp:570] [execute_deactivate] enqueue() in element EntryPushQEl0yolov8s_pose/input_layer1 was aborted, got status = HAILO_SHUTDOWN_EVENT_SIGNALED(57)
[2026-04-03 00:26:03.683] [33532] [HailoRT] [info] [queue_elements.cpp:46] [~BaseQueueElement] Queue element EntryPushQEl0yolov8s_pose/input_layer1 has 0 frames in his Queue on destruction
[2026-04-03 00:26:03.683] [33532] [HailoRT] [info] [queue_elements.cpp:46] [~BaseQueueElement] Queue element PushQEl3AsyncHwEl has 0 frames in his Queue on destruction
[2026-04-03 00:26:03.683] [33532] [HailoRT] [info] [queue_elements.cpp:46] [~BaseQueueElement] Queue element PushQEl4AsyncHwEl has 0 frames in his Queue on destruction
[2026-04-03 00:26:03.683] [33532] [HailoRT] [info] [queue_elements.cpp:46] [~BaseQueueElement] Queue element PushQEl5AsyncHwEl has 0 frames in his Queue on destruction
[2026-04-03 00:26:03.683] [33532] [HailoRT] [info] [queue_elements.cpp:46] [~BaseQueueElement] Queue element PushQEl0AsyncHwEl has 0 frames in his Queue on destruction
[2026-04-03 00:26:03.683] [33532] [HailoRT] [info] [queue_elements.cpp:46] [~BaseQueueElement] Queue element PushQEl1AsyncHwEl has 0 frames in his Queue on destruction
[2026-04-03 00:26:03.684] [33532] [HailoRT] [info] [queue_elements.cpp:46] [~BaseQueueElement] Queue element PushQEl2AsyncHwEl has 0 frames in his Queue on destruction
[2026-04-03 00:26:03.684] [33532] [HailoRT] [info] [queue_elements.cpp:46] [~BaseQueueElement] Queue element PushQEl7AsyncHwEl has 0 frames in his Queue on destruction
[2026-04-03 00:26:03.684] [33532] [HailoRT] [info] [queue_elements.cpp:46] [~BaseQueueElement] Queue element PushQEl8AsyncHwEl has 0 frames in his Queue on destruction
[2026-04-03 00:26:03.684] [33532] [HailoRT] [info] [queue_elements.cpp:46] [~BaseQueueElement] Queue element PushQEl6AsyncHwEl has 0 frames in his Queue on destruction
[2026-04-03 00:26:19.535] [33651] [HailoRT] [info] [vdevice.cpp:523] [create] Creating vdevice with params: device_count: 1, scheduling_algorithm: ROUND_ROBIN, multi_process_service: false
[2026-04-03 00:26:19.547] [33651] [HailoRT] [info] [device.cpp:49] [Device] OS Version: Linux 6.12.62+rpt-rpi-2712 #1 SMP PREEMPT Debian 1:6.12.62-1+rpt1~bookworm (2026-01-19) aarch64
[2026-04-03 00:26:19.548] [33651] [HailoRT] [info] [control.cpp:108] [control__parse_identify_results] firmware_version is: 4.20.0
[2026-04-03 00:26:19.548] [33651] [HailoRT] [info] [vdevice.cpp:651] [create] VDevice Infos: 0001:01:00.0
[2026-04-03 00:26:19.653] [33651] [HailoRT] [info] [hef.cpp:1929] [get_network_group_and_network_name] No name was given. Addressing all networks of default network_group: yolov8s_pose
[2026-04-03 00:26:19.653] [33651] [HailoRT] [info] [hef.cpp:1929] [get_network_group_and_network_name] No name was given. Addressing all networks of default network_group: yolov8s_pose
[2026-04-03 00:26:19.653] [33651] [HailoRT] [info] [hef.cpp:1929] [get_network_group_and_network_name] No name was given. Addressing all networks of default network_group: yolov8s_pose
[2026-04-03 00:26:19.653] [33651] [HailoRT] [info] [hef.cpp:1929] [get_network_group_and_network_name] No name was given. Addressing all networks of default network_group: yolov8s_pose
[2026-04-03 00:26:19.653] [33651] [HailoRT] [info] [hef.cpp:1929] [get_network_group_and_network_name] No name was given. Addressing all networks of default network_group: yolov8s_pose
[2026-04-03 00:26:19.653] [33651] [HailoRT] [warning] [device_internal.cpp:616] [check_hef_is_compatible] HEF was compiled for Hailo8L device, while the device itself is Hailo8. This will result in lower performance.
[2026-04-03 00:26:19.654] [33651] [HailoRT] [warning] [device_internal.cpp:616] [check_hef_is_compatible] HEF was compiled for Hailo8L device, while the device itself is Hailo8. This will result in lower performance.
[2026-04-03 00:26:19.661] [33651] [HailoRT] [info] [internal_buffer_manager.cpp:204] [print_execution_results] Planned internal buffer memory: CMA memory 0, user memory 3321344. memory to edge layer usage factor is 0.93083656
[2026-04-03 00:26:19.661] [33651] [HailoRT] [info] [internal_buffer_manager.cpp:212] [print_execution_results] Default Internal buffer planner executed successfully
[2026-04-03 00:26:19.692] [33651] [HailoRT] [info] [device_internal.cpp:57] [configure] Configuring HEF took 38.530637 milliseconds
[2026-04-03 00:26:19.692] [33651] [HailoRT] [info] [vdevice.cpp:749] [configure] Configuring HEF on VDevice took 39.079322 milliseconds
[2026-04-03 00:26:19.692] [33651] [HailoRT] [info] [infer_model.cpp:436] [configure] Configuring network group 'yolov8s_pose' with params: batch size: 1, power mode: PERFORMANCE, latency: NONE
[2026-04-03 00:26:19.692] [33651] [HailoRT] [info] [multi_io_elements.cpp:756] [create] Created (AsyncHwEl)
[2026-04-03 00:26:19.693] [33651] [HailoRT] [info] [queue_elements.cpp:450] [create] Created (EntryPushQEl0yolov8s_pose/input_layer1 | timeout: 10s)
[2026-04-03 00:26:19.693] [33651] [HailoRT] [info] [queue_elements.cpp:450] [create] Created (PushQEl3AsyncHwEl | timeout: 10s)
[2026-04-03 00:26:19.693] [33651] [HailoRT] [info] [filter_elements.cpp:375] [create] Created (PostInferEl3AsyncHwEl | Quantization - src_type: UINT8, dst_type FLOAT32, limvals_min: -6.02712, limvals_max: 11.844)
[2026-04-03 00:26:19.693] [33651] [HailoRT] [info] [edge_elements.cpp:187] [create] Created (LastAsyncEl0PostInferEl3AsyncHwEl)
[2026-04-03 00:26:19.693] [33651] [HailoRT] [info] [queue_elements.cpp:450] [create] Created (PushQEl4AsyncHwEl | timeout: 10s)
[2026-04-03 00:26:19.693] [33651] [HailoRT] [info] [filter_elements.cpp:375] [create] Created (PostInferEl4AsyncHwEl | Quantization - src_type: UINT8, dst_type FLOAT32, limvals_min: -9.25656, limvals_max: 9.32945 | Reorder - src_order: FCR, src_shape: (20, 20, 56), dst_order: FCR, dst_shape: (20, 20, 51))
[2026-04-03 00:26:19.693] [33651] [HailoRT] [info] [edge_elements.cpp:187] [create] Created (LastAsyncEl0PostInferEl4AsyncHwEl)
[2026-04-03 00:26:19.693] [33651] [HailoRT] [info] [queue_elements.cpp:450] [create] Created (PushQEl5AsyncHwEl | timeout: 10s)
[2026-04-03 00:26:19.693] [33651] [HailoRT] [info] [filter_elements.cpp:375] [create] Created (PostInferEl5AsyncHwEl | Quantization - src_type: UINT8, dst_type FLOAT32, limvals_min: -5.14938, limvals_max: 13.8809)
[2026-04-03 00:26:19.693] [33651] [HailoRT] [info] [edge_elements.cpp:187] [create] Created (LastAsyncEl0PostInferEl5AsyncHwEl)
[2026-04-03 00:26:19.693] [33651] [HailoRT] [info] [queue_elements.cpp:450] [create] Created (PushQEl0AsyncHwEl | timeout: 10s)
[2026-04-03 00:26:19.693] [33651] [HailoRT] [info] [filter_elements.cpp:375] [create] Created (PostInferEl0AsyncHwEl | Quantization - src_type: UINT8, dst_type FLOAT32, limvals_min: 0, limvals_max: 0.927867)
[2026-04-03 00:26:19.693] [33651] [HailoRT] [info] [edge_elements.cpp:187] [create] Created (LastAsyncEl0PostInferEl0AsyncHwEl)
[2026-04-03 00:26:19.694] [33651] [HailoRT] [info] [queue_elements.cpp:450] [create] Created (PushQEl1AsyncHwEl | timeout: 10s)
[2026-04-03 00:26:19.694] [33651] [HailoRT] [info] [filter_elements.cpp:375] [create] Created (PostInferEl1AsyncHwEl | Quantization - src_type: UINT8, dst_type FLOAT32, limvals_min: -5.39702, limvals_max: 12.7114)
[2026-04-03 00:26:19.694] [33651] [HailoRT] [info] [edge_elements.cpp:187] [create] Created (LastAsyncEl0PostInferEl1AsyncHwEl)
[2026-04-03 00:26:19.694] [33651] [HailoRT] [info] [queue_elements.cpp:450] [create] Created (PushQEl2AsyncHwEl | timeout: 10s)
[2026-04-03 00:26:19.694] [33651] [HailoRT] [info] [filter_elements.cpp:375] [create] Created (PostInferEl2AsyncHwEl | Quantization - src_type: UINT8, dst_type FLOAT32, limvals_min: 0, limvals_max: 0.820417)
[2026-04-03 00:26:19.694] [33651] [HailoRT] [info] [edge_elements.cpp:187] [create] Created (LastAsyncEl0PostInferEl2AsyncHwEl)
[2026-04-03 00:26:19.694] [33651] [HailoRT] [info] [queue_elements.cpp:450] [create] Created (PushQEl7AsyncHwEl | timeout: 10s)
[2026-04-03 00:26:19.694] [33651] [HailoRT] [info] [filter_elements.cpp:375] [create] Created (PostInferEl7AsyncHwEl | Quantization - src_type: UINT8, dst_type FLOAT32, limvals_min: -11.0503, limvals_max: 6.78402 | Reorder - src_order: FCR, src_shape: (40, 40, 56), dst_order: FCR, dst_shape: (40, 40, 51))
[2026-04-03 00:26:19.694] [33651] [HailoRT] [info] [edge_elements.cpp:187] [create] Created (LastAsyncEl0PostInferEl7AsyncHwEl)
[2026-04-03 00:26:19.694] [33651] [HailoRT] [info] [queue_elements.cpp:450] [create] Created (PushQEl8AsyncHwEl | timeout: 10s)
[2026-04-03 00:26:19.694] [33651] [HailoRT] [info] [filter_elements.cpp:375] [create] Created (PostInferEl8AsyncHwEl | Quantization - src_type: UINT8, dst_type FLOAT32, limvals_min: 0, limvals_max: 0.617845)
[2026-04-03 00:26:19.694] [33651] [HailoRT] [info] [edge_elements.cpp:187] [create] Created (LastAsyncEl0PostInferEl8AsyncHwEl)
[2026-04-03 00:26:19.694] [33651] [HailoRT] [info] [queue_elements.cpp:450] [create] Created (PushQEl6AsyncHwEl | timeout: 10s)
[2026-04-03 00:26:19.694] [33651] [HailoRT] [info] [filter_elements.cpp:375] [create] Created (PostInferEl6AsyncHwEl | Quantization - src_type: UINT8, dst_type FLOAT32, limvals_min: -7.42123, limvals_max: 5.81243 | Reorder - src_order: FCR, src_shape: (80, 80, 56), dst_order: FCR, dst_shape: (80, 80, 51))
[2026-04-03 00:26:19.694] [33651] [HailoRT] [info] [edge_elements.cpp:187] [create] Created (LastAsyncEl0PostInferEl6AsyncHwEl)
[2026-04-03 00:26:19.694] [33651] [HailoRT] [info] [pipeline.cpp:891] [print_deep_description] EntryPushQEl0yolov8s_pose/input_layer1 | inputs: user | outputs: AsyncHwEl(running in thread_id: 33659)
[2026-04-03 00:26:19.694] [33651] [HailoRT] [info] [pipeline.cpp:891] [print_deep_description] AsyncHwEl | inputs: EntryPushQEl0yolov8s_pose/input_layer1[0] | outputs: PushQEl0AsyncHwEl PushQEl1AsyncHwEl PushQEl2AsyncHwEl PushQEl3AsyncHwEl PushQEl4AsyncHwEl PushQEl5AsyncHwEl PushQEl6AsyncHwEl PushQEl7AsyncHwEl PushQEl8AsyncHwEl
[2026-04-03 00:26:19.694] [33651] [HailoRT] [info] [pipeline.cpp:891] [print_deep_description] PushQEl0AsyncHwEl | inputs: AsyncHwEl[0] | outputs: PostInferEl0AsyncHwEl(running in thread_id: 33663)
[2026-04-03 00:26:19.694] [33651] [HailoRT] [info] [pipeline.cpp:891] [print_deep_description] PostInferEl0AsyncHwEl | inputs: PushQEl0AsyncHwEl[0] | outputs: LastAsyncEl0PostInferEl0AsyncHwEl
[2026-04-03 00:26:19.694] [33651] [HailoRT] [info] [pipeline.cpp:891] [print_deep_description] LastAsyncEl0PostInferEl0AsyncHwEl | inputs: PostInferEl0AsyncHwEl[0] | outputs: user
[2026-04-03 00:26:19.694] [33651] [HailoRT] [info] [pipeline.cpp:891] [print_deep_description] PushQEl1AsyncHwEl | inputs: AsyncHwEl[0] | outputs: PostInferEl1AsyncHwEl(running in thread_id: 33664)
[2026-04-03 00:26:19.694] [33651] [HailoRT] [info] [pipeline.cpp:891] [print_deep_description] PostInferEl1AsyncHwEl | inputs: PushQEl1AsyncHwEl[0] | outputs: LastAsyncEl0PostInferEl1AsyncHwEl
[2026-04-03 00:26:19.694] [33651] [HailoRT] [info] [pipeline.cpp:891] [print_deep_description] LastAsyncEl0PostInferEl1AsyncHwEl | inputs: PostInferEl1AsyncHwEl[0] | outputs: user
[2026-04-03 00:26:19.694] [33651] [HailoRT] [info] [pipeline.cpp:891] [print_deep_description] PushQEl2AsyncHwEl | inputs: AsyncHwEl[0] | outputs: PostInferEl2AsyncHwEl(running in thread_id: 33665)
[2026-04-03 00:26:19.694] [33651] [HailoRT] [info] [pipeline.cpp:891] [print_deep_description] PostInferEl2AsyncHwEl | inputs: PushQEl2AsyncHwEl[0] | outputs: LastAsyncEl0PostInferEl2AsyncHwEl
[2026-04-03 00:26:19.694] [33651] [HailoRT] [info] [pipeline.cpp:891] [print_deep_description] LastAsyncEl0PostInferEl2AsyncHwEl | inputs: PostInferEl2AsyncHwEl[0] | outputs: user
[2026-04-03 00:26:19.694] [33651] [HailoRT] [info] [pipeline.cpp:891] [print_deep_description] PushQEl3AsyncHwEl | inputs: AsyncHwEl[0] | outputs: PostInferEl3AsyncHwEl(running in thread_id: 33660)
[2026-04-03 00:26:19.694] [33651] [HailoRT] [info] [pipeline.cpp:891] [print_deep_description] PostInferEl3AsyncHwEl | inputs: PushQEl3AsyncHwEl[0] | outputs: LastAsyncEl0PostInferEl3AsyncHwEl
[2026-04-03 00:26:19.694] [33651] [HailoRT] [info] [pipeline.cpp:891] [print_deep_description] LastAsyncEl0PostInferEl3AsyncHwEl | inputs: PostInferEl3AsyncHwEl[0] | outputs: user
[2026-04-03 00:26:19.694] [33651] [HailoRT] [info] [pipeline.cpp:891] [print_deep_description] PushQEl4AsyncHwEl | inputs: AsyncHwEl[0] | outputs: PostInferEl4AsyncHwEl(running in thread_id: 33661)
[2026-04-03 00:26:19.694] [33651] [HailoRT] [info] [pipeline.cpp:891] [print_deep_description] PostInferEl4AsyncHwEl | inputs: PushQEl4AsyncHwEl[0] | outputs: LastAsyncEl0PostInferEl4AsyncHwEl
[2026-04-03 00:26:19.694] [33651] [HailoRT] [info] [pipeline.cpp:891] [print_deep_description] LastAsyncEl0PostInferEl4AsyncHwEl | inputs: PostInferEl4AsyncHwEl[0] | outputs: user
[2026-04-03 00:26:19.694] [33651] [HailoRT] [info] [pipeline.cpp:891] [print_deep_description] PushQEl5AsyncHwEl | inputs: AsyncHwEl[0] | outputs: PostInferEl5AsyncHwEl(running in thread_id: 33662)
[2026-04-03 00:26:19.694] [33651] [HailoRT] [info] [pipeline.cpp:891] [print_deep_description] PostInferEl5AsyncHwEl | inputs: PushQEl5AsyncHwEl[0] | outputs: LastAsyncEl0PostInferEl5AsyncHwEl
[2026-04-03 00:26:19.694] [33651] [HailoRT] [info] [pipeline.cpp:891] [print_deep_description] LastAsyncEl0PostInferEl5AsyncHwEl | inputs: PostInferEl5AsyncHwEl[0] | outputs: user
[2026-04-03 00:26:19.694] [33651] [HailoRT] [info] [pipeline.cpp:891] [print_deep_description] PushQEl6AsyncHwEl | inputs: AsyncHwEl[0] | outputs: PostInferEl6AsyncHwEl(running in thread_id: 33668)
[2026-04-03 00:26:19.694] [33651] [HailoRT] [info] [pipeline.cpp:891] [print_deep_description] PostInferEl6AsyncHwEl | inputs: PushQEl6AsyncHwEl[0] | outputs: LastAsyncEl0PostInferEl6AsyncHwEl
[2026-04-03 00:26:19.694] [33651] [HailoRT] [info] [pipeline.cpp:891] [print_deep_description] LastAsyncEl0PostInferEl6AsyncHwEl | inputs: PostInferEl6AsyncHwEl[0] | outputs: user
[2026-04-03 00:26:19.694] [33651] [HailoRT] [info] [pipeline.cpp:891] [print_deep_description] PushQEl7AsyncHwEl | inputs: AsyncHwEl[0] | outputs: PostInferEl7AsyncHwEl(running in thread_id: 33666)
[2026-04-03 00:26:19.694] [33651] [HailoRT] [info] [pipeline.cpp:891] [print_deep_description] PostInferEl7AsyncHwEl | inputs: PushQEl7AsyncHwEl[0] | outputs: LastAsyncEl0PostInferEl7AsyncHwEl
[2026-04-03 00:26:19.694] [33651] [HailoRT] [info] [pipeline.cpp:891] [print_deep_description] LastAsyncEl0PostInferEl7AsyncHwEl | inputs: PostInferEl7AsyncHwEl[0] | outputs: user
[2026-04-03 00:26:19.694] [33651] [HailoRT] [info] [pipeline.cpp:891] [print_deep_description] PushQEl8AsyncHwEl | inputs: AsyncHwEl[0] | outputs: PostInferEl8AsyncHwEl(running in thread_id: 33667)
[2026-04-03 00:26:19.694] [33651] [HailoRT] [info] [pipeline.cpp:891] [print_deep_description] PostInferEl8AsyncHwEl | inputs: PushQEl8AsyncHwEl[0] | outputs: LastAsyncEl0PostInferEl8AsyncHwEl
[2026-04-03 00:26:19.694] [33651] [HailoRT] [info] [pipeline.cpp:891] [print_deep_description] LastAsyncEl0PostInferEl8AsyncHwEl | inputs: PostInferEl8AsyncHwEl[0] | outputs: user
[2026-04-03 00:26:22.753] [33651] [HailoRT] [info] [async_infer_runner.cpp:86] [shutdown] Pipeline was aborted. Shutting it down
[2026-04-03 00:26:22.754] [33651] [HailoRT] [info] [async_infer_runner.cpp:86] [shutdown] Pipeline was aborted. Shutting it down
[2026-04-03 00:26:22.754] [33651] [HailoRT] [info] [queue_elements.cpp:570] [execute_deactivate] enqueue() in element PushQEl0AsyncHwEl was aborted, got status = HAILO_SHUTDOWN_EVENT_SIGNALED(57)
[2026-04-03 00:26:22.754] [33651] [HailoRT] [info] [queue_elements.cpp:570] [execute_deactivate] enqueue() in element PushQEl1AsyncHwEl was aborted, got status = HAILO_SHUTDOWN_EVENT_SIGNALED(57)
[2026-04-03 00:26:22.754] [33651] [HailoRT] [info] [queue_elements.cpp:570] [execute_deactivate] enqueue() in element PushQEl2AsyncHwEl was aborted, got status = HAILO_SHUTDOWN_EVENT_SIGNALED(57)
[2026-04-03 00:26:22.754] [33651] [HailoRT] [info] [queue_elements.cpp:570] [execute_deactivate] enqueue() in element PushQEl3AsyncHwEl was aborted, got status = HAILO_SHUTDOWN_EVENT_SIGNALED(57)
[2026-04-03 00:26:22.754] [33651] [HailoRT] [info] [queue_elements.cpp:570] [execute_deactivate] enqueue() in element PushQEl4AsyncHwEl was aborted, got status = HAILO_SHUTDOWN_EVENT_SIGNALED(57)
[2026-04-03 00:26:22.754] [33651] [HailoRT] [info] [queue_elements.cpp:570] [execute_deactivate] enqueue() in element PushQEl5AsyncHwEl was aborted, got status = HAILO_SHUTDOWN_EVENT_SIGNALED(57)
[2026-04-03 00:26:22.754] [33651] [HailoRT] [info] [queue_elements.cpp:570] [execute_deactivate] enqueue() in element PushQEl6AsyncHwEl was aborted, got status = HAILO_SHUTDOWN_EVENT_SIGNALED(57)
[2026-04-03 00:26:22.754] [33651] [HailoRT] [info] [queue_elements.cpp:570] [execute_deactivate] enqueue() in element PushQEl7AsyncHwEl was aborted, got status = HAILO_SHUTDOWN_EVENT_SIGNALED(57)
[2026-04-03 00:26:22.754] [33651] [HailoRT] [info] [queue_elements.cpp:570] [execute_deactivate] enqueue() in element PushQEl8AsyncHwEl was aborted, got status = HAILO_SHUTDOWN_EVENT_SIGNALED(57)
[2026-04-03 00:26:22.754] [33651] [HailoRT] [info] [queue_elements.cpp:570] [execute_deactivate] enqueue() in element EntryPushQEl0yolov8s_pose/input_layer1 was aborted, got status = HAILO_SHUTDOWN_EVENT_SIGNALED(57)
[2026-04-03 00:26:22.754] [33651] [HailoRT] [info] [queue_elements.cpp:46] [~BaseQueueElement] Queue element EntryPushQEl0yolov8s_pose/input_layer1 has 0 frames in his Queue on destruction
[2026-04-03 00:26:22.754] [33651] [HailoRT] [info] [queue_elements.cpp:46] [~BaseQueueElement] Queue element PushQEl3AsyncHwEl has 0 frames in his Queue on destruction
[2026-04-03 00:26:22.754] [33651] [HailoRT] [info] [queue_elements.cpp:46] [~BaseQueueElement] Queue element PushQEl4AsyncHwEl has 0 frames in his Queue on destruction
[2026-04-03 00:26:22.754] [33651] [HailoRT] [info] [queue_elements.cpp:46] [~BaseQueueElement] Queue element PushQEl5AsyncHwEl has 0 frames in his Queue on destruction
[2026-04-03 00:26:22.754] [33651] [HailoRT] [info] [queue_elements.cpp:46] [~BaseQueueElement] Queue element PushQEl0AsyncHwEl has 0 frames in his Queue on destruction
[2026-04-03 00:26:22.754] [33651] [HailoRT] [info] [queue_elements.cpp:46] [~BaseQueueElement] Queue element PushQEl1AsyncHwEl has 0 frames in his Queue on destruction
[2026-04-03 00:26:22.754] [33651] [HailoRT] [info] [queue_elements.cpp:46] [~BaseQueueElement] Queue element PushQEl2AsyncHwEl has 0 frames in his Queue on destruction
[2026-04-03 00:26:22.754] [33651] [HailoRT] [info] [queue_elements.cpp:46] [~BaseQueueElement] Queue element PushQEl7AsyncHwEl has 0 frames in his Queue on destruction
[2026-04-03 00:26:22.754] [33651] [HailoRT] [info] [queue_elements.cpp:46] [~BaseQueueElement] Queue element PushQEl8AsyncHwEl has 0 frames in his Queue on destruction
[2026-04-03 00:26:22.754] [33651] [HailoRT] [info] [queue_elements.cpp:46] [~BaseQueueElement] Queue element PushQEl6AsyncHwEl has 0 frames in his Queue on destruction
[2026-04-03 00:27:05.987] [33765] [HailoRT] [info] [vdevice.cpp:523] [create] Creating vdevice with params: device_count: 1, scheduling_algorithm: ROUND_ROBIN, multi_process_service: false
[2026-04-03 00:27:05.999] [33765] [HailoRT] [info] [device.cpp:49] [Device] OS Version: Linux 6.12.62+rpt-rpi-2712 #1 SMP PREEMPT Debian 1:6.12.62-1+rpt1~bookworm (2026-01-19) aarch64
[2026-04-03 00:27:06.001] [33765] [HailoRT] [info] [control.cpp:108] [control__parse_identify_results] firmware_version is: 4.20.0
[2026-04-03 00:27:06.001] [33765] [HailoRT] [info] [vdevice.cpp:651] [create] VDevice Infos: 0001:01:00.0
[2026-04-03 00:27:06.108] [33765] [HailoRT] [info] [hef.cpp:1929] [get_network_group_and_network_name] No name was given. Addressing all networks of default network_group: yolov8s_pose
[2026-04-03 00:27:06.108] [33765] [HailoRT] [info] [hef.cpp:1929] [get_network_group_and_network_name] No name was given. Addressing all networks of default network_group: yolov8s_pose
[2026-04-03 00:27:06.108] [33765] [HailoRT] [info] [hef.cpp:1929] [get_network_group_and_network_name] No name was given. Addressing all networks of default network_group: yolov8s_pose
[2026-04-03 00:27:06.108] [33765] [HailoRT] [info] [hef.cpp:1929] [get_network_group_and_network_name] No name was given. Addressing all networks of default network_group: yolov8s_pose
[2026-04-03 00:27:06.108] [33765] [HailoRT] [info] [hef.cpp:1929] [get_network_group_and_network_name] No name was given. Addressing all networks of default network_group: yolov8s_pose
[2026-04-03 00:27:06.109] [33765] [HailoRT] [warning] [device_internal.cpp:616] [check_hef_is_compatible] HEF was compiled for Hailo8L device, while the device itself is Hailo8. This will result in lower performance.
[2026-04-03 00:27:06.109] [33765] [HailoRT] [warning] [device_internal.cpp:616] [check_hef_is_compatible] HEF was compiled for Hailo8L device, while the device itself is Hailo8. This will result in lower performance.
[2026-04-03 00:27:06.115] [33765] [HailoRT] [info] [internal_buffer_manager.cpp:204] [print_execution_results] Planned internal buffer memory: CMA memory 0, user memory 3321344. memory to edge layer usage factor is 0.93083656
[2026-04-03 00:27:06.115] [33765] [HailoRT] [info] [internal_buffer_manager.cpp:212] [print_execution_results] Default Internal buffer planner executed successfully
[2026-04-03 00:27:06.140] [33765] [HailoRT] [info] [device_internal.cpp:57] [configure] Configuring HEF took 31.313383 milliseconds
[2026-04-03 00:27:06.140] [33765] [HailoRT] [info] [vdevice.cpp:749] [configure] Configuring HEF on VDevice took 32.026698 milliseconds
[2026-04-03 00:27:06.141] [33765] [HailoRT] [info] [infer_model.cpp:436] [configure] Configuring network group 'yolov8s_pose' with params: batch size: 1, power mode: PERFORMANCE, latency: NONE
[2026-04-03 00:27:06.141] [33765] [HailoRT] [info] [multi_io_elements.cpp:756] [create] Created (AsyncHwEl)
[2026-04-03 00:27:06.141] [33765] [HailoRT] [info] [queue_elements.cpp:450] [create] Created (EntryPushQEl0yolov8s_pose/input_layer1 | timeout: 10s)
[2026-04-03 00:27:06.141] [33765] [HailoRT] [info] [queue_elements.cpp:450] [create] Created (PushQEl3AsyncHwEl | timeout: 10s)
[2026-04-03 00:27:06.141] [33765] [HailoRT] [info] [filter_elements.cpp:375] [create] Created (PostInferEl3AsyncHwEl | Quantization - src_type: UINT8, dst_type FLOAT32, limvals_min: -6.02712, limvals_max: 11.844)
[2026-04-03 00:27:06.141] [33765] [HailoRT] [info] [edge_elements.cpp:187] [create] Created (LastAsyncEl0PostInferEl3AsyncHwEl)
[2026-04-03 00:27:06.141] [33765] [HailoRT] [info] [queue_elements.cpp:450] [create] Created (PushQEl4AsyncHwEl | timeout: 10s)
[2026-04-03 00:27:06.141] [33765] [HailoRT] [info] [filter_elements.cpp:375] [create] Created (PostInferEl4AsyncHwEl | Quantization - src_type: UINT8, dst_type FLOAT32, limvals_min: -9.25656, limvals_max: 9.32945 | Reorder - src_order: FCR, src_shape: (20, 20, 56), dst_order: FCR, dst_shape: (20, 20, 51))
[2026-04-03 00:27:06.141] [33765] [HailoRT] [info] [edge_elements.cpp:187] [create] Created (LastAsyncEl0PostInferEl4AsyncHwEl)
[2026-04-03 00:27:06.141] [33765] [HailoRT] [info] [queue_elements.cpp:450] [create] Created (PushQEl5AsyncHwEl | timeout: 10s)
[2026-04-03 00:27:06.141] [33765] [HailoRT] [info] [filter_elements.cpp:375] [create] Created (PostInferEl5AsyncHwEl | Quantization - src_type: UINT8, dst_type FLOAT32, limvals_min: -5.14938, limvals_max: 13.8809)
[2026-04-03 00:27:06.141] [33765] [HailoRT] [info] [edge_elements.cpp:187] [create] Created (LastAsyncEl0PostInferEl5AsyncHwEl)
[2026-04-03 00:27:06.142] [33765] [HailoRT] [info] [queue_elements.cpp:450] [create] Created (PushQEl0AsyncHwEl | timeout: 10s)
[2026-04-03 00:27:06.142] [33765] [HailoRT] [info] [filter_elements.cpp:375] [create] Created (PostInferEl0AsyncHwEl | Quantization - src_type: UINT8, dst_type FLOAT32, limvals_min: 0, limvals_max: 0.927867)
[2026-04-03 00:27:06.142] [33765] [HailoRT] [info] [edge_elements.cpp:187] [create] Created (LastAsyncEl0PostInferEl0AsyncHwEl)
[2026-04-03 00:27:06.142] [33765] [HailoRT] [info] [queue_elements.cpp:450] [create] Created (PushQEl1AsyncHwEl | timeout: 10s)
[2026-04-03 00:27:06.142] [33765] [HailoRT] [info] [filter_elements.cpp:375] [create] Created (PostInferEl1AsyncHwEl | Quantization - src_type: UINT8, dst_type FLOAT32, limvals_min: -5.39702, limvals_max: 12.7114)
[2026-04-03 00:27:06.142] [33765] [HailoRT] [info] [edge_elements.cpp:187] [create] Created (LastAsyncEl0PostInferEl1AsyncHwEl)
[2026-04-03 00:27:06.142] [33765] [HailoRT] [info] [queue_elements.cpp:450] [create] Created (PushQEl2AsyncHwEl | timeout: 10s)
[2026-04-03 00:27:06.142] [33765] [HailoRT] [info] [filter_elements.cpp:375] [create] Created (PostInferEl2AsyncHwEl | Quantization - src_type: UINT8, dst_type FLOAT32, limvals_min: 0, limvals_max: 0.820417)
[2026-04-03 00:27:06.142] [33765] [HailoRT] [info] [edge_elements.cpp:187] [create] Created (LastAsyncEl0PostInferEl2AsyncHwEl)
[2026-04-03 00:27:06.142] [33765] [HailoRT] [info] [queue_elements.cpp:450] [create] Created (PushQEl7AsyncHwEl | timeout: 10s)
[2026-04-03 00:27:06.142] [33765] [HailoRT] [info] [filter_elements.cpp:375] [create] Created (PostInferEl7AsyncHwEl | Quantization - src_type: UINT8, dst_type FLOAT32, limvals_min: -11.0503, limvals_max: 6.78402 | Reorder - src_order: FCR, src_shape: (40, 40, 56), dst_order: FCR, dst_shape: (40, 40, 51))
[2026-04-03 00:27:06.142] [33765] [HailoRT] [info] [edge_elements.cpp:187] [create] Created (LastAsyncEl0PostInferEl7AsyncHwEl)
[2026-04-03 00:27:06.143] [33765] [HailoRT] [info] [queue_elements.cpp:450] [create] Created (PushQEl8AsyncHwEl | timeout: 10s)
[2026-04-03 00:27:06.143] [33765] [HailoRT] [info] [filter_elements.cpp:375] [create] Created (PostInferEl8AsyncHwEl | Quantization - src_type: UINT8, dst_type FLOAT32, limvals_min: 0, limvals_max: 0.617845)
[2026-04-03 00:27:06.143] [33765] [HailoRT] [info] [edge_elements.cpp:187] [create] Created (LastAsyncEl0PostInferEl8AsyncHwEl)
[2026-04-03 00:27:06.143] [33765] [HailoRT] [info] [queue_elements.cpp:450] [create] Created (PushQEl6AsyncHwEl | timeout: 10s)
[2026-04-03 00:27:06.143] [33765] [HailoRT] [info] [filter_elements.cpp:375] [create] Created (PostInferEl6AsyncHwEl | Quantization - src_type: UINT8, dst_type FLOAT32, limvals_min: -7.42123, limvals_max: 5.81243 | Reorder - src_order: FCR, src_shape: (80, 80, 56), dst_order: FCR, dst_shape: (80, 80, 51))
[2026-04-03 00:27:06.143] [33765] [HailoRT] [info] [edge_elements.cpp:187] [create] Created (LastAsyncEl0PostInferEl6AsyncHwEl)
[2026-04-03 00:27:06.143] [33765] [HailoRT] [info] [pipeline.cpp:891] [print_deep_description] EntryPushQEl0yolov8s_pose/input_layer1 | inputs: user | outputs: AsyncHwEl(running in thread_id: 33778)
[2026-04-03 00:27:06.143] [33765] [HailoRT] [info] [pipeline.cpp:891] [print_deep_description] AsyncHwEl | inputs: EntryPushQEl0yolov8s_pose/input_layer1[0] | outputs: PushQEl0AsyncHwEl PushQEl1AsyncHwEl PushQEl2AsyncHwEl PushQEl3AsyncHwEl PushQEl4AsyncHwEl PushQEl5AsyncHwEl PushQEl6AsyncHwEl PushQEl7AsyncHwEl PushQEl8AsyncHwEl
[2026-04-03 00:27:06.143] [33765] [HailoRT] [info] [pipeline.cpp:891] [print_deep_description] PushQEl0AsyncHwEl | inputs: AsyncHwEl[0] | outputs: PostInferEl0AsyncHwEl(running in thread_id: 33782)
[2026-04-03 00:27:06.143] [33765] [HailoRT] [info] [pipeline.cpp:891] [print_deep_description] PostInferEl0AsyncHwEl | inputs: PushQEl0AsyncHwEl[0] | outputs: LastAsyncEl0PostInferEl0AsyncHwEl
[2026-04-03 00:27:06.143] [33765] [HailoRT] [info] [pipeline.cpp:891] [print_deep_description] LastAsyncEl0PostInferEl0AsyncHwEl | inputs: PostInferEl0AsyncHwEl[0] | outputs: user
[2026-04-03 00:27:06.143] [33765] [HailoRT] [info] [pipeline.cpp:891] [print_deep_description] PushQEl1AsyncHwEl | inputs: AsyncHwEl[0] | outputs: PostInferEl1AsyncHwEl(running in thread_id: 33783)
[2026-04-03 00:27:06.143] [33765] [HailoRT] [info] [pipeline.cpp:891] [print_deep_description] PostInferEl1AsyncHwEl | inputs: PushQEl1AsyncHwEl[0] | outputs: LastAsyncEl0PostInferEl1AsyncHwEl
[2026-04-03 00:27:06.143] [33765] [HailoRT] [info] [pipeline.cpp:891] [print_deep_description] LastAsyncEl0PostInferEl1AsyncHwEl | inputs: PostInferEl1AsyncHwEl[0] | outputs: user
[2026-04-03 00:27:06.143] [33765] [HailoRT] [info] [pipeline.cpp:891] [print_deep_description] PushQEl2AsyncHwEl | inputs: AsyncHwEl[0] | outputs: PostInferEl2AsyncHwEl(running in thread_id: 33784)
[2026-04-03 00:27:06.143] [33765] [HailoRT] [info] [pipeline.cpp:891] [print_deep_description] PostInferEl2AsyncHwEl | inputs: PushQEl2AsyncHwEl[0] | outputs: LastAsyncEl0PostInferEl2AsyncHwEl
[2026-04-03 00:27:06.143] [33765] [HailoRT] [info] [pipeline.cpp:891] [print_deep_description] LastAsyncEl0PostInferEl2AsyncHwEl | inputs: PostInferEl2AsyncHwEl[0] | outputs: user
[2026-04-03 00:27:06.143] [33765] [HailoRT] [info] [pipeline.cpp:891] [print_deep_description] PushQEl3AsyncHwEl | inputs: AsyncHwEl[0] | outputs: PostInferEl3AsyncHwEl(running in thread_id: 33779)
[2026-04-03 00:27:06.143] [33765] [HailoRT] [info] [pipeline.cpp:891] [print_deep_description] PostInferEl3AsyncHwEl | inputs: PushQEl3AsyncHwEl[0] | outputs: LastAsyncEl0PostInferEl3AsyncHwEl
[2026-04-03 00:27:06.143] [33765] [HailoRT] [info] [pipeline.cpp:891] [print_deep_description] LastAsyncEl0PostInferEl3AsyncHwEl | inputs: PostInferEl3AsyncHwEl[0] | outputs: user
[2026-04-03 00:27:06.143] [33765] [HailoRT] [info] [pipeline.cpp:891] [print_deep_description] PushQEl4AsyncHwEl | inputs: AsyncHwEl[0] | outputs: PostInferEl4AsyncHwEl(running in thread_id: 33780)
[2026-04-03 00:27:06.143] [33765] [HailoRT] [info] [pipeline.cpp:891] [print_deep_description] PostInferEl4AsyncHwEl | inputs: PushQEl4AsyncHwEl[0] | outputs: LastAsyncEl0PostInferEl4AsyncHwEl
[2026-04-03 00:27:06.143] [33765] [HailoRT] [info] [pipeline.cpp:891] [print_deep_description] LastAsyncEl0PostInferEl4AsyncHwEl | inputs: PostInferEl4AsyncHwEl[0] | outputs: user
[2026-04-03 00:27:06.143] [33765] [HailoRT] [info] [pipeline.cpp:891] [print_deep_description] PushQEl5AsyncHwEl | inputs: AsyncHwEl[0] | outputs: PostInferEl5AsyncHwEl(running in thread_id: 33781)
[2026-04-03 00:27:06.143] [33765] [HailoRT] [info] [pipeline.cpp:891] [print_deep_description] PostInferEl5AsyncHwEl | inputs: PushQEl5AsyncHwEl[0] | outputs: LastAsyncEl0PostInferEl5AsyncHwEl
[2026-04-03 00:27:06.143] [33765] [HailoRT] [info] [pipeline.cpp:891] [print_deep_description] LastAsyncEl0PostInferEl5AsyncHwEl | inputs: PostInferEl5AsyncHwEl[0] | outputs: user
[2026-04-03 00:27:06.143] [33765] [HailoRT] [info] [pipeline.cpp:891] [print_deep_description] PushQEl6AsyncHwEl | inputs: AsyncHwEl[0] | outputs: PostInferEl6AsyncHwEl(running in thread_id: 33787)
[2026-04-03 00:27:06.143] [33765] [HailoRT] [info] [pipeline.cpp:891] [print_deep_description] PostInferEl6AsyncHwEl | inputs: PushQEl6AsyncHwEl[0] | outputs: LastAsyncEl0PostInferEl6AsyncHwEl
[2026-04-03 00:27:06.143] [33765] [HailoRT] [info] [pipeline.cpp:891] [print_deep_description] LastAsyncEl0PostInferEl6AsyncHwEl | inputs: PostInferEl6AsyncHwEl[0] | outputs: user
[2026-04-03 00:27:06.143] [33765] [HailoRT] [info] [pipeline.cpp:891] [print_deep_description] PushQEl7AsyncHwEl | inputs: AsyncHwEl[0] | outputs: PostInferEl7AsyncHwEl(running in thread_id: 33785)
[2026-04-03 00:27:06.143] [33765] [HailoRT] [info] [pipeline.cpp:891] [print_deep_description] PostInferEl7AsyncHwEl | inputs: PushQEl7AsyncHwEl[0] | outputs: LastAsyncEl0PostInferEl7AsyncHwEl
[2026-04-03 00:27:06.143] [33765] [HailoRT] [info] [pipeline.cpp:891] [print_deep_description] LastAsyncEl0PostInferEl7AsyncHwEl | inputs: PostInferEl7AsyncHwEl[0] | outputs: user
[2026-04-03 00:27:06.143] [33765] [HailoRT] [info] [pipeline.cpp:891] [print_deep_description] PushQEl8AsyncHwEl | inputs: AsyncHwEl[0] | outputs: PostInferEl8AsyncHwEl(running in thread_id: 33786)
[2026-04-03 00:27:06.143] [33765] [HailoRT] [info] [pipeline.cpp:891] [print_deep_description] PostInferEl8AsyncHwEl | inputs: PushQEl8AsyncHwEl[0] | outputs: LastAsyncEl0PostInferEl8AsyncHwEl
[2026-04-03 00:27:06.143] [33765] [HailoRT] [info] [pipeline.cpp:891] [print_deep_description] LastAsyncEl0PostInferEl8AsyncHwEl | inputs: PostInferEl8AsyncHwEl[0] | outputs: user
[2026-04-03 00:27:08.349] [33765] [HailoRT] [info] [async_infer_runner.cpp:86] [shutdown] Pipeline was aborted. Shutting it down
[2026-04-03 00:27:08.349] [33765] [HailoRT] [info] [async_infer_runner.cpp:86] [shutdown] Pipeline was aborted. Shutting it down
[2026-04-03 00:27:08.349] [33765] [HailoRT] [info] [queue_elements.cpp:570] [execute_deactivate] enqueue() in element PushQEl0AsyncHwEl was aborted, got status = HAILO_SHUTDOWN_EVENT_SIGNALED(57)
[2026-04-03 00:27:08.349] [33765] [HailoRT] [info] [queue_elements.cpp:570] [execute_deactivate] enqueue() in element PushQEl1AsyncHwEl was aborted, got status = HAILO_SHUTDOWN_EVENT_SIGNALED(57)
[2026-04-03 00:27:08.349] [33765] [HailoRT] [info] [queue_elements.cpp:570] [execute_deactivate] enqueue() in element PushQEl2AsyncHwEl was aborted, got status = HAILO_SHUTDOWN_EVENT_SIGNALED(57)
[2026-04-03 00:27:08.349] [33765] [HailoRT] [info] [queue_elements.cpp:570] [execute_deactivate] enqueue() in element PushQEl3AsyncHwEl was aborted, got status = HAILO_SHUTDOWN_EVENT_SIGNALED(57)
[2026-04-03 00:27:08.349] [33765] [HailoRT] [info] [queue_elements.cpp:570] [execute_deactivate] enqueue() in element PushQEl4AsyncHwEl was aborted, got status = HAILO_SHUTDOWN_EVENT_SIGNALED(57)
[2026-04-03 00:27:08.349] [33765] [HailoRT] [info] [queue_elements.cpp:570] [execute_deactivate] enqueue() in element PushQEl5AsyncHwEl was aborted, got status = HAILO_SHUTDOWN_EVENT_SIGNALED(57)
[2026-04-03 00:27:08.349] [33765] [HailoRT] [info] [queue_elements.cpp:570] [execute_deactivate] enqueue() in element PushQEl6AsyncHwEl was aborted, got status = HAILO_SHUTDOWN_EVENT_SIGNALED(57)
[2026-04-03 00:27:08.349] [33765] [HailoRT] [info] [queue_elements.cpp:570] [execute_deactivate] enqueue() in element PushQEl7AsyncHwEl was aborted, got status = HAILO_SHUTDOWN_EVENT_SIGNALED(57)
[2026-04-03 00:27:08.349] [33765] [HailoRT] [info] [queue_elements.cpp:570] [execute_deactivate] enqueue() in element PushQEl8AsyncHwEl was aborted, got status = HAILO_SHUTDOWN_EVENT_SIGNALED(57)
[2026-04-03 00:27:08.349] [33765] [HailoRT] [info] [queue_elements.cpp:570] [execute_deactivate] enqueue() in element EntryPushQEl0yolov8s_pose/input_layer1 was aborted, got status = HAILO_SHUTDOWN_EVENT_SIGNALED(57)
[2026-04-03 00:27:08.349] [33765] [HailoRT] [info] [queue_elements.cpp:46] [~BaseQueueElement] Queue element EntryPushQEl0yolov8s_pose/input_layer1 has 0 frames in his Queue on destruction
[2026-04-03 00:27:08.349] [33765] [HailoRT] [info] [queue_elements.cpp:46] [~BaseQueueElement] Queue element PushQEl3AsyncHwEl has 0 frames in his Queue on destruction
[2026-04-03 00:27:08.349] [33765] [HailoRT] [info] [queue_elements.cpp:46] [~BaseQueueElement] Queue element PushQEl4AsyncHwEl has 0 frames in his Queue on destruction
[2026-04-03 00:27:08.350] [33765] [HailoRT] [info] [queue_elements.cpp:46] [~BaseQueueElement] Queue element PushQEl5AsyncHwEl has 0 frames in his Queue on destruction
[2026-04-03 00:27:08.350] [33765] [HailoRT] [info] [queue_elements.cpp:46] [~BaseQueueElement] Queue element PushQEl0AsyncHwEl has 0 frames in his Queue on destruction
[2026-04-03 00:27:08.350] [33765] [HailoRT] [info] [queue_elements.cpp:46] [~BaseQueueElement] Queue element PushQEl1AsyncHwEl has 0 frames in his Queue on destruction
[2026-04-03 00:27:08.350] [33765] [HailoRT] [info] [queue_elements.cpp:46] [~BaseQueueElement] Queue element PushQEl2AsyncHwEl has 0 frames in his Queue on destruction
[2026-04-03 00:27:08.350] [33765] [HailoRT] [info] [queue_elements.cpp:46] [~BaseQueueElement] Queue element PushQEl7AsyncHwEl has 0 frames in his Queue on destruction
[2026-04-03 00:27:08.350] [33765] [HailoRT] [info] [queue_elements.cpp:46] [~BaseQueueElement] Queue element PushQEl8AsyncHwEl has 0 frames in his Queue on destruction
[2026-04-03 00:27:08.350] [33765] [HailoRT] [info] [queue_elements.cpp:46] [~BaseQueueElement] Queue element PushQEl6AsyncHwEl has 0 frames in his Queue on destruction
[2026-04-03 00:27:40.985] [33897] [HailoRT] [info] [vdevice.cpp:523] [create] Creating vdevice with params: device_count: 1, scheduling_algorithm: ROUND_ROBIN, multi_process_service: false
[2026-04-03 00:27:40.997] [33897] [HailoRT] [info] [device.cpp:49] [Device] OS Version: Linux 6.12.62+rpt-rpi-2712 #1 SMP PREEMPT Debian 1:6.12.62-1+rpt1~bookworm (2026-01-19) aarch64
[2026-04-03 00:27:40.998] [33897] [HailoRT] [info] [control.cpp:108] [control__parse_identify_results] firmware_version is: 4.20.0
[2026-04-03 00:27:40.998] [33897] [HailoRT] [info] [vdevice.cpp:651] [create] VDevice Infos: 0001:01:00.0
[2026-04-03 00:27:41.105] [33897] [HailoRT] [info] [hef.cpp:1929] [get_network_group_and_network_name] No name was given. Addressing all networks of default network_group: yolov8s_pose
[2026-04-03 00:27:41.105] [33897] [HailoRT] [info] [hef.cpp:1929] [get_network_group_and_network_name] No name was given. Addressing all networks of default network_group: yolov8s_pose
[2026-04-03 00:27:41.105] [33897] [HailoRT] [info] [hef.cpp:1929] [get_network_group_and_network_name] No name was given. Addressing all networks of default network_group: yolov8s_pose
[2026-04-03 00:27:41.105] [33897] [HailoRT] [info] [hef.cpp:1929] [get_network_group_and_network_name] No name was given. Addressing all networks of default network_group: yolov8s_pose
[2026-04-03 00:27:41.105] [33897] [HailoRT] [info] [hef.cpp:1929] [get_network_group_and_network_name] No name was given. Addressing all networks of default network_group: yolov8s_pose
[2026-04-03 00:27:41.106] [33897] [HailoRT] [warning] [device_internal.cpp:616] [check_hef_is_compatible] HEF was compiled for Hailo8L device, while the device itself is Hailo8. This will result in lower performance.
[2026-04-03 00:27:41.106] [33897] [HailoRT] [warning] [device_internal.cpp:616] [check_hef_is_compatible] HEF was compiled for Hailo8L device, while the device itself is Hailo8. This will result in lower performance.
[2026-04-03 00:27:41.113] [33897] [HailoRT] [info] [internal_buffer_manager.cpp:204] [print_execution_results] Planned internal buffer memory: CMA memory 0, user memory 3321344. memory to edge layer usage factor is 0.93083656
[2026-04-03 00:27:41.113] [33897] [HailoRT] [info] [internal_buffer_manager.cpp:212] [print_execution_results] Default Internal buffer planner executed successfully
[2026-04-03 00:27:41.140] [33897] [HailoRT] [info] [device_internal.cpp:57] [configure] Configuring HEF took 34.663885 milliseconds
[2026-04-03 00:27:41.141] [33897] [HailoRT] [info] [vdevice.cpp:749] [configure] Configuring HEF on VDevice took 35.144774 milliseconds
[2026-04-03 00:27:41.141] [33897] [HailoRT] [info] [infer_model.cpp:436] [configure] Configuring network group 'yolov8s_pose' with params: batch size: 1, power mode: PERFORMANCE, latency: NONE
[2026-04-03 00:27:41.141] [33897] [HailoRT] [info] [multi_io_elements.cpp:756] [create] Created (AsyncHwEl)
[2026-04-03 00:27:41.141] [33897] [HailoRT] [info] [queue_elements.cpp:450] [create] Created (EntryPushQEl0yolov8s_pose/input_layer1 | timeout: 10s)
[2026-04-03 00:27:41.141] [33897] [HailoRT] [info] [queue_elements.cpp:450] [create] Created (PushQEl3AsyncHwEl | timeout: 10s)
[2026-04-03 00:27:41.141] [33897] [HailoRT] [info] [filter_elements.cpp:375] [create] Created (PostInferEl3AsyncHwEl | Quantization - src_type: UINT8, dst_type FLOAT32, limvals_min: -6.02712, limvals_max: 11.844)
[2026-04-03 00:27:41.141] [33897] [HailoRT] [info] [edge_elements.cpp:187] [create] Created (LastAsyncEl0PostInferEl3AsyncHwEl)
[2026-04-03 00:27:41.141] [33897] [HailoRT] [info] [queue_elements.cpp:450] [create] Created (PushQEl4AsyncHwEl | timeout: 10s)
[2026-04-03 00:27:41.141] [33897] [HailoRT] [info] [filter_elements.cpp:375] [create] Created (PostInferEl4AsyncHwEl | Quantization - src_type: UINT8, dst_type FLOAT32, limvals_min: -9.25656, limvals_max: 9.32945 | Reorder - src_order: FCR, src_shape: (20, 20, 56), dst_order: FCR, dst_shape: (20, 20, 51))
[2026-04-03 00:27:41.141] [33897] [HailoRT] [info] [edge_elements.cpp:187] [create] Created (LastAsyncEl0PostInferEl4AsyncHwEl)
[2026-04-03 00:27:41.142] [33897] [HailoRT] [info] [queue_elements.cpp:450] [create] Created (PushQEl5AsyncHwEl | timeout: 10s)
[2026-04-03 00:27:41.142] [33897] [HailoRT] [info] [filter_elements.cpp:375] [create] Created (PostInferEl5AsyncHwEl | Quantization - src_type: UINT8, dst_type FLOAT32, limvals_min: -5.14938, limvals_max: 13.8809)
[2026-04-03 00:27:41.142] [33897] [HailoRT] [info] [edge_elements.cpp:187] [create] Created (LastAsyncEl0PostInferEl5AsyncHwEl)
[2026-04-03 00:27:41.142] [33897] [HailoRT] [info] [queue_elements.cpp:450] [create] Created (PushQEl0AsyncHwEl | timeout: 10s)
[2026-04-03 00:27:41.142] [33897] [HailoRT] [info] [filter_elements.cpp:375] [create] Created (PostInferEl0AsyncHwEl | Quantization - src_type: UINT8, dst_type FLOAT32, limvals_min: 0, limvals_max: 0.927867)
[2026-04-03 00:27:41.142] [33897] [HailoRT] [info] [edge_elements.cpp:187] [create] Created (LastAsyncEl0PostInferEl0AsyncHwEl)
[2026-04-03 00:27:41.142] [33897] [HailoRT] [info] [queue_elements.cpp:450] [create] Created (PushQEl1AsyncHwEl | timeout: 10s)
[2026-04-03 00:27:41.142] [33897] [HailoRT] [info] [filter_elements.cpp:375] [create] Created (PostInferEl1AsyncHwEl | Quantization - src_type: UINT8, dst_type FLOAT32, limvals_min: -5.39702, limvals_max: 12.7114)
[2026-04-03 00:27:41.142] [33897] [HailoRT] [info] [edge_elements.cpp:187] [create] Created (LastAsyncEl0PostInferEl1AsyncHwEl)
[2026-04-03 00:27:41.142] [33897] [HailoRT] [info] [queue_elements.cpp:450] [create] Created (PushQEl2AsyncHwEl | timeout: 10s)
[2026-04-03 00:27:41.142] [33897] [HailoRT] [info] [filter_elements.cpp:375] [create] Created (PostInferEl2AsyncHwEl | Quantization - src_type: UINT8, dst_type FLOAT32, limvals_min: 0, limvals_max: 0.820417)
[2026-04-03 00:27:41.142] [33897] [HailoRT] [info] [edge_elements.cpp:187] [create] Created (LastAsyncEl0PostInferEl2AsyncHwEl)
[2026-04-03 00:27:41.142] [33897] [HailoRT] [info] [queue_elements.cpp:450] [create] Created (PushQEl7AsyncHwEl | timeout: 10s)
[2026-04-03 00:27:41.142] [33897] [HailoRT] [info] [filter_elements.cpp:375] [create] Created (PostInferEl7AsyncHwEl | Quantization - src_type: UINT8, dst_type FLOAT32, limvals_min: -11.0503, limvals_max: 6.78402 | Reorder - src_order: FCR, src_shape: (40, 40, 56), dst_order: FCR, dst_shape: (40, 40, 51))
[2026-04-03 00:27:41.142] [33897] [HailoRT] [info] [edge_elements.cpp:187] [create] Created (LastAsyncEl0PostInferEl7AsyncHwEl)
[2026-04-03 00:27:41.142] [33897] [HailoRT] [info] [queue_elements.cpp:450] [create] Created (PushQEl8AsyncHwEl | timeout: 10s)
[2026-04-03 00:27:41.142] [33897] [HailoRT] [info] [filter_elements.cpp:375] [create] Created (PostInferEl8AsyncHwEl | Quantization - src_type: UINT8, dst_type FLOAT32, limvals_min: 0, limvals_max: 0.617845)
[2026-04-03 00:27:41.142] [33897] [HailoRT] [info] [edge_elements.cpp:187] [create] Created (LastAsyncEl0PostInferEl8AsyncHwEl)
[2026-04-03 00:27:41.142] [33897] [HailoRT] [info] [queue_elements.cpp:450] [create] Created (PushQEl6AsyncHwEl | timeout: 10s)
[2026-04-03 00:27:41.143] [33897] [HailoRT] [info] [filter_elements.cpp:375] [create] Created (PostInferEl6AsyncHwEl | Quantization - src_type: UINT8, dst_type FLOAT32, limvals_min: -7.42123, limvals_max: 5.81243 | Reorder - src_order: FCR, src_shape: (80, 80, 56), dst_order: FCR, dst_shape: (80, 80, 51))
[2026-04-03 00:27:41.143] [33897] [HailoRT] [info] [edge_elements.cpp:187] [create] Created (LastAsyncEl0PostInferEl6AsyncHwEl)
[2026-04-03 00:27:41.143] [33897] [HailoRT] [info] [pipeline.cpp:891] [print_deep_description] EntryPushQEl0yolov8s_pose/input_layer1 | inputs: user | outputs: AsyncHwEl(running in thread_id: 33908)
[2026-04-03 00:27:41.143] [33897] [HailoRT] [info] [pipeline.cpp:891] [print_deep_description] AsyncHwEl | inputs: EntryPushQEl0yolov8s_pose/input_layer1[0] | outputs: PushQEl0AsyncHwEl PushQEl1AsyncHwEl PushQEl2AsyncHwEl PushQEl3AsyncHwEl PushQEl4AsyncHwEl PushQEl5AsyncHwEl PushQEl6AsyncHwEl PushQEl7AsyncHwEl PushQEl8AsyncHwEl
[2026-04-03 00:27:41.143] [33897] [HailoRT] [info] [pipeline.cpp:891] [print_deep_description] PushQEl0AsyncHwEl | inputs: AsyncHwEl[0] | outputs: PostInferEl0AsyncHwEl(running in thread_id: 33912)
[2026-04-03 00:27:41.143] [33897] [HailoRT] [info] [pipeline.cpp:891] [print_deep_description] PostInferEl0AsyncHwEl | inputs: PushQEl0AsyncHwEl[0] | outputs: LastAsyncEl0PostInferEl0AsyncHwEl
[2026-04-03 00:27:41.143] [33897] [HailoRT] [info] [pipeline.cpp:891] [print_deep_description] LastAsyncEl0PostInferEl0AsyncHwEl | inputs: PostInferEl0AsyncHwEl[0] | outputs: user
[2026-04-03 00:27:41.143] [33897] [HailoRT] [info] [pipeline.cpp:891] [print_deep_description] PushQEl1AsyncHwEl | inputs: AsyncHwEl[0] | outputs: PostInferEl1AsyncHwEl(running in thread_id: 33913)
[2026-04-03 00:27:41.143] [33897] [HailoRT] [info] [pipeline.cpp:891] [print_deep_description] PostInferEl1AsyncHwEl | inputs: PushQEl1AsyncHwEl[0] | outputs: LastAsyncEl0PostInferEl1AsyncHwEl
[2026-04-03 00:27:41.143] [33897] [HailoRT] [info] [pipeline.cpp:891] [print_deep_description] LastAsyncEl0PostInferEl1AsyncHwEl | inputs: PostInferEl1AsyncHwEl[0] | outputs: user
[2026-04-03 00:27:41.143] [33897] [HailoRT] [info] [pipeline.cpp:891] [print_deep_description] PushQEl2AsyncHwEl | inputs: AsyncHwEl[0] | outputs: PostInferEl2AsyncHwEl(running in thread_id: 33914)
[2026-04-03 00:27:41.143] [33897] [HailoRT] [info] [pipeline.cpp:891] [print_deep_description] PostInferEl2AsyncHwEl | inputs: PushQEl2AsyncHwEl[0] | outputs: LastAsyncEl0PostInferEl2AsyncHwEl
[2026-04-03 00:27:41.143] [33897] [HailoRT] [info] [pipeline.cpp:891] [print_deep_description] LastAsyncEl0PostInferEl2AsyncHwEl | inputs: PostInferEl2AsyncHwEl[0] | outputs: user
[2026-04-03 00:27:41.143] [33897] [HailoRT] [info] [pipeline.cpp:891] [print_deep_description] PushQEl3AsyncHwEl | inputs: AsyncHwEl[0] | outputs: PostInferEl3AsyncHwEl(running in thread_id: 33909)
[2026-04-03 00:27:41.143] [33897] [HailoRT] [info] [pipeline.cpp:891] [print_deep_description] PostInferEl3AsyncHwEl | inputs: PushQEl3AsyncHwEl[0] | outputs: LastAsyncEl0PostInferEl3AsyncHwEl
[2026-04-03 00:27:41.143] [33897] [HailoRT] [info] [pipeline.cpp:891] [print_deep_description] LastAsyncEl0PostInferEl3AsyncHwEl | inputs: PostInferEl3AsyncHwEl[0] | outputs: user
[2026-04-03 00:27:41.143] [33897] [HailoRT] [info] [pipeline.cpp:891] [print_deep_description] PushQEl4AsyncHwEl | inputs: AsyncHwEl[0] | outputs: PostInferEl4AsyncHwEl(running in thread_id: 33910)
[2026-04-03 00:27:41.143] [33897] [HailoRT] [info] [pipeline.cpp:891] [print_deep_description] PostInferEl4AsyncHwEl | inputs: PushQEl4AsyncHwEl[0] | outputs: LastAsyncEl0PostInferEl4AsyncHwEl
[2026-04-03 00:27:41.143] [33897] [HailoRT] [info] [pipeline.cpp:891] [print_deep_description] LastAsyncEl0PostInferEl4AsyncHwEl | inputs: PostInferEl4AsyncHwEl[0] | outputs: user
[2026-04-03 00:27:41.143] [33897] [HailoRT] [info] [pipeline.cpp:891] [print_deep_description] PushQEl5AsyncHwEl | inputs: AsyncHwEl[0] | outputs: PostInferEl5AsyncHwEl(running in thread_id: 33911)
[2026-04-03 00:27:41.143] [33897] [HailoRT] [info] [pipeline.cpp:891] [print_deep_description] PostInferEl5AsyncHwEl | inputs: PushQEl5AsyncHwEl[0] | outputs: LastAsyncEl0PostInferEl5AsyncHwEl
[2026-04-03 00:27:41.143] [33897] [HailoRT] [info] [pipeline.cpp:891] [print_deep_description] LastAsyncEl0PostInferEl5AsyncHwEl | inputs: PostInferEl5AsyncHwEl[0] | outputs: user
[2026-04-03 00:27:41.143] [33897] [HailoRT] [info] [pipeline.cpp:891] [print_deep_description] PushQEl6AsyncHwEl | inputs: AsyncHwEl[0] | outputs: PostInferEl6AsyncHwEl(running in thread_id: 33917)
[2026-04-03 00:27:41.143] [33897] [HailoRT] [info] [pipeline.cpp:891] [print_deep_description] PostInferEl6AsyncHwEl | inputs: PushQEl6AsyncHwEl[0] | outputs: LastAsyncEl0PostInferEl6AsyncHwEl
[2026-04-03 00:27:41.143] [33897] [HailoRT] [info] [pipeline.cpp:891] [print_deep_description] LastAsyncEl0PostInferEl6AsyncHwEl | inputs: PostInferEl6AsyncHwEl[0] | outputs: user
[2026-04-03 00:27:41.143] [33897] [HailoRT] [info] [pipeline.cpp:891] [print_deep_description] PushQEl7AsyncHwEl | inputs: AsyncHwEl[0] | outputs: PostInferEl7AsyncHwEl(running in thread_id: 33915)
[2026-04-03 00:27:41.143] [33897] [HailoRT] [info] [pipeline.cpp:891] [print_deep_description] PostInferEl7AsyncHwEl | inputs: PushQEl7AsyncHwEl[0] | outputs: LastAsyncEl0PostInferEl7AsyncHwEl
[2026-04-03 00:27:41.143] [33897] [HailoRT] [info] [pipeline.cpp:891] [print_deep_description] LastAsyncEl0PostInferEl7AsyncHwEl | inputs: PostInferEl7AsyncHwEl[0] | outputs: user
[2026-04-03 00:27:41.143] [33897] [HailoRT] [info] [pipeline.cpp:891] [print_deep_description] PushQEl8AsyncHwEl | inputs: AsyncHwEl[0] | outputs: PostInferEl8AsyncHwEl(running in thread_id: 33916)
[2026-04-03 00:27:41.143] [33897] [HailoRT] [info] [pipeline.cpp:891] [print_deep_description] PostInferEl8AsyncHwEl | inputs: PushQEl8AsyncHwEl[0] | outputs: LastAsyncEl0PostInferEl8AsyncHwEl
[2026-04-03 00:27:41.143] [33897] [HailoRT] [info] [pipeline.cpp:891] [print_deep_description] LastAsyncEl0PostInferEl8AsyncHwEl | inputs: PostInferEl8AsyncHwEl[0] | outputs: user
[2026-04-03 00:27:43.551] [33897] [HailoRT] [info] [async_infer_runner.cpp:86] [shutdown] Pipeline was aborted. Shutting it down
[2026-04-03 00:27:43.552] [33897] [HailoRT] [info] [async_infer_runner.cpp:86] [shutdown] Pipeline was aborted. Shutting it down
[2026-04-03 00:27:43.552] [33897] [HailoRT] [info] [queue_elements.cpp:570] [execute_deactivate] enqueue() in element PushQEl0AsyncHwEl was aborted, got status = HAILO_SHUTDOWN_EVENT_SIGNALED(57)
[2026-04-03 00:27:43.552] [33897] [HailoRT] [info] [queue_elements.cpp:570] [execute_deactivate] enqueue() in element PushQEl1AsyncHwEl was aborted, got status = HAILO_SHUTDOWN_EVENT_SIGNALED(57)
[2026-04-03 00:27:43.552] [33897] [HailoRT] [info] [queue_elements.cpp:570] [execute_deactivate] enqueue() in element PushQEl2AsyncHwEl was aborted, got status = HAILO_SHUTDOWN_EVENT_SIGNALED(57)
[2026-04-03 00:27:43.552] [33897] [HailoRT] [info] [queue_elements.cpp:570] [execute_deactivate] enqueue() in element PushQEl3AsyncHwEl was aborted, got status = HAILO_SHUTDOWN_EVENT_SIGNALED(57)
[2026-04-03 00:27:43.552] [33897] [HailoRT] [info] [queue_elements.cpp:570] [execute_deactivate] enqueue() in element PushQEl4AsyncHwEl was aborted, got status = HAILO_SHUTDOWN_EVENT_SIGNALED(57)
[2026-04-03 00:27:43.552] [33897] [HailoRT] [info] [queue_elements.cpp:570] [execute_deactivate] enqueue() in element PushQEl5AsyncHwEl was aborted, got status = HAILO_SHUTDOWN_EVENT_SIGNALED(57)
[2026-04-03 00:27:43.552] [33897] [HailoRT] [info] [queue_elements.cpp:570] [execute_deactivate] enqueue() in element PushQEl6AsyncHwEl was aborted, got status = HAILO_SHUTDOWN_EVENT_SIGNALED(57)
[2026-04-03 00:27:43.552] [33897] [HailoRT] [info] [queue_elements.cpp:570] [execute_deactivate] enqueue() in element PushQEl7AsyncHwEl was aborted, got status = HAILO_SHUTDOWN_EVENT_SIGNALED(57)
[2026-04-03 00:27:43.552] [33897] [HailoRT] [info] [queue_elements.cpp:570] [execute_deactivate] enqueue() in element PushQEl8AsyncHwEl was aborted, got status = HAILO_SHUTDOWN_EVENT_SIGNALED(57)
[2026-04-03 00:27:43.552] [33897] [HailoRT] [info] [queue_elements.cpp:570] [execute_deactivate] enqueue() in element EntryPushQEl0yolov8s_pose/input_layer1 was aborted, got status = HAILO_SHUTDOWN_EVENT_SIGNALED(57)
[2026-04-03 00:27:43.552] [33897] [HailoRT] [info] [queue_elements.cpp:46] [~BaseQueueElement] Queue element EntryPushQEl0yolov8s_pose/input_layer1 has 0 frames in his Queue on destruction
[2026-04-03 00:27:43.552] [33897] [HailoRT] [info] [queue_elements.cpp:46] [~BaseQueueElement] Queue element PushQEl3AsyncHwEl has 0 frames in his Queue on destruction
[2026-04-03 00:27:43.552] [33897] [HailoRT] [info] [queue_elements.cpp:46] [~BaseQueueElement] Queue element PushQEl4AsyncHwEl has 0 frames in his Queue on destruction
[2026-04-03 00:27:43.552] [33897] [HailoRT] [info] [queue_elements.cpp:46] [~BaseQueueElement] Queue element PushQEl5AsyncHwEl has 0 frames in his Queue on destruction
[2026-04-03 00:27:43.552] [33897] [HailoRT] [info] [queue_elements.cpp:46] [~BaseQueueElement] Queue element PushQEl0AsyncHwEl has 0 frames in his Queue on destruction
[2026-04-03 00:27:43.552] [33897] [HailoRT] [info] [queue_elements.cpp:46] [~BaseQueueElement] Queue element PushQEl1AsyncHwEl has 0 frames in his Queue on destruction
[2026-04-03 00:27:43.552] [33897] [HailoRT] [info] [queue_elements.cpp:46] [~BaseQueueElement] Queue element PushQEl2AsyncHwEl has 0 frames in his Queue on destruction
[2026-04-03 00:27:43.552] [33897] [HailoRT] [info] [queue_elements.cpp:46] [~BaseQueueElement] Queue element PushQEl7AsyncHwEl has 0 frames in his Queue on destruction
[2026-04-03 00:27:43.552] [33897] [HailoRT] [info] [queue_elements.cpp:46] [~BaseQueueElement] Queue element PushQEl8AsyncHwEl has 0 frames in his Queue on destruction
[2026-04-03 00:27:43.552] [33897] [HailoRT] [info] [queue_elements.cpp:46] [~BaseQueueElement] Queue element PushQEl6AsyncHwEl has 0 frames in his Queue on destruction
[2026-04-03 00:28:39.185] [34022] [HailoRT] [info] [vdevice.cpp:523] [create] Creating vdevice with params: device_count: 1, scheduling_algorithm: ROUND_ROBIN, multi_process_service: false
[2026-04-03 00:28:39.195] [34022] [HailoRT] [info] [device.cpp:49] [Device] OS Version: Linux 6.12.62+rpt-rpi-2712 #1 SMP PREEMPT Debian 1:6.12.62-1+rpt1~bookworm (2026-01-19) aarch64
[2026-04-03 00:28:39.196] [34022] [HailoRT] [info] [control.cpp:108] [control__parse_identify_results] firmware_version is: 4.20.0
[2026-04-03 00:28:39.196] [34022] [HailoRT] [info] [vdevice.cpp:651] [create] VDevice Infos: 0001:01:00.0
[2026-04-03 00:28:39.305] [34022] [HailoRT] [info] [hef.cpp:1929] [get_network_group_and_network_name] No name was given. Addressing all networks of default network_group: yolov8s_pose
[2026-04-03 00:28:39.305] [34022] [HailoRT] [info] [hef.cpp:1929] [get_network_group_and_network_name] No name was given. Addressing all networks of default network_group: yolov8s_pose
[2026-04-03 00:28:39.305] [34022] [HailoRT] [info] [hef.cpp:1929] [get_network_group_and_network_name] No name was given. Addressing all networks of default network_group: yolov8s_pose
[2026-04-03 00:28:39.305] [34022] [HailoRT] [info] [hef.cpp:1929] [get_network_group_and_network_name] No name was given. Addressing all networks of default network_group: yolov8s_pose
[2026-04-03 00:28:39.305] [34022] [HailoRT] [info] [hef.cpp:1929] [get_network_group_and_network_name] No name was given. Addressing all networks of default network_group: yolov8s_pose
[2026-04-03 00:28:39.305] [34022] [HailoRT] [warning] [device_internal.cpp:616] [check_hef_is_compatible] HEF was compiled for Hailo8L device, while the device itself is Hailo8. This will result in lower performance.
[2026-04-03 00:28:39.306] [34022] [HailoRT] [warning] [device_internal.cpp:616] [check_hef_is_compatible] HEF was compiled for Hailo8L device, while the device itself is Hailo8. This will result in lower performance.
[2026-04-03 00:28:39.313] [34022] [HailoRT] [info] [internal_buffer_manager.cpp:204] [print_execution_results] Planned internal buffer memory: CMA memory 0, user memory 3321344. memory to edge layer usage factor is 0.93083656
[2026-04-03 00:28:39.313] [34022] [HailoRT] [info] [internal_buffer_manager.cpp:212] [print_execution_results] Default Internal buffer planner executed successfully
[2026-04-03 00:28:39.340] [34022] [HailoRT] [info] [device_internal.cpp:57] [configure] Configuring HEF took 34.323352 milliseconds
[2026-04-03 00:28:39.340] [34022] [HailoRT] [info] [vdevice.cpp:749] [configure] Configuring HEF on VDevice took 35.024093 milliseconds
[2026-04-03 00:28:39.340] [34022] [HailoRT] [info] [infer_model.cpp:436] [configure] Configuring network group 'yolov8s_pose' with params: batch size: 1, power mode: PERFORMANCE, latency: NONE
[2026-04-03 00:28:39.341] [34022] [HailoRT] [info] [multi_io_elements.cpp:756] [create] Created (AsyncHwEl)
[2026-04-03 00:28:39.341] [34022] [HailoRT] [info] [queue_elements.cpp:450] [create] Created (EntryPushQEl0yolov8s_pose/input_layer1 | timeout: 10s)
[2026-04-03 00:28:39.341] [34022] [HailoRT] [info] [queue_elements.cpp:450] [create] Created (PushQEl3AsyncHwEl | timeout: 10s)
[2026-04-03 00:28:39.341] [34022] [HailoRT] [info] [filter_elements.cpp:375] [create] Created (PostInferEl3AsyncHwEl | Quantization - src_type: UINT8, dst_type FLOAT32, limvals_min: -6.02712, limvals_max: 11.844)
[2026-04-03 00:28:39.341] [34022] [HailoRT] [info] [edge_elements.cpp:187] [create] Created (LastAsyncEl0PostInferEl3AsyncHwEl)
[2026-04-03 00:28:39.341] [34022] [HailoRT] [info] [queue_elements.cpp:450] [create] Created (PushQEl4AsyncHwEl | timeout: 10s)
[2026-04-03 00:28:39.341] [34022] [HailoRT] [info] [filter_elements.cpp:375] [create] Created (PostInferEl4AsyncHwEl | Quantization - src_type: UINT8, dst_type FLOAT32, limvals_min: -9.25656, limvals_max: 9.32945 | Reorder - src_order: FCR, src_shape: (20, 20, 56), dst_order: FCR, dst_shape: (20, 20, 51))
[2026-04-03 00:28:39.341] [34022] [HailoRT] [info] [edge_elements.cpp:187] [create] Created (LastAsyncEl0PostInferEl4AsyncHwEl)
[2026-04-03 00:28:39.341] [34022] [HailoRT] [info] [queue_elements.cpp:450] [create] Created (PushQEl5AsyncHwEl | timeout: 10s)
[2026-04-03 00:28:39.341] [34022] [HailoRT] [info] [filter_elements.cpp:375] [create] Created (PostInferEl5AsyncHwEl | Quantization - src_type: UINT8, dst_type FLOAT32, limvals_min: -5.14938, limvals_max: 13.8809)
[2026-04-03 00:28:39.341] [34022] [HailoRT] [info] [edge_elements.cpp:187] [create] Created (LastAsyncEl0PostInferEl5AsyncHwEl)
[2026-04-03 00:28:39.341] [34022] [HailoRT] [info] [queue_elements.cpp:450] [create] Created (PushQEl0AsyncHwEl | timeout: 10s)
[2026-04-03 00:28:39.342] [34022] [HailoRT] [info] [filter_elements.cpp:375] [create] Created (PostInferEl0AsyncHwEl | Quantization - src_type: UINT8, dst_type FLOAT32, limvals_min: 0, limvals_max: 0.927867)
[2026-04-03 00:28:39.342] [34022] [HailoRT] [info] [edge_elements.cpp:187] [create] Created (LastAsyncEl0PostInferEl0AsyncHwEl)
[2026-04-03 00:28:39.342] [34022] [HailoRT] [info] [queue_elements.cpp:450] [create] Created (PushQEl1AsyncHwEl | timeout: 10s)
[2026-04-03 00:28:39.342] [34022] [HailoRT] [info] [filter_elements.cpp:375] [create] Created (PostInferEl1AsyncHwEl | Quantization - src_type: UINT8, dst_type FLOAT32, limvals_min: -5.39702, limvals_max: 12.7114)
[2026-04-03 00:28:39.342] [34022] [HailoRT] [info] [edge_elements.cpp:187] [create] Created (LastAsyncEl0PostInferEl1AsyncHwEl)
[2026-04-03 00:28:39.342] [34022] [HailoRT] [info] [queue_elements.cpp:450] [create] Created (PushQEl2AsyncHwEl | timeout: 10s)
[2026-04-03 00:28:39.342] [34022] [HailoRT] [info] [filter_elements.cpp:375] [create] Created (PostInferEl2AsyncHwEl | Quantization - src_type: UINT8, dst_type FLOAT32, limvals_min: 0, limvals_max: 0.820417)
[2026-04-03 00:28:39.342] [34022] [HailoRT] [info] [edge_elements.cpp:187] [create] Created (LastAsyncEl0PostInferEl2AsyncHwEl)
[2026-04-03 00:28:39.342] [34022] [HailoRT] [info] [queue_elements.cpp:450] [create] Created (PushQEl7AsyncHwEl | timeout: 10s)
[2026-04-03 00:28:39.342] [34022] [HailoRT] [info] [filter_elements.cpp:375] [create] Created (PostInferEl7AsyncHwEl | Quantization - src_type: UINT8, dst_type FLOAT32, limvals_min: -11.0503, limvals_max: 6.78402 | Reorder - src_order: FCR, src_shape: (40, 40, 56), dst_order: FCR, dst_shape: (40, 40, 51))
[2026-04-03 00:28:39.342] [34022] [HailoRT] [info] [edge_elements.cpp:187] [create] Created (LastAsyncEl0PostInferEl7AsyncHwEl)
[2026-04-03 00:28:39.342] [34022] [HailoRT] [info] [queue_elements.cpp:450] [create] Created (PushQEl8AsyncHwEl | timeout: 10s)
[2026-04-03 00:28:39.342] [34022] [HailoRT] [info] [filter_elements.cpp:375] [create] Created (PostInferEl8AsyncHwEl | Quantization - src_type: UINT8, dst_type FLOAT32, limvals_min: 0, limvals_max: 0.617845)
[2026-04-03 00:28:39.342] [34022] [HailoRT] [info] [edge_elements.cpp:187] [create] Created (LastAsyncEl0PostInferEl8AsyncHwEl)
[2026-04-03 00:28:39.342] [34022] [HailoRT] [info] [queue_elements.cpp:450] [create] Created (PushQEl6AsyncHwEl | timeout: 10s)
[2026-04-03 00:28:39.342] [34022] [HailoRT] [info] [filter_elements.cpp:375] [create] Created (PostInferEl6AsyncHwEl | Quantization - src_type: UINT8, dst_type FLOAT32, limvals_min: -7.42123, limvals_max: 5.81243 | Reorder - src_order: FCR, src_shape: (80, 80, 56), dst_order: FCR, dst_shape: (80, 80, 51))
[2026-04-03 00:28:39.342] [34022] [HailoRT] [info] [edge_elements.cpp:187] [create] Created (LastAsyncEl0PostInferEl6AsyncHwEl)
[2026-04-03 00:28:39.342] [34022] [HailoRT] [info] [pipeline.cpp:891] [print_deep_description] EntryPushQEl0yolov8s_pose/input_layer1 | inputs: user | outputs: AsyncHwEl(running in thread_id: 34030)
[2026-04-03 00:28:39.342] [34022] [HailoRT] [info] [pipeline.cpp:891] [print_deep_description] AsyncHwEl | inputs: EntryPushQEl0yolov8s_pose/input_layer1[0] | outputs: PushQEl0AsyncHwEl PushQEl1AsyncHwEl PushQEl2AsyncHwEl PushQEl3AsyncHwEl PushQEl4AsyncHwEl PushQEl5AsyncHwEl PushQEl6AsyncHwEl PushQEl7AsyncHwEl PushQEl8AsyncHwEl
[2026-04-03 00:28:39.342] [34022] [HailoRT] [info] [pipeline.cpp:891] [print_deep_description] PushQEl0AsyncHwEl | inputs: AsyncHwEl[0] | outputs: PostInferEl0AsyncHwEl(running in thread_id: 34034)
[2026-04-03 00:28:39.342] [34022] [HailoRT] [info] [pipeline.cpp:891] [print_deep_description] PostInferEl0AsyncHwEl | inputs: PushQEl0AsyncHwEl[0] | outputs: LastAsyncEl0PostInferEl0AsyncHwEl
[2026-04-03 00:28:39.342] [34022] [HailoRT] [info] [pipeline.cpp:891] [print_deep_description] LastAsyncEl0PostInferEl0AsyncHwEl | inputs: PostInferEl0AsyncHwEl[0] | outputs: user
[2026-04-03 00:28:39.342] [34022] [HailoRT] [info] [pipeline.cpp:891] [print_deep_description] PushQEl1AsyncHwEl | inputs: AsyncHwEl[0] | outputs: PostInferEl1AsyncHwEl(running in thread_id: 34035)
[2026-04-03 00:28:39.342] [34022] [HailoRT] [info] [pipeline.cpp:891] [print_deep_description] PostInferEl1AsyncHwEl | inputs: PushQEl1AsyncHwEl[0] | outputs: LastAsyncEl0PostInferEl1AsyncHwEl
[2026-04-03 00:28:39.342] [34022] [HailoRT] [info] [pipeline.cpp:891] [print_deep_description] LastAsyncEl0PostInferEl1AsyncHwEl | inputs: PostInferEl1AsyncHwEl[0] | outputs: user
[2026-04-03 00:28:39.342] [34022] [HailoRT] [info] [pipeline.cpp:891] [print_deep_description] PushQEl2AsyncHwEl | inputs: AsyncHwEl[0] | outputs: PostInferEl2AsyncHwEl(running in thread_id: 34036)
[2026-04-03 00:28:39.342] [34022] [HailoRT] [info] [pipeline.cpp:891] [print_deep_description] PostInferEl2AsyncHwEl | inputs: PushQEl2AsyncHwEl[0] | outputs: LastAsyncEl0PostInferEl2AsyncHwEl
[2026-04-03 00:28:39.342] [34022] [HailoRT] [info] [pipeline.cpp:891] [print_deep_description] LastAsyncEl0PostInferEl2AsyncHwEl | inputs: PostInferEl2AsyncHwEl[0] | outputs: user
[2026-04-03 00:28:39.343] [34022] [HailoRT] [info] [pipeline.cpp:891] [print_deep_description] PushQEl3AsyncHwEl | inputs: AsyncHwEl[0] | outputs: PostInferEl3AsyncHwEl(running in thread_id: 34031)
[2026-04-03 00:28:39.343] [34022] [HailoRT] [info] [pipeline.cpp:891] [print_deep_description] PostInferEl3AsyncHwEl | inputs: PushQEl3AsyncHwEl[0] | outputs: LastAsyncEl0PostInferEl3AsyncHwEl
[2026-04-03 00:28:39.343] [34022] [HailoRT] [info] [pipeline.cpp:891] [print_deep_description] LastAsyncEl0PostInferEl3AsyncHwEl | inputs: PostInferEl3AsyncHwEl[0] | outputs: user
[2026-04-03 00:28:39.343] [34022] [HailoRT] [info] [pipeline.cpp:891] [print_deep_description] PushQEl4AsyncHwEl | inputs: AsyncHwEl[0] | outputs: PostInferEl4AsyncHwEl(running in thread_id: 34032)
[2026-04-03 00:28:39.343] [34022] [HailoRT] [info] [pipeline.cpp:891] [print_deep_description] PostInferEl4AsyncHwEl | inputs: PushQEl4AsyncHwEl[0] | outputs: LastAsyncEl0PostInferEl4AsyncHwEl
[2026-04-03 00:28:39.343] [34022] [HailoRT] [info] [pipeline.cpp:891] [print_deep_description] LastAsyncEl0PostInferEl4AsyncHwEl | inputs: PostInferEl4AsyncHwEl[0] | outputs: user
[2026-04-03 00:28:39.343] [34022] [HailoRT] [info] [pipeline.cpp:891] [print_deep_description] PushQEl5AsyncHwEl | inputs: AsyncHwEl[0] | outputs: PostInferEl5AsyncHwEl(running in thread_id: 34033)
[2026-04-03 00:28:39.343] [34022] [HailoRT] [info] [pipeline.cpp:891] [print_deep_description] PostInferEl5AsyncHwEl | inputs: PushQEl5AsyncHwEl[0] | outputs: LastAsyncEl0PostInferEl5AsyncHwEl
[2026-04-03 00:28:39.343] [34022] [HailoRT] [info] [pipeline.cpp:891] [print_deep_description] LastAsyncEl0PostInferEl5AsyncHwEl | inputs: PostInferEl5AsyncHwEl[0] | outputs: user
[2026-04-03 00:28:39.343] [34022] [HailoRT] [info] [pipeline.cpp:891] [print_deep_description] PushQEl6AsyncHwEl | inputs: AsyncHwEl[0] | outputs: PostInferEl6AsyncHwEl(running in thread_id: 34039)
[2026-04-03 00:28:39.343] [34022] [HailoRT] [info] [pipeline.cpp:891] [print_deep_description] PostInferEl6AsyncHwEl | inputs: PushQEl6AsyncHwEl[0] | outputs: LastAsyncEl0PostInferEl6AsyncHwEl
[2026-04-03 00:28:39.343] [34022] [HailoRT] [info] [pipeline.cpp:891] [print_deep_description] LastAsyncEl0PostInferEl6AsyncHwEl | inputs: PostInferEl6AsyncHwEl[0] | outputs: user
[2026-04-03 00:28:39.343] [34022] [HailoRT] [info] [pipeline.cpp:891] [print_deep_description] PushQEl7AsyncHwEl | inputs: AsyncHwEl[0] | outputs: PostInferEl7AsyncHwEl(running in thread_id: 34037)
[2026-04-03 00:28:39.343] [34022] [HailoRT] [info] [pipeline.cpp:891] [print_deep_description] PostInferEl7AsyncHwEl | inputs: PushQEl7AsyncHwEl[0] | outputs: LastAsyncEl0PostInferEl7AsyncHwEl
[2026-04-03 00:28:39.343] [34022] [HailoRT] [info] [pipeline.cpp:891] [print_deep_description] LastAsyncEl0PostInferEl7AsyncHwEl | inputs: PostInferEl7AsyncHwEl[0] | outputs: user
[2026-04-03 00:28:39.343] [34022] [HailoRT] [info] [pipeline.cpp:891] [print_deep_description] PushQEl8AsyncHwEl | inputs: AsyncHwEl[0] | outputs: PostInferEl8AsyncHwEl(running in thread_id: 34038)
[2026-04-03 00:28:39.343] [34022] [HailoRT] [info] [pipeline.cpp:891] [print_deep_description] PostInferEl8AsyncHwEl | inputs: PushQEl8AsyncHwEl[0] | outputs: LastAsyncEl0PostInferEl8AsyncHwEl
[2026-04-03 00:28:39.343] [34022] [HailoRT] [info] [pipeline.cpp:891] [print_deep_description] LastAsyncEl0PostInferEl8AsyncHwEl | inputs: PostInferEl8AsyncHwEl[0] | outputs: user
[2026-04-03 00:28:43.794] [34022] [HailoRT] [info] [async_infer_runner.cpp:86] [shutdown] Pipeline was aborted. Shutting it down
[2026-04-03 00:28:43.795] [34022] [HailoRT] [info] [async_infer_runner.cpp:86] [shutdown] Pipeline was aborted. Shutting it down
[2026-04-03 00:28:43.795] [34022] [HailoRT] [info] [queue_elements.cpp:570] [execute_deactivate] enqueue() in element PushQEl0AsyncHwEl was aborted, got status = HAILO_SHUTDOWN_EVENT_SIGNALED(57)
[2026-04-03 00:28:43.795] [34022] [HailoRT] [info] [queue_elements.cpp:570] [execute_deactivate] enqueue() in element PushQEl1AsyncHwEl was aborted, got status = HAILO_SHUTDOWN_EVENT_SIGNALED(57)
[2026-04-03 00:28:43.795] [34022] [HailoRT] [info] [queue_elements.cpp:570] [execute_deactivate] enqueue() in element PushQEl2AsyncHwEl was aborted, got status = HAILO_SHUTDOWN_EVENT_SIGNALED(57)
[2026-04-03 00:28:43.795] [34022] [HailoRT] [info] [queue_elements.cpp:570] [execute_deactivate] enqueue() in element PushQEl3AsyncHwEl was aborted, got status = HAILO_SHUTDOWN_EVENT_SIGNALED(57)
[2026-04-03 00:28:43.795] [34022] [HailoRT] [info] [queue_elements.cpp:570] [execute_deactivate] enqueue() in element PushQEl4AsyncHwEl was aborted, got status = HAILO_SHUTDOWN_EVENT_SIGNALED(57)
[2026-04-03 00:28:43.795] [34022] [HailoRT] [info] [queue_elements.cpp:570] [execute_deactivate] enqueue() in element PushQEl5AsyncHwEl was aborted, got status = HAILO_SHUTDOWN_EVENT_SIGNALED(57)
[2026-04-03 00:28:43.795] [34022] [HailoRT] [info] [queue_elements.cpp:570] [execute_deactivate] enqueue() in element PushQEl6AsyncHwEl was aborted, got status = HAILO_SHUTDOWN_EVENT_SIGNALED(57)
[2026-04-03 00:28:43.795] [34022] [HailoRT] [info] [queue_elements.cpp:570] [execute_deactivate] enqueue() in element PushQEl7AsyncHwEl was aborted, got status = HAILO_SHUTDOWN_EVENT_SIGNALED(57)
[2026-04-03 00:28:43.795] [34022] [HailoRT] [info] [queue_elements.cpp:570] [execute_deactivate] enqueue() in element PushQEl8AsyncHwEl was aborted, got status = HAILO_SHUTDOWN_EVENT_SIGNALED(57)
[2026-04-03 00:28:43.795] [34022] [HailoRT] [info] [queue_elements.cpp:570] [execute_deactivate] enqueue() in element EntryPushQEl0yolov8s_pose/input_layer1 was aborted, got status = HAILO_SHUTDOWN_EVENT_SIGNALED(57)
[2026-04-03 00:28:43.795] [34022] [HailoRT] [info] [queue_elements.cpp:46] [~BaseQueueElement] Queue element EntryPushQEl0yolov8s_pose/input_layer1 has 0 frames in his Queue on destruction
[2026-04-03 00:28:43.795] [34022] [HailoRT] [info] [queue_elements.cpp:46] [~BaseQueueElement] Queue element PushQEl3AsyncHwEl has 0 frames in his Queue on destruction
[2026-04-03 00:28:43.795] [34022] [HailoRT] [info] [queue_elements.cpp:46] [~BaseQueueElement] Queue element PushQEl4AsyncHwEl has 0 frames in his Queue on destruction
[2026-04-03 00:28:43.795] [34022] [HailoRT] [info] [queue_elements.cpp:46] [~BaseQueueElement] Queue element PushQEl5AsyncHwEl has 0 frames in his Queue on destruction
[2026-04-03 00:28:43.795] [34022] [HailoRT] [info] [queue_elements.cpp:46] [~BaseQueueElement] Queue element PushQEl0AsyncHwEl has 0 frames in his Queue on destruction
[2026-04-03 00:28:43.795] [34022] [HailoRT] [info] [queue_elements.cpp:46] [~BaseQueueElement] Queue element PushQEl1AsyncHwEl has 0 frames in his Queue on destruction
[2026-04-03 00:28:43.795] [34022] [HailoRT] [info] [queue_elements.cpp:46] [~BaseQueueElement] Queue element PushQEl2AsyncHwEl has 0 frames in his Queue on destruction
[2026-04-03 00:28:43.795] [34022] [HailoRT] [info] [queue_elements.cpp:46] [~BaseQueueElement] Queue element PushQEl7AsyncHwEl has 0 frames in his Queue on destruction
[2026-04-03 00:28:43.795] [34022] [HailoRT] [info] [queue_elements.cpp:46] [~BaseQueueElement] Queue element PushQEl8AsyncHwEl has 0 frames in his Queue on destruction
[2026-04-03 00:28:43.795] [34022] [HailoRT] [info] [queue_elements.cpp:46] [~BaseQueueElement] Queue element PushQEl6AsyncHwEl has 0 frames in his Queue on destruction
[2026-04-03 00:29:04.039] [34148] [HailoRT] [info] [vdevice.cpp:523] [create] Creating vdevice with params: device_count: 1, scheduling_algorithm: ROUND_ROBIN, multi_process_service: false
[2026-04-03 00:29:04.051] [34148] [HailoRT] [info] [device.cpp:49] [Device] OS Version: Linux 6.12.62+rpt-rpi-2712 #1 SMP PREEMPT Debian 1:6.12.62-1+rpt1~bookworm (2026-01-19) aarch64
[2026-04-03 00:29:04.052] [34148] [HailoRT] [info] [control.cpp:108] [control__parse_identify_results] firmware_version is: 4.20.0
[2026-04-03 00:29:04.052] [34148] [HailoRT] [info] [vdevice.cpp:651] [create] VDevice Infos: 0001:01:00.0
[2026-04-03 00:29:04.155] [34148] [HailoRT] [info] [hef.cpp:1929] [get_network_group_and_network_name] No name was given. Addressing all networks of default network_group: yolov8s_pose
[2026-04-03 00:29:04.155] [34148] [HailoRT] [info] [hef.cpp:1929] [get_network_group_and_network_name] No name was given. Addressing all networks of default network_group: yolov8s_pose
[2026-04-03 00:29:04.155] [34148] [HailoRT] [info] [hef.cpp:1929] [get_network_group_and_network_name] No name was given. Addressing all networks of default network_group: yolov8s_pose
[2026-04-03 00:29:04.155] [34148] [HailoRT] [info] [hef.cpp:1929] [get_network_group_and_network_name] No name was given. Addressing all networks of default network_group: yolov8s_pose
[2026-04-03 00:29:04.155] [34148] [HailoRT] [info] [hef.cpp:1929] [get_network_group_and_network_name] No name was given. Addressing all networks of default network_group: yolov8s_pose
[2026-04-03 00:29:04.156] [34148] [HailoRT] [warning] [device_internal.cpp:616] [check_hef_is_compatible] HEF was compiled for Hailo8L device, while the device itself is Hailo8. This will result in lower performance.
[2026-04-03 00:29:04.156] [34148] [HailoRT] [warning] [device_internal.cpp:616] [check_hef_is_compatible] HEF was compiled for Hailo8L device, while the device itself is Hailo8. This will result in lower performance.
[2026-04-03 00:29:04.162] [34148] [HailoRT] [info] [internal_buffer_manager.cpp:204] [print_execution_results] Planned internal buffer memory: CMA memory 0, user memory 3321344. memory to edge layer usage factor is 0.93083656
[2026-04-03 00:29:04.162] [34148] [HailoRT] [info] [internal_buffer_manager.cpp:212] [print_execution_results] Default Internal buffer planner executed successfully
[2026-04-03 00:29:04.182] [34148] [HailoRT] [info] [device_internal.cpp:57] [configure] Configuring HEF took 26.490261 milliseconds
[2026-04-03 00:29:04.183] [34148] [HailoRT] [info] [vdevice.cpp:749] [configure] Configuring HEF on VDevice took 26.996687 milliseconds
[2026-04-03 00:29:04.183] [34148] [HailoRT] [info] [infer_model.cpp:436] [configure] Configuring network group 'yolov8s_pose' with params: batch size: 1, power mode: PERFORMANCE, latency: NONE
[2026-04-03 00:29:04.183] [34148] [HailoRT] [info] [multi_io_elements.cpp:756] [create] Created (AsyncHwEl)
[2026-04-03 00:29:04.183] [34148] [HailoRT] [info] [queue_elements.cpp:450] [create] Created (EntryPushQEl0yolov8s_pose/input_layer1 | timeout: 10s)
[2026-04-03 00:29:04.183] [34148] [HailoRT] [info] [queue_elements.cpp:450] [create] Created (PushQEl3AsyncHwEl | timeout: 10s)
[2026-04-03 00:29:04.183] [34148] [HailoRT] [info] [filter_elements.cpp:375] [create] Created (PostInferEl3AsyncHwEl | Quantization - src_type: UINT8, dst_type FLOAT32, limvals_min: -6.02712, limvals_max: 11.844)
[2026-04-03 00:29:04.183] [34148] [HailoRT] [info] [edge_elements.cpp:187] [create] Created (LastAsyncEl0PostInferEl3AsyncHwEl)
[2026-04-03 00:29:04.183] [34148] [HailoRT] [info] [queue_elements.cpp:450] [create] Created (PushQEl4AsyncHwEl | timeout: 10s)
[2026-04-03 00:29:04.183] [34148] [HailoRT] [info] [filter_elements.cpp:375] [create] Created (PostInferEl4AsyncHwEl | Quantization - src_type: UINT8, dst_type FLOAT32, limvals_min: -9.25656, limvals_max: 9.32945 | Reorder - src_order: FCR, src_shape: (20, 20, 56), dst_order: FCR, dst_shape: (20, 20, 51))
[2026-04-03 00:29:04.183] [34148] [HailoRT] [info] [edge_elements.cpp:187] [create] Created (LastAsyncEl0PostInferEl4AsyncHwEl)
[2026-04-03 00:29:04.184] [34148] [HailoRT] [info] [queue_elements.cpp:450] [create] Created (PushQEl5AsyncHwEl | timeout: 10s)
[2026-04-03 00:29:04.184] [34148] [HailoRT] [info] [filter_elements.cpp:375] [create] Created (PostInferEl5AsyncHwEl | Quantization - src_type: UINT8, dst_type FLOAT32, limvals_min: -5.14938, limvals_max: 13.8809)
[2026-04-03 00:29:04.184] [34148] [HailoRT] [info] [edge_elements.cpp:187] [create] Created (LastAsyncEl0PostInferEl5AsyncHwEl)
[2026-04-03 00:29:04.184] [34148] [HailoRT] [info] [queue_elements.cpp:450] [create] Created (PushQEl0AsyncHwEl | timeout: 10s)
[2026-04-03 00:29:04.184] [34148] [HailoRT] [info] [filter_elements.cpp:375] [create] Created (PostInferEl0AsyncHwEl | Quantization - src_type: UINT8, dst_type FLOAT32, limvals_min: 0, limvals_max: 0.927867)
[2026-04-03 00:29:04.184] [34148] [HailoRT] [info] [edge_elements.cpp:187] [create] Created (LastAsyncEl0PostInferEl0AsyncHwEl)
[2026-04-03 00:29:04.184] [34148] [HailoRT] [info] [queue_elements.cpp:450] [create] Created (PushQEl1AsyncHwEl | timeout: 10s)
[2026-04-03 00:29:04.184] [34148] [HailoRT] [info] [filter_elements.cpp:375] [create] Created (PostInferEl1AsyncHwEl | Quantization - src_type: UINT8, dst_type FLOAT32, limvals_min: -5.39702, limvals_max: 12.7114)
[2026-04-03 00:29:04.184] [34148] [HailoRT] [info] [edge_elements.cpp:187] [create] Created (LastAsyncEl0PostInferEl1AsyncHwEl)
[2026-04-03 00:29:04.184] [34148] [HailoRT] [info] [queue_elements.cpp:450] [create] Created (PushQEl2AsyncHwEl | timeout: 10s)
[2026-04-03 00:29:04.184] [34148] [HailoRT] [info] [filter_elements.cpp:375] [create] Created (PostInferEl2AsyncHwEl | Quantization - src_type: UINT8, dst_type FLOAT32, limvals_min: 0, limvals_max: 0.820417)
[2026-04-03 00:29:04.184] [34148] [HailoRT] [info] [edge_elements.cpp:187] [create] Created (LastAsyncEl0PostInferEl2AsyncHwEl)
[2026-04-03 00:29:04.184] [34148] [HailoRT] [info] [queue_elements.cpp:450] [create] Created (PushQEl7AsyncHwEl | timeout: 10s)
[2026-04-03 00:29:04.184] [34148] [HailoRT] [info] [filter_elements.cpp:375] [create] Created (PostInferEl7AsyncHwEl | Quantization - src_type: UINT8, dst_type FLOAT32, limvals_min: -11.0503, limvals_max: 6.78402 | Reorder - src_order: FCR, src_shape: (40, 40, 56), dst_order: FCR, dst_shape: (40, 40, 51))
[2026-04-03 00:29:04.184] [34148] [HailoRT] [info] [edge_elements.cpp:187] [create] Created (LastAsyncEl0PostInferEl7AsyncHwEl)
[2026-04-03 00:29:04.185] [34148] [HailoRT] [info] [queue_elements.cpp:450] [create] Created (PushQEl8AsyncHwEl | timeout: 10s)
[2026-04-03 00:29:04.185] [34148] [HailoRT] [info] [filter_elements.cpp:375] [create] Created (PostInferEl8AsyncHwEl | Quantization - src_type: UINT8, dst_type FLOAT32, limvals_min: 0, limvals_max: 0.617845)
[2026-04-03 00:29:04.185] [34148] [HailoRT] [info] [edge_elements.cpp:187] [create] Created (LastAsyncEl0PostInferEl8AsyncHwEl)
[2026-04-03 00:29:04.185] [34148] [HailoRT] [info] [queue_elements.cpp:450] [create] Created (PushQEl6AsyncHwEl | timeout: 10s)
[2026-04-03 00:29:04.185] [34148] [HailoRT] [info] [filter_elements.cpp:375] [create] Created (PostInferEl6AsyncHwEl | Quantization - src_type: UINT8, dst_type FLOAT32, limvals_min: -7.42123, limvals_max: 5.81243 | Reorder - src_order: FCR, src_shape: (80, 80, 56), dst_order: FCR, dst_shape: (80, 80, 51))
[2026-04-03 00:29:04.185] [34148] [HailoRT] [info] [edge_elements.cpp:187] [create] Created (LastAsyncEl0PostInferEl6AsyncHwEl)
[2026-04-03 00:29:04.185] [34148] [HailoRT] [info] [pipeline.cpp:891] [print_deep_description] EntryPushQEl0yolov8s_pose/input_layer1 | inputs: user | outputs: AsyncHwEl(running in thread_id: 34161)
[2026-04-03 00:29:04.185] [34148] [HailoRT] [info] [pipeline.cpp:891] [print_deep_description] AsyncHwEl | inputs: EntryPushQEl0yolov8s_pose/input_layer1[0] | outputs: PushQEl0AsyncHwEl PushQEl1AsyncHwEl PushQEl2AsyncHwEl PushQEl3AsyncHwEl PushQEl4AsyncHwEl PushQEl5AsyncHwEl PushQEl6AsyncHwEl PushQEl7AsyncHwEl PushQEl8AsyncHwEl
[2026-04-03 00:29:04.185] [34148] [HailoRT] [info] [pipeline.cpp:891] [print_deep_description] PushQEl0AsyncHwEl | inputs: AsyncHwEl[0] | outputs: PostInferEl0AsyncHwEl(running in thread_id: 34165)
[2026-04-03 00:29:04.185] [34148] [HailoRT] [info] [pipeline.cpp:891] [print_deep_description] PostInferEl0AsyncHwEl | inputs: PushQEl0AsyncHwEl[0] | outputs: LastAsyncEl0PostInferEl0AsyncHwEl
[2026-04-03 00:29:04.185] [34148] [HailoRT] [info] [pipeline.cpp:891] [print_deep_description] LastAsyncEl0PostInferEl0AsyncHwEl | inputs: PostInferEl0AsyncHwEl[0] | outputs: user
[2026-04-03 00:29:04.185] [34148] [HailoRT] [info] [pipeline.cpp:891] [print_deep_description] PushQEl1AsyncHwEl | inputs: AsyncHwEl[0] | outputs: PostInferEl1AsyncHwEl(running in thread_id: 34166)
[2026-04-03 00:29:04.185] [34148] [HailoRT] [info] [pipeline.cpp:891] [print_deep_description] PostInferEl1AsyncHwEl | inputs: PushQEl1AsyncHwEl[0] | outputs: LastAsyncEl0PostInferEl1AsyncHwEl
[2026-04-03 00:29:04.185] [34148] [HailoRT] [info] [pipeline.cpp:891] [print_deep_description] LastAsyncEl0PostInferEl1AsyncHwEl | inputs: PostInferEl1AsyncHwEl[0] | outputs: user
[2026-04-03 00:29:04.185] [34148] [HailoRT] [info] [pipeline.cpp:891] [print_deep_description] PushQEl2AsyncHwEl | inputs: AsyncHwEl[0] | outputs: PostInferEl2AsyncHwEl(running in thread_id: 34167)
[2026-04-03 00:29:04.185] [34148] [HailoRT] [info] [pipeline.cpp:891] [print_deep_description] PostInferEl2AsyncHwEl | inputs: PushQEl2AsyncHwEl[0] | outputs: LastAsyncEl0PostInferEl2AsyncHwEl
[2026-04-03 00:29:04.185] [34148] [HailoRT] [info] [pipeline.cpp:891] [print_deep_description] LastAsyncEl0PostInferEl2AsyncHwEl | inputs: PostInferEl2AsyncHwEl[0] | outputs: user
[2026-04-03 00:29:04.185] [34148] [HailoRT] [info] [pipeline.cpp:891] [print_deep_description] PushQEl3AsyncHwEl | inputs: AsyncHwEl[0] | outputs: PostInferEl3AsyncHwEl(running in thread_id: 34162)
[2026-04-03 00:29:04.185] [34148] [HailoRT] [info] [pipeline.cpp:891] [print_deep_description] PostInferEl3AsyncHwEl | inputs: PushQEl3AsyncHwEl[0] | outputs: LastAsyncEl0PostInferEl3AsyncHwEl
[2026-04-03 00:29:04.185] [34148] [HailoRT] [info] [pipeline.cpp:891] [print_deep_description] LastAsyncEl0PostInferEl3AsyncHwEl | inputs: PostInferEl3AsyncHwEl[0] | outputs: user
[2026-04-03 00:29:04.185] [34148] [HailoRT] [info] [pipeline.cpp:891] [print_deep_description] PushQEl4AsyncHwEl | inputs: AsyncHwEl[0] | outputs: PostInferEl4AsyncHwEl(running in thread_id: 34163)
[2026-04-03 00:29:04.185] [34148] [HailoRT] [info] [pipeline.cpp:891] [print_deep_description] PostInferEl4AsyncHwEl | inputs: PushQEl4AsyncHwEl[0] | outputs: LastAsyncEl0PostInferEl4AsyncHwEl
[2026-04-03 00:29:04.185] [34148] [HailoRT] [info] [pipeline.cpp:891] [print_deep_description] LastAsyncEl0PostInferEl4AsyncHwEl | inputs: PostInferEl4AsyncHwEl[0] | outputs: user
[2026-04-03 00:29:04.185] [34148] [HailoRT] [info] [pipeline.cpp:891] [print_deep_description] PushQEl5AsyncHwEl | inputs: AsyncHwEl[0] | outputs: PostInferEl5AsyncHwEl(running in thread_id: 34164)
[2026-04-03 00:29:04.185] [34148] [HailoRT] [info] [pipeline.cpp:891] [print_deep_description] PostInferEl5AsyncHwEl | inputs: PushQEl5AsyncHwEl[0] | outputs: LastAsyncEl0PostInferEl5AsyncHwEl
[2026-04-03 00:29:04.185] [34148] [HailoRT] [info] [pipeline.cpp:891] [print_deep_description] LastAsyncEl0PostInferEl5AsyncHwEl | inputs: PostInferEl5AsyncHwEl[0] | outputs: user
[2026-04-03 00:29:04.185] [34148] [HailoRT] [info] [pipeline.cpp:891] [print_deep_description] PushQEl6AsyncHwEl | inputs: AsyncHwEl[0] | outputs: PostInferEl6AsyncHwEl(running in thread_id: 34170)
[2026-04-03 00:29:04.185] [34148] [HailoRT] [info] [pipeline.cpp:891] [print_deep_description] PostInferEl6AsyncHwEl | inputs: PushQEl6AsyncHwEl[0] | outputs: LastAsyncEl0PostInferEl6AsyncHwEl
[2026-04-03 00:29:04.185] [34148] [HailoRT] [info] [pipeline.cpp:891] [print_deep_description] LastAsyncEl0PostInferEl6AsyncHwEl | inputs: PostInferEl6AsyncHwEl[0] | outputs: user
[2026-04-03 00:29:04.185] [34148] [HailoRT] [info] [pipeline.cpp:891] [print_deep_description] PushQEl7AsyncHwEl | inputs: AsyncHwEl[0] | outputs: PostInferEl7AsyncHwEl(running in thread_id: 34168)
[2026-04-03 00:29:04.185] [34148] [HailoRT] [info] [pipeline.cpp:891] [print_deep_description] PostInferEl7AsyncHwEl | inputs: PushQEl7AsyncHwEl[0] | outputs: LastAsyncEl0PostInferEl7AsyncHwEl
[2026-04-03 00:29:04.185] [34148] [HailoRT] [info] [pipeline.cpp:891] [print_deep_description] LastAsyncEl0PostInferEl7AsyncHwEl | inputs: PostInferEl7AsyncHwEl[0] | outputs: user
[2026-04-03 00:29:04.185] [34148] [HailoRT] [info] [pipeline.cpp:891] [print_deep_description] PushQEl8AsyncHwEl | inputs: AsyncHwEl[0] | outputs: PostInferEl8AsyncHwEl(running in thread_id: 34169)
[2026-04-03 00:29:04.185] [34148] [HailoRT] [info] [pipeline.cpp:891] [print_deep_description] PostInferEl8AsyncHwEl | inputs: PushQEl8AsyncHwEl[0] | outputs: LastAsyncEl0PostInferEl8AsyncHwEl
[2026-04-03 00:29:04.185] [34148] [HailoRT] [info] [pipeline.cpp:891] [print_deep_description] LastAsyncEl0PostInferEl8AsyncHwEl | inputs: PostInferEl8AsyncHwEl[0] | outputs: user
[2026-04-03 00:29:09.186] [34148] [HailoRT] [info] [async_infer_runner.cpp:86] [shutdown] Pipeline was aborted. Shutting it down
[2026-04-03 00:29:09.187] [34148] [HailoRT] [info] [async_infer_runner.cpp:86] [shutdown] Pipeline was aborted. Shutting it down
[2026-04-03 00:29:09.187] [34148] [HailoRT] [info] [queue_elements.cpp:570] [execute_deactivate] enqueue() in element PushQEl0AsyncHwEl was aborted, got status = HAILO_SHUTDOWN_EVENT_SIGNALED(57)
[2026-04-03 00:29:09.187] [34148] [HailoRT] [info] [queue_elements.cpp:570] [execute_deactivate] enqueue() in element PushQEl1AsyncHwEl was aborted, got status = HAILO_SHUTDOWN_EVENT_SIGNALED(57)
[2026-04-03 00:29:09.187] [34148] [HailoRT] [info] [queue_elements.cpp:570] [execute_deactivate] enqueue() in element PushQEl2AsyncHwEl was aborted, got status = HAILO_SHUTDOWN_EVENT_SIGNALED(57)
[2026-04-03 00:29:09.187] [34148] [HailoRT] [info] [queue_elements.cpp:570] [execute_deactivate] enqueue() in element PushQEl3AsyncHwEl was aborted, got status = HAILO_SHUTDOWN_EVENT_SIGNALED(57)
[2026-04-03 00:29:09.187] [34148] [HailoRT] [info] [queue_elements.cpp:570] [execute_deactivate] enqueue() in element PushQEl4AsyncHwEl was aborted, got status = HAILO_SHUTDOWN_EVENT_SIGNALED(57)
[2026-04-03 00:29:09.187] [34148] [HailoRT] [info] [queue_elements.cpp:570] [execute_deactivate] enqueue() in element PushQEl5AsyncHwEl was aborted, got status = HAILO_SHUTDOWN_EVENT_SIGNALED(57)
[2026-04-03 00:29:09.187] [34148] [HailoRT] [info] [queue_elements.cpp:570] [execute_deactivate] enqueue() in element PushQEl6AsyncHwEl was aborted, got status = HAILO_SHUTDOWN_EVENT_SIGNALED(57)
[2026-04-03 00:29:09.187] [34148] [HailoRT] [info] [queue_elements.cpp:570] [execute_deactivate] enqueue() in element PushQEl7AsyncHwEl was aborted, got status = HAILO_SHUTDOWN_EVENT_SIGNALED(57)
[2026-04-03 00:29:09.187] [34148] [HailoRT] [info] [queue_elements.cpp:570] [execute_deactivate] enqueue() in element PushQEl8AsyncHwEl was aborted, got status = HAILO_SHUTDOWN_EVENT_SIGNALED(57)
[2026-04-03 00:29:09.187] [34148] [HailoRT] [info] [queue_elements.cpp:570] [execute_deactivate] enqueue() in element EntryPushQEl0yolov8s_pose/input_layer1 was aborted, got status = HAILO_SHUTDOWN_EVENT_SIGNALED(57)
[2026-04-03 00:29:09.187] [34148] [HailoRT] [info] [queue_elements.cpp:46] [~BaseQueueElement] Queue element EntryPushQEl0yolov8s_pose/input_layer1 has 0 frames in his Queue on destruction
[2026-04-03 00:29:09.187] [34148] [HailoRT] [info] [queue_elements.cpp:46] [~BaseQueueElement] Queue element PushQEl3AsyncHwEl has 0 frames in his Queue on destruction
[2026-04-03 00:29:09.187] [34148] [HailoRT] [info] [queue_elements.cpp:46] [~BaseQueueElement] Queue element PushQEl4AsyncHwEl has 0 frames in his Queue on destruction
[2026-04-03 00:29:09.187] [34148] [HailoRT] [info] [queue_elements.cpp:46] [~BaseQueueElement] Queue element PushQEl5AsyncHwEl has 0 frames in his Queue on destruction
[2026-04-03 00:29:09.187] [34148] [HailoRT] [info] [queue_elements.cpp:46] [~BaseQueueElement] Queue element PushQEl0AsyncHwEl has 0 frames in his Queue on destruction
[2026-04-03 00:29:09.187] [34148] [HailoRT] [info] [queue_elements.cpp:46] [~BaseQueueElement] Queue element PushQEl1AsyncHwEl has 0 frames in his Queue on destruction
[2026-04-03 00:29:09.187] [34148] [HailoRT] [info] [queue_elements.cpp:46] [~BaseQueueElement] Queue element PushQEl2AsyncHwEl has 0 frames in his Queue on destruction
[2026-04-03 00:29:09.187] [34148] [HailoRT] [info] [queue_elements.cpp:46] [~BaseQueueElement] Queue element PushQEl7AsyncHwEl has 0 frames in his Queue on destruction
[2026-04-03 00:29:09.187] [34148] [HailoRT] [info] [queue_elements.cpp:46] [~BaseQueueElement] Queue element PushQEl8AsyncHwEl has 0 frames in his Queue on destruction
[2026-04-03 00:29:09.187] [34148] [HailoRT] [info] [queue_elements.cpp:46] [~BaseQueueElement] Queue element PushQEl6AsyncHwEl has 0 frames in his Queue on destruction
[2026-04-03 00:29:42.637] [34300] [HailoRT] [info] [vdevice.cpp:523] [create] Creating vdevice with params: device_count: 1, scheduling_algorithm: ROUND_ROBIN, multi_process_service: false
[2026-04-03 00:29:42.649] [34300] [HailoRT] [info] [device.cpp:49] [Device] OS Version: Linux 6.12.62+rpt-rpi-2712 #1 SMP PREEMPT Debian 1:6.12.62-1+rpt1~bookworm (2026-01-19) aarch64
[2026-04-03 00:29:42.651] [34300] [HailoRT] [info] [control.cpp:108] [control__parse_identify_results] firmware_version is: 4.20.0
[2026-04-03 00:29:42.651] [34300] [HailoRT] [info] [vdevice.cpp:651] [create] VDevice Infos: 0001:01:00.0
[2026-04-03 00:29:42.757] [34300] [HailoRT] [info] [hef.cpp:1929] [get_network_group_and_network_name] No name was given. Addressing all networks of default network_group: yolov8s_pose
[2026-04-03 00:29:42.757] [34300] [HailoRT] [info] [hef.cpp:1929] [get_network_group_and_network_name] No name was given. Addressing all networks of default network_group: yolov8s_pose
[2026-04-03 00:29:42.758] [34300] [HailoRT] [info] [hef.cpp:1929] [get_network_group_and_network_name] No name was given. Addressing all networks of default network_group: yolov8s_pose
[2026-04-03 00:29:42.758] [34300] [HailoRT] [info] [hef.cpp:1929] [get_network_group_and_network_name] No name was given. Addressing all networks of default network_group: yolov8s_pose
[2026-04-03 00:29:42.758] [34300] [HailoRT] [info] [hef.cpp:1929] [get_network_group_and_network_name] No name was given. Addressing all networks of default network_group: yolov8s_pose
[2026-04-03 00:29:42.758] [34300] [HailoRT] [warning] [device_internal.cpp:616] [check_hef_is_compatible] HEF was compiled for Hailo8L device, while the device itself is Hailo8. This will result in lower performance.
[2026-04-03 00:29:42.758] [34300] [HailoRT] [warning] [device_internal.cpp:616] [check_hef_is_compatible] HEF was compiled for Hailo8L device, while the device itself is Hailo8. This will result in lower performance.
[2026-04-03 00:29:42.765] [34300] [HailoRT] [info] [internal_buffer_manager.cpp:204] [print_execution_results] Planned internal buffer memory: CMA memory 0, user memory 3321344. memory to edge layer usage factor is 0.93083656
[2026-04-03 00:29:42.765] [34300] [HailoRT] [info] [internal_buffer_manager.cpp:212] [print_execution_results] Default Internal buffer planner executed successfully
[2026-04-03 00:29:42.788] [34300] [HailoRT] [info] [device_internal.cpp:57] [configure] Configuring HEF took 29.992874 milliseconds
[2026-04-03 00:29:42.788] [34300] [HailoRT] [info] [vdevice.cpp:749] [configure] Configuring HEF on VDevice took 30.629708 milliseconds
[2026-04-03 00:29:42.788] [34300] [HailoRT] [info] [infer_model.cpp:436] [configure] Configuring network group 'yolov8s_pose' with params: batch size: 1, power mode: PERFORMANCE, latency: NONE
[2026-04-03 00:29:42.789] [34300] [HailoRT] [info] [multi_io_elements.cpp:756] [create] Created (AsyncHwEl)
[2026-04-03 00:29:42.789] [34300] [HailoRT] [info] [queue_elements.cpp:450] [create] Created (EntryPushQEl0yolov8s_pose/input_layer1 | timeout: 10s)
[2026-04-03 00:29:42.789] [34300] [HailoRT] [info] [queue_elements.cpp:450] [create] Created (PushQEl3AsyncHwEl | timeout: 10s)
[2026-04-03 00:29:42.789] [34300] [HailoRT] [info] [filter_elements.cpp:375] [create] Created (PostInferEl3AsyncHwEl | Quantization - src_type: UINT8, dst_type FLOAT32, limvals_min: -6.02712, limvals_max: 11.844)
[2026-04-03 00:29:42.789] [34300] [HailoRT] [info] [edge_elements.cpp:187] [create] Created (LastAsyncEl0PostInferEl3AsyncHwEl)
[2026-04-03 00:29:42.789] [34300] [HailoRT] [info] [queue_elements.cpp:450] [create] Created (PushQEl4AsyncHwEl | timeout: 10s)
[2026-04-03 00:29:42.789] [34300] [HailoRT] [info] [filter_elements.cpp:375] [create] Created (PostInferEl4AsyncHwEl | Quantization - src_type: UINT8, dst_type FLOAT32, limvals_min: -9.25656, limvals_max: 9.32945 | Reorder - src_order: FCR, src_shape: (20, 20, 56), dst_order: FCR, dst_shape: (20, 20, 51))
[2026-04-03 00:29:42.789] [34300] [HailoRT] [info] [edge_elements.cpp:187] [create] Created (LastAsyncEl0PostInferEl4AsyncHwEl)
[2026-04-03 00:29:42.790] [34300] [HailoRT] [info] [queue_elements.cpp:450] [create] Created (PushQEl5AsyncHwEl | timeout: 10s)
[2026-04-03 00:29:42.790] [34300] [HailoRT] [info] [filter_elements.cpp:375] [create] Created (PostInferEl5AsyncHwEl | Quantization - src_type: UINT8, dst_type FLOAT32, limvals_min: -5.14938, limvals_max: 13.8809)
[2026-04-03 00:29:42.790] [34300] [HailoRT] [info] [edge_elements.cpp:187] [create] Created (LastAsyncEl0PostInferEl5AsyncHwEl)
[2026-04-03 00:29:42.790] [34300] [HailoRT] [info] [queue_elements.cpp:450] [create] Created (PushQEl0AsyncHwEl | timeout: 10s)
[2026-04-03 00:29:42.790] [34300] [HailoRT] [info] [filter_elements.cpp:375] [create] Created (PostInferEl0AsyncHwEl | Quantization - src_type: UINT8, dst_type FLOAT32, limvals_min: 0, limvals_max: 0.927867)
[2026-04-03 00:29:42.790] [34300] [HailoRT] [info] [edge_elements.cpp:187] [create] Created (LastAsyncEl0PostInferEl0AsyncHwEl)
[2026-04-03 00:29:42.790] [34300] [HailoRT] [info] [queue_elements.cpp:450] [create] Created (PushQEl1AsyncHwEl | timeout: 10s)
[2026-04-03 00:29:42.790] [34300] [HailoRT] [info] [filter_elements.cpp:375] [create] Created (PostInferEl1AsyncHwEl | Quantization - src_type: UINT8, dst_type FLOAT32, limvals_min: -5.39702, limvals_max: 12.7114)
[2026-04-03 00:29:42.790] [34300] [HailoRT] [info] [edge_elements.cpp:187] [create] Created (LastAsyncEl0PostInferEl1AsyncHwEl)
[2026-04-03 00:29:42.790] [34300] [HailoRT] [info] [queue_elements.cpp:450] [create] Created (PushQEl2AsyncHwEl | timeout: 10s)
[2026-04-03 00:29:42.790] [34300] [HailoRT] [info] [filter_elements.cpp:375] [create] Created (PostInferEl2AsyncHwEl | Quantization - src_type: UINT8, dst_type FLOAT32, limvals_min: 0, limvals_max: 0.820417)
[2026-04-03 00:29:42.790] [34300] [HailoRT] [info] [edge_elements.cpp:187] [create] Created (LastAsyncEl0PostInferEl2AsyncHwEl)
[2026-04-03 00:29:42.791] [34300] [HailoRT] [info] [queue_elements.cpp:450] [create] Created (PushQEl7AsyncHwEl | timeout: 10s)
[2026-04-03 00:29:42.791] [34300] [HailoRT] [info] [filter_elements.cpp:375] [create] Created (PostInferEl7AsyncHwEl | Quantization - src_type: UINT8, dst_type FLOAT32, limvals_min: -11.0503, limvals_max: 6.78402 | Reorder - src_order: FCR, src_shape: (40, 40, 56), dst_order: FCR, dst_shape: (40, 40, 51))
[2026-04-03 00:29:42.791] [34300] [HailoRT] [info] [edge_elements.cpp:187] [create] Created (LastAsyncEl0PostInferEl7AsyncHwEl)
[2026-04-03 00:29:42.791] [34300] [HailoRT] [info] [queue_elements.cpp:450] [create] Created (PushQEl8AsyncHwEl | timeout: 10s)
[2026-04-03 00:29:42.791] [34300] [HailoRT] [info] [filter_elements.cpp:375] [create] Created (PostInferEl8AsyncHwEl | Quantization - src_type: UINT8, dst_type FLOAT32, limvals_min: 0, limvals_max: 0.617845)
[2026-04-03 00:29:42.791] [34300] [HailoRT] [info] [edge_elements.cpp:187] [create] Created (LastAsyncEl0PostInferEl8AsyncHwEl)
[2026-04-03 00:29:42.791] [34300] [HailoRT] [info] [queue_elements.cpp:450] [create] Created (PushQEl6AsyncHwEl | timeout: 10s)
[2026-04-03 00:29:42.791] [34300] [HailoRT] [info] [filter_elements.cpp:375] [create] Created (PostInferEl6AsyncHwEl | Quantization - src_type: UINT8, dst_type FLOAT32, limvals_min: -7.42123, limvals_max: 5.81243 | Reorder - src_order: FCR, src_shape: (80, 80, 56), dst_order: FCR, dst_shape: (80, 80, 51))
[2026-04-03 00:29:42.791] [34300] [HailoRT] [info] [edge_elements.cpp:187] [create] Created (LastAsyncEl0PostInferEl6AsyncHwEl)
[2026-04-03 00:29:42.791] [34300] [HailoRT] [info] [pipeline.cpp:891] [print_deep_description] EntryPushQEl0yolov8s_pose/input_layer1 | inputs: user | outputs: AsyncHwEl(running in thread_id: 34313)
[2026-04-03 00:29:42.791] [34300] [HailoRT] [info] [pipeline.cpp:891] [print_deep_description] AsyncHwEl | inputs: EntryPushQEl0yolov8s_pose/input_layer1[0] | outputs: PushQEl0AsyncHwEl PushQEl1AsyncHwEl PushQEl2AsyncHwEl PushQEl3AsyncHwEl PushQEl4AsyncHwEl PushQEl5AsyncHwEl PushQEl6AsyncHwEl PushQEl7AsyncHwEl PushQEl8AsyncHwEl
[2026-04-03 00:29:42.791] [34300] [HailoRT] [info] [pipeline.cpp:891] [print_deep_description] PushQEl0AsyncHwEl | inputs: AsyncHwEl[0] | outputs: PostInferEl0AsyncHwEl(running in thread_id: 34317)
[2026-04-03 00:29:42.791] [34300] [HailoRT] [info] [pipeline.cpp:891] [print_deep_description] PostInferEl0AsyncHwEl | inputs: PushQEl0AsyncHwEl[0] | outputs: LastAsyncEl0PostInferEl0AsyncHwEl
[2026-04-03 00:29:42.791] [34300] [HailoRT] [info] [pipeline.cpp:891] [print_deep_description] LastAsyncEl0PostInferEl0AsyncHwEl | inputs: PostInferEl0AsyncHwEl[0] | outputs: user
[2026-04-03 00:29:42.791] [34300] [HailoRT] [info] [pipeline.cpp:891] [print_deep_description] PushQEl1AsyncHwEl | inputs: AsyncHwEl[0] | outputs: PostInferEl1AsyncHwEl(running in thread_id: 34318)
[2026-04-03 00:29:42.791] [34300] [HailoRT] [info] [pipeline.cpp:891] [print_deep_description] PostInferEl1AsyncHwEl | inputs: PushQEl1AsyncHwEl[0] | outputs: LastAsyncEl0PostInferEl1AsyncHwEl
[2026-04-03 00:29:42.791] [34300] [HailoRT] [info] [pipeline.cpp:891] [print_deep_description] LastAsyncEl0PostInferEl1AsyncHwEl | inputs: PostInferEl1AsyncHwEl[0] | outputs: user
[2026-04-03 00:29:42.791] [34300] [HailoRT] [info] [pipeline.cpp:891] [print_deep_description] PushQEl2AsyncHwEl | inputs: AsyncHwEl[0] | outputs: PostInferEl2AsyncHwEl(running in thread_id: 34319)
[2026-04-03 00:29:42.791] [34300] [HailoRT] [info] [pipeline.cpp:891] [print_deep_description] PostInferEl2AsyncHwEl | inputs: PushQEl2AsyncHwEl[0] | outputs: LastAsyncEl0PostInferEl2AsyncHwEl
[2026-04-03 00:29:42.791] [34300] [HailoRT] [info] [pipeline.cpp:891] [print_deep_description] LastAsyncEl0PostInferEl2AsyncHwEl | inputs: PostInferEl2AsyncHwEl[0] | outputs: user
[2026-04-03 00:29:42.791] [34300] [HailoRT] [info] [pipeline.cpp:891] [print_deep_description] PushQEl3AsyncHwEl | inputs: AsyncHwEl[0] | outputs: PostInferEl3AsyncHwEl(running in thread_id: 34314)
[2026-04-03 00:29:42.791] [34300] [HailoRT] [info] [pipeline.cpp:891] [print_deep_description] PostInferEl3AsyncHwEl | inputs: PushQEl3AsyncHwEl[0] | outputs: LastAsyncEl0PostInferEl3AsyncHwEl
[2026-04-03 00:29:42.791] [34300] [HailoRT] [info] [pipeline.cpp:891] [print_deep_description] LastAsyncEl0PostInferEl3AsyncHwEl | inputs: PostInferEl3AsyncHwEl[0] | outputs: user
[2026-04-03 00:29:42.791] [34300] [HailoRT] [info] [pipeline.cpp:891] [print_deep_description] PushQEl4AsyncHwEl | inputs: AsyncHwEl[0] | outputs: PostInferEl4AsyncHwEl(running in thread_id: 34315)
[2026-04-03 00:29:42.791] [34300] [HailoRT] [info] [pipeline.cpp:891] [print_deep_description] PostInferEl4AsyncHwEl | inputs: PushQEl4AsyncHwEl[0] | outputs: LastAsyncEl0PostInferEl4AsyncHwEl
[2026-04-03 00:29:42.792] [34300] [HailoRT] [info] [pipeline.cpp:891] [print_deep_description] LastAsyncEl0PostInferEl4AsyncHwEl | inputs: PostInferEl4AsyncHwEl[0] | outputs: user
[2026-04-03 00:29:42.792] [34300] [HailoRT] [info] [pipeline.cpp:891] [print_deep_description] PushQEl5AsyncHwEl | inputs: AsyncHwEl[0] | outputs: PostInferEl5AsyncHwEl(running in thread_id: 34316)
[2026-04-03 00:29:42.792] [34300] [HailoRT] [info] [pipeline.cpp:891] [print_deep_description] PostInferEl5AsyncHwEl | inputs: PushQEl5AsyncHwEl[0] | outputs: LastAsyncEl0PostInferEl5AsyncHwEl
[2026-04-03 00:29:42.792] [34300] [HailoRT] [info] [pipeline.cpp:891] [print_deep_description] LastAsyncEl0PostInferEl5AsyncHwEl | inputs: PostInferEl5AsyncHwEl[0] | outputs: user
[2026-04-03 00:29:42.792] [34300] [HailoRT] [info] [pipeline.cpp:891] [print_deep_description] PushQEl6AsyncHwEl | inputs: AsyncHwEl[0] | outputs: PostInferEl6AsyncHwEl(running in thread_id: 34322)
[2026-04-03 00:29:42.792] [34300] [HailoRT] [info] [pipeline.cpp:891] [print_deep_description] PostInferEl6AsyncHwEl | inputs: PushQEl6AsyncHwEl[0] | outputs: LastAsyncEl0PostInferEl6AsyncHwEl
[2026-04-03 00:29:42.792] [34300] [HailoRT] [info] [pipeline.cpp:891] [print_deep_description] LastAsyncEl0PostInferEl6AsyncHwEl | inputs: PostInferEl6AsyncHwEl[0] | outputs: user
[2026-04-03 00:29:42.792] [34300] [HailoRT] [info] [pipeline.cpp:891] [print_deep_description] PushQEl7AsyncHwEl | inputs: AsyncHwEl[0] | outputs: PostInferEl7AsyncHwEl(running in thread_id: 34320)
[2026-04-03 00:29:42.792] [34300] [HailoRT] [info] [pipeline.cpp:891] [print_deep_description] PostInferEl7AsyncHwEl | inputs: PushQEl7AsyncHwEl[0] | outputs: LastAsyncEl0PostInferEl7AsyncHwEl
[2026-04-03 00:29:42.792] [34300] [HailoRT] [info] [pipeline.cpp:891] [print_deep_description] LastAsyncEl0PostInferEl7AsyncHwEl | inputs: PostInferEl7AsyncHwEl[0] | outputs: user
[2026-04-03 00:29:42.792] [34300] [HailoRT] [info] [pipeline.cpp:891] [print_deep_description] PushQEl8AsyncHwEl | inputs: AsyncHwEl[0] | outputs: PostInferEl8AsyncHwEl(running in thread_id: 34321)
[2026-04-03 00:29:42.792] [34300] [HailoRT] [info] [pipeline.cpp:891] [print_deep_description] PostInferEl8AsyncHwEl | inputs: PushQEl8AsyncHwEl[0] | outputs: LastAsyncEl0PostInferEl8AsyncHwEl
[2026-04-03 00:29:42.792] [34300] [HailoRT] [info] [pipeline.cpp:891] [print_deep_description] LastAsyncEl0PostInferEl8AsyncHwEl | inputs: PostInferEl8AsyncHwEl[0] | outputs: user
[2026-04-03 00:29:45.683] [34300] [HailoRT] [info] [async_infer_runner.cpp:86] [shutdown] Pipeline was aborted. Shutting it down
[2026-04-03 00:29:45.684] [34300] [HailoRT] [info] [async_infer_runner.cpp:86] [shutdown] Pipeline was aborted. Shutting it down
[2026-04-03 00:29:45.684] [34300] [HailoRT] [info] [queue_elements.cpp:570] [execute_deactivate] enqueue() in element PushQEl0AsyncHwEl was aborted, got status = HAILO_SHUTDOWN_EVENT_SIGNALED(57)
[2026-04-03 00:29:45.684] [34300] [HailoRT] [info] [queue_elements.cpp:570] [execute_deactivate] enqueue() in element PushQEl1AsyncHwEl was aborted, got status = HAILO_SHUTDOWN_EVENT_SIGNALED(57)
[2026-04-03 00:29:45.684] [34300] [HailoRT] [info] [queue_elements.cpp:570] [execute_deactivate] enqueue() in element PushQEl2AsyncHwEl was aborted, got status = HAILO_SHUTDOWN_EVENT_SIGNALED(57)
[2026-04-03 00:29:45.684] [34300] [HailoRT] [info] [queue_elements.cpp:570] [execute_deactivate] enqueue() in element PushQEl3AsyncHwEl was aborted, got status = HAILO_SHUTDOWN_EVENT_SIGNALED(57)
[2026-04-03 00:29:45.684] [34300] [HailoRT] [info] [queue_elements.cpp:570] [execute_deactivate] enqueue() in element PushQEl4AsyncHwEl was aborted, got status = HAILO_SHUTDOWN_EVENT_SIGNALED(57)
[2026-04-03 00:29:45.684] [34300] [HailoRT] [info] [queue_elements.cpp:570] [execute_deactivate] enqueue() in element PushQEl5AsyncHwEl was aborted, got status = HAILO_SHUTDOWN_EVENT_SIGNALED(57)
[2026-04-03 00:29:45.684] [34300] [HailoRT] [info] [queue_elements.cpp:570] [execute_deactivate] enqueue() in element PushQEl6AsyncHwEl was aborted, got status = HAILO_SHUTDOWN_EVENT_SIGNALED(57)
[2026-04-03 00:29:45.684] [34300] [HailoRT] [info] [queue_elements.cpp:570] [execute_deactivate] enqueue() in element PushQEl7AsyncHwEl was aborted, got status = HAILO_SHUTDOWN_EVENT_SIGNALED(57)
[2026-04-03 00:29:45.684] [34300] [HailoRT] [info] [queue_elements.cpp:570] [execute_deactivate] enqueue() in element PushQEl8AsyncHwEl was aborted, got status = HAILO_SHUTDOWN_EVENT_SIGNALED(57)
[2026-04-03 00:29:45.684] [34300] [HailoRT] [info] [queue_elements.cpp:570] [execute_deactivate] enqueue() in element EntryPushQEl0yolov8s_pose/input_layer1 was aborted, got status = HAILO_SHUTDOWN_EVENT_SIGNALED(57)
[2026-04-03 00:29:45.684] [34300] [HailoRT] [info] [queue_elements.cpp:46] [~BaseQueueElement] Queue element EntryPushQEl0yolov8s_pose/input_layer1 has 0 frames in his Queue on destruction
[2026-04-03 00:29:45.684] [34300] [HailoRT] [info] [queue_elements.cpp:46] [~BaseQueueElement] Queue element PushQEl3AsyncHwEl has 0 frames in his Queue on destruction
[2026-04-03 00:29:45.684] [34300] [HailoRT] [info] [queue_elements.cpp:46] [~BaseQueueElement] Queue element PushQEl4AsyncHwEl has 0 frames in his Queue on destruction
[2026-04-03 00:29:45.684] [34300] [HailoRT] [info] [queue_elements.cpp:46] [~BaseQueueElement] Queue element PushQEl5AsyncHwEl has 0 frames in his Queue on destruction
[2026-04-03 00:29:45.684] [34300] [HailoRT] [info] [queue_elements.cpp:46] [~BaseQueueElement] Queue element PushQEl0AsyncHwEl has 0 frames in his Queue on destruction
[2026-04-03 00:29:45.684] [34300] [HailoRT] [info] [queue_elements.cpp:46] [~BaseQueueElement] Queue element PushQEl1AsyncHwEl has 0 frames in his Queue on destruction
[2026-04-03 00:29:45.684] [34300] [HailoRT] [info] [queue_elements.cpp:46] [~BaseQueueElement] Queue element PushQEl2AsyncHwEl has 0 frames in his Queue on destruction
[2026-04-03 00:29:45.684] [34300] [HailoRT] [info] [queue_elements.cpp:46] [~BaseQueueElement] Queue element PushQEl7AsyncHwEl has 0 frames in his Queue on destruction
[2026-04-03 00:29:45.684] [34300] [HailoRT] [info] [queue_elements.cpp:46] [~BaseQueueElement] Queue element PushQEl8AsyncHwEl has 0 frames in his Queue on destruction
[2026-04-03 00:29:45.685] [34300] [HailoRT] [info] [queue_elements.cpp:46] [~BaseQueueElement] Queue element PushQEl6AsyncHwEl has 0 frames in his Queue on destruction
[2026-04-03 00:33:31.495] [34881] [HailoRT] [info] [vdevice.cpp:523] [create] Creating vdevice with params: device_count: 1, scheduling_algorithm: ROUND_ROBIN, multi_process_service: false
[2026-04-03 00:33:31.507] [34881] [HailoRT] [info] [device.cpp:49] [Device] OS Version: Linux 6.12.62+rpt-rpi-2712 #1 SMP PREEMPT Debian 1:6.12.62-1+rpt1~bookworm (2026-01-19) aarch64
[2026-04-03 00:33:31.509] [34881] [HailoRT] [info] [control.cpp:108] [control__parse_identify_results] firmware_version is: 4.20.0
[2026-04-03 00:33:31.509] [34881] [HailoRT] [info] [vdevice.cpp:651] [create] VDevice Infos: 0001:01:00.0
[2026-04-03 00:33:31.614] [34881] [HailoRT] [info] [hef.cpp:1929] [get_network_group_and_network_name] No name was given. Addressing all networks of default network_group: yolov8s_pose
[2026-04-03 00:33:31.614] [34881] [HailoRT] [info] [hef.cpp:1929] [get_network_group_and_network_name] No name was given. Addressing all networks of default network_group: yolov8s_pose
[2026-04-03 00:33:31.614] [34881] [HailoRT] [info] [hef.cpp:1929] [get_network_group_and_network_name] No name was given. Addressing all networks of default network_group: yolov8s_pose
[2026-04-03 00:33:31.614] [34881] [HailoRT] [info] [hef.cpp:1929] [get_network_group_and_network_name] No name was given. Addressing all networks of default network_group: yolov8s_pose
[2026-04-03 00:33:31.614] [34881] [HailoRT] [info] [hef.cpp:1929] [get_network_group_and_network_name] No name was given. Addressing all networks of default network_group: yolov8s_pose
[2026-04-03 00:33:31.615] [34881] [HailoRT] [warning] [device_internal.cpp:616] [check_hef_is_compatible] HEF was compiled for Hailo8L device, while the device itself is Hailo8. This will result in lower performance.
[2026-04-03 00:33:31.615] [34881] [HailoRT] [warning] [device_internal.cpp:616] [check_hef_is_compatible] HEF was compiled for Hailo8L device, while the device itself is Hailo8. This will result in lower performance.
[2026-04-03 00:33:31.622] [34881] [HailoRT] [info] [internal_buffer_manager.cpp:204] [print_execution_results] Planned internal buffer memory: CMA memory 0, user memory 3321344. memory to edge layer usage factor is 0.93083656
[2026-04-03 00:33:31.622] [34881] [HailoRT] [info] [internal_buffer_manager.cpp:212] [print_execution_results] Default Internal buffer planner executed successfully
[2026-04-03 00:33:31.646] [34881] [HailoRT] [info] [device_internal.cpp:57] [configure] Configuring HEF took 31.238606 milliseconds
[2026-04-03 00:33:31.646] [34881] [HailoRT] [info] [vdevice.cpp:749] [configure] Configuring HEF on VDevice took 31.757514 milliseconds
[2026-04-03 00:33:31.646] [34881] [HailoRT] [info] [infer_model.cpp:436] [configure] Configuring network group 'yolov8s_pose' with params: batch size: 1, power mode: PERFORMANCE, latency: NONE
[2026-04-03 00:33:31.646] [34881] [HailoRT] [info] [multi_io_elements.cpp:756] [create] Created (AsyncHwEl)
[2026-04-03 00:33:31.647] [34881] [HailoRT] [info] [queue_elements.cpp:450] [create] Created (EntryPushQEl0yolov8s_pose/input_layer1 | timeout: 10s)
[2026-04-03 00:33:31.647] [34881] [HailoRT] [info] [queue_elements.cpp:450] [create] Created (PushQEl3AsyncHwEl | timeout: 10s)
[2026-04-03 00:33:31.647] [34881] [HailoRT] [info] [filter_elements.cpp:375] [create] Created (PostInferEl3AsyncHwEl | Quantization - src_type: UINT8, dst_type FLOAT32, limvals_min: -6.02712, limvals_max: 11.844)
[2026-04-03 00:33:31.647] [34881] [HailoRT] [info] [edge_elements.cpp:187] [create] Created (LastAsyncEl0PostInferEl3AsyncHwEl)
[2026-04-03 00:33:31.647] [34881] [HailoRT] [info] [queue_elements.cpp:450] [create] Created (PushQEl4AsyncHwEl | timeout: 10s)
[2026-04-03 00:33:31.647] [34881] [HailoRT] [info] [filter_elements.cpp:375] [create] Created (PostInferEl4AsyncHwEl | Quantization - src_type: UINT8, dst_type FLOAT32, limvals_min: -9.25656, limvals_max: 9.32945 | Reorder - src_order: FCR, src_shape: (20, 20, 56), dst_order: FCR, dst_shape: (20, 20, 51))
[2026-04-03 00:33:31.647] [34881] [HailoRT] [info] [edge_elements.cpp:187] [create] Created (LastAsyncEl0PostInferEl4AsyncHwEl)
[2026-04-03 00:33:31.647] [34881] [HailoRT] [info] [queue_elements.cpp:450] [create] Created (PushQEl5AsyncHwEl | timeout: 10s)
[2026-04-03 00:33:31.648] [34881] [HailoRT] [info] [filter_elements.cpp:375] [create] Created (PostInferEl5AsyncHwEl | Quantization - src_type: UINT8, dst_type FLOAT32, limvals_min: -5.14938, limvals_max: 13.8809)
[2026-04-03 00:33:31.648] [34881] [HailoRT] [info] [edge_elements.cpp:187] [create] Created (LastAsyncEl0PostInferEl5AsyncHwEl)
[2026-04-03 00:33:31.648] [34881] [HailoRT] [info] [queue_elements.cpp:450] [create] Created (PushQEl0AsyncHwEl | timeout: 10s)
[2026-04-03 00:33:31.648] [34881] [HailoRT] [info] [filter_elements.cpp:375] [create] Created (PostInferEl0AsyncHwEl | Quantization - src_type: UINT8, dst_type FLOAT32, limvals_min: 0, limvals_max: 0.927867)
[2026-04-03 00:33:31.648] [34881] [HailoRT] [info] [edge_elements.cpp:187] [create] Created (LastAsyncEl0PostInferEl0AsyncHwEl)
[2026-04-03 00:33:31.648] [34881] [HailoRT] [info] [queue_elements.cpp:450] [create] Created (PushQEl1AsyncHwEl | timeout: 10s)
[2026-04-03 00:33:31.648] [34881] [HailoRT] [info] [filter_elements.cpp:375] [create] Created (PostInferEl1AsyncHwEl | Quantization - src_type: UINT8, dst_type FLOAT32, limvals_min: -5.39702, limvals_max: 12.7114)
[2026-04-03 00:33:31.648] [34881] [HailoRT] [info] [edge_elements.cpp:187] [create] Created (LastAsyncEl0PostInferEl1AsyncHwEl)
[2026-04-03 00:33:31.648] [34881] [HailoRT] [info] [queue_elements.cpp:450] [create] Created (PushQEl2AsyncHwEl | timeout: 10s)
[2026-04-03 00:33:31.648] [34881] [HailoRT] [info] [filter_elements.cpp:375] [create] Created (PostInferEl2AsyncHwEl | Quantization - src_type: UINT8, dst_type FLOAT32, limvals_min: 0, limvals_max: 0.820417)
[2026-04-03 00:33:31.648] [34881] [HailoRT] [info] [edge_elements.cpp:187] [create] Created (LastAsyncEl0PostInferEl2AsyncHwEl)
[2026-04-03 00:33:31.649] [34881] [HailoRT] [info] [queue_elements.cpp:450] [create] Created (PushQEl7AsyncHwEl | timeout: 10s)
[2026-04-03 00:33:31.649] [34881] [HailoRT] [info] [filter_elements.cpp:375] [create] Created (PostInferEl7AsyncHwEl | Quantization - src_type: UINT8, dst_type FLOAT32, limvals_min: -11.0503, limvals_max: 6.78402 | Reorder - src_order: FCR, src_shape: (40, 40, 56), dst_order: FCR, dst_shape: (40, 40, 51))
[2026-04-03 00:33:31.649] [34881] [HailoRT] [info] [edge_elements.cpp:187] [create] Created (LastAsyncEl0PostInferEl7AsyncHwEl)
[2026-04-03 00:33:31.650] [34881] [HailoRT] [info] [queue_elements.cpp:450] [create] Created (PushQEl8AsyncHwEl | timeout: 10s)
[2026-04-03 00:33:31.650] [34881] [HailoRT] [info] [filter_elements.cpp:375] [create] Created (PostInferEl8AsyncHwEl | Quantization - src_type: UINT8, dst_type FLOAT32, limvals_min: 0, limvals_max: 0.617845)
[2026-04-03 00:33:31.650] [34881] [HailoRT] [info] [edge_elements.cpp:187] [create] Created (LastAsyncEl0PostInferEl8AsyncHwEl)
[2026-04-03 00:33:31.650] [34881] [HailoRT] [info] [queue_elements.cpp:450] [create] Created (PushQEl6AsyncHwEl | timeout: 10s)
[2026-04-03 00:33:31.650] [34881] [HailoRT] [info] [filter_elements.cpp:375] [create] Created (PostInferEl6AsyncHwEl | Quantization - src_type: UINT8, dst_type FLOAT32, limvals_min: -7.42123, limvals_max: 5.81243 | Reorder - src_order: FCR, src_shape: (80, 80, 56), dst_order: FCR, dst_shape: (80, 80, 51))
[2026-04-03 00:33:31.650] [34881] [HailoRT] [info] [edge_elements.cpp:187] [create] Created (LastAsyncEl0PostInferEl6AsyncHwEl)
[2026-04-03 00:33:31.650] [34881] [HailoRT] [info] [pipeline.cpp:891] [print_deep_description] EntryPushQEl0yolov8s_pose/input_layer1 | inputs: user | outputs: AsyncHwEl(running in thread_id: 34892)
[2026-04-03 00:33:31.650] [34881] [HailoRT] [info] [pipeline.cpp:891] [print_deep_description] AsyncHwEl | inputs: EntryPushQEl0yolov8s_pose/input_layer1[0] | outputs: PushQEl0AsyncHwEl PushQEl1AsyncHwEl PushQEl2AsyncHwEl PushQEl3AsyncHwEl PushQEl4AsyncHwEl PushQEl5AsyncHwEl PushQEl6AsyncHwEl PushQEl7AsyncHwEl PushQEl8AsyncHwEl
[2026-04-03 00:33:31.650] [34881] [HailoRT] [info] [pipeline.cpp:891] [print_deep_description] PushQEl0AsyncHwEl | inputs: AsyncHwEl[0] | outputs: PostInferEl0AsyncHwEl(running in thread_id: 34896)
[2026-04-03 00:33:31.650] [34881] [HailoRT] [info] [pipeline.cpp:891] [print_deep_description] PostInferEl0AsyncHwEl | inputs: PushQEl0AsyncHwEl[0] | outputs: LastAsyncEl0PostInferEl0AsyncHwEl
[2026-04-03 00:33:31.650] [34881] [HailoRT] [info] [pipeline.cpp:891] [print_deep_description] LastAsyncEl0PostInferEl0AsyncHwEl | inputs: PostInferEl0AsyncHwEl[0] | outputs: user
[2026-04-03 00:33:31.650] [34881] [HailoRT] [info] [pipeline.cpp:891] [print_deep_description] PushQEl1AsyncHwEl | inputs: AsyncHwEl[0] | outputs: PostInferEl1AsyncHwEl(running in thread_id: 34897)
[2026-04-03 00:33:31.651] [34881] [HailoRT] [info] [pipeline.cpp:891] [print_deep_description] PostInferEl1AsyncHwEl | inputs: PushQEl1AsyncHwEl[0] | outputs: LastAsyncEl0PostInferEl1AsyncHwEl
[2026-04-03 00:33:31.651] [34881] [HailoRT] [info] [pipeline.cpp:891] [print_deep_description] LastAsyncEl0PostInferEl1AsyncHwEl | inputs: PostInferEl1AsyncHwEl[0] | outputs: user
[2026-04-03 00:33:31.651] [34881] [HailoRT] [info] [pipeline.cpp:891] [print_deep_description] PushQEl2AsyncHwEl | inputs: AsyncHwEl[0] | outputs: PostInferEl2AsyncHwEl(running in thread_id: 34898)
[2026-04-03 00:33:31.651] [34881] [HailoRT] [info] [pipeline.cpp:891] [print_deep_description] PostInferEl2AsyncHwEl | inputs: PushQEl2AsyncHwEl[0] | outputs: LastAsyncEl0PostInferEl2AsyncHwEl
[2026-04-03 00:33:31.651] [34881] [HailoRT] [info] [pipeline.cpp:891] [print_deep_description] LastAsyncEl0PostInferEl2AsyncHwEl | inputs: PostInferEl2AsyncHwEl[0] | outputs: user
[2026-04-03 00:33:31.651] [34881] [HailoRT] [info] [pipeline.cpp:891] [print_deep_description] PushQEl3AsyncHwEl | inputs: AsyncHwEl[0] | outputs: PostInferEl3AsyncHwEl(running in thread_id: 34893)
[2026-04-03 00:33:31.651] [34881] [HailoRT] [info] [pipeline.cpp:891] [print_deep_description] PostInferEl3AsyncHwEl | inputs: PushQEl3AsyncHwEl[0] | outputs: LastAsyncEl0PostInferEl3AsyncHwEl
[2026-04-03 00:33:31.651] [34881] [HailoRT] [info] [pipeline.cpp:891] [print_deep_description] LastAsyncEl0PostInferEl3AsyncHwEl | inputs: PostInferEl3AsyncHwEl[0] | outputs: user
[2026-04-03 00:33:31.651] [34881] [HailoRT] [info] [pipeline.cpp:891] [print_deep_description] PushQEl4AsyncHwEl | inputs: AsyncHwEl[0] | outputs: PostInferEl4AsyncHwEl(running in thread_id: 34894)
[2026-04-03 00:33:31.651] [34881] [HailoRT] [info] [pipeline.cpp:891] [print_deep_description] PostInferEl4AsyncHwEl | inputs: PushQEl4AsyncHwEl[0] | outputs: LastAsyncEl0PostInferEl4AsyncHwEl
[2026-04-03 00:33:31.651] [34881] [HailoRT] [info] [pipeline.cpp:891] [print_deep_description] LastAsyncEl0PostInferEl4AsyncHwEl | inputs: PostInferEl4AsyncHwEl[0] | outputs: user
[2026-04-03 00:33:31.651] [34881] [HailoRT] [info] [pipeline.cpp:891] [print_deep_description] PushQEl5AsyncHwEl | inputs: AsyncHwEl[0] | outputs: PostInferEl5AsyncHwEl(running in thread_id: 34895)
[2026-04-03 00:33:31.651] [34881] [HailoRT] [info] [pipeline.cpp:891] [print_deep_description] PostInferEl5AsyncHwEl | inputs: PushQEl5AsyncHwEl[0] | outputs: LastAsyncEl0PostInferEl5AsyncHwEl
[2026-04-03 00:33:31.651] [34881] [HailoRT] [info] [pipeline.cpp:891] [print_deep_description] LastAsyncEl0PostInferEl5AsyncHwEl | inputs: PostInferEl5AsyncHwEl[0] | outputs: user
[2026-04-03 00:33:31.651] [34881] [HailoRT] [info] [pipeline.cpp:891] [print_deep_description] PushQEl6AsyncHwEl | inputs: AsyncHwEl[0] | outputs: PostInferEl6AsyncHwEl(running in thread_id: 34901)
[2026-04-03 00:33:31.651] [34881] [HailoRT] [info] [pipeline.cpp:891] [print_deep_description] PostInferEl6AsyncHwEl | inputs: PushQEl6AsyncHwEl[0] | outputs: LastAsyncEl0PostInferEl6AsyncHwEl
[2026-04-03 00:33:31.651] [34881] [HailoRT] [info] [pipeline.cpp:891] [print_deep_description] LastAsyncEl0PostInferEl6AsyncHwEl | inputs: PostInferEl6AsyncHwEl[0] | outputs: user
[2026-04-03 00:33:31.651] [34881] [HailoRT] [info] [pipeline.cpp:891] [print_deep_description] PushQEl7AsyncHwEl | inputs: AsyncHwEl[0] | outputs: PostInferEl7AsyncHwEl(running in thread_id: 34899)
[2026-04-03 00:33:31.651] [34881] [HailoRT] [info] [pipeline.cpp:891] [print_deep_description] PostInferEl7AsyncHwEl | inputs: PushQEl7AsyncHwEl[0] | outputs: LastAsyncEl0PostInferEl7AsyncHwEl
[2026-04-03 00:33:31.651] [34881] [HailoRT] [info] [pipeline.cpp:891] [print_deep_description] LastAsyncEl0PostInferEl7AsyncHwEl | inputs: PostInferEl7AsyncHwEl[0] | outputs: user
[2026-04-03 00:33:31.651] [34881] [HailoRT] [info] [pipeline.cpp:891] [print_deep_description] PushQEl8AsyncHwEl | inputs: AsyncHwEl[0] | outputs: PostInferEl8AsyncHwEl(running in thread_id: 34900)
[2026-04-03 00:33:31.651] [34881] [HailoRT] [info] [pipeline.cpp:891] [print_deep_description] PostInferEl8AsyncHwEl | inputs: PushQEl8AsyncHwEl[0] | outputs: LastAsyncEl0PostInferEl8AsyncHwEl
[2026-04-03 00:33:31.651] [34881] [HailoRT] [info] [pipeline.cpp:891] [print_deep_description] LastAsyncEl0PostInferEl8AsyncHwEl | inputs: PostInferEl8AsyncHwEl[0] | outputs: user
[2026-04-03 00:33:38.181] [34881] [HailoRT] [info] [async_infer_runner.cpp:86] [shutdown] Pipeline was aborted. Shutting it down
[2026-04-03 00:33:38.182] [34881] [HailoRT] [info] [async_infer_runner.cpp:86] [shutdown] Pipeline was aborted. Shutting it down
[2026-04-03 00:33:38.182] [34881] [HailoRT] [info] [queue_elements.cpp:570] [execute_deactivate] enqueue() in element PushQEl0AsyncHwEl was aborted, got status = HAILO_SHUTDOWN_EVENT_SIGNALED(57)
[2026-04-03 00:33:38.182] [34881] [HailoRT] [info] [queue_elements.cpp:570] [execute_deactivate] enqueue() in element PushQEl1AsyncHwEl was aborted, got status = HAILO_SHUTDOWN_EVENT_SIGNALED(57)
[2026-04-03 00:33:38.182] [34881] [HailoRT] [info] [queue_elements.cpp:570] [execute_deactivate] enqueue() in element PushQEl2AsyncHwEl was aborted, got status = HAILO_SHUTDOWN_EVENT_SIGNALED(57)
[2026-04-03 00:33:38.182] [34881] [HailoRT] [info] [queue_elements.cpp:570] [execute_deactivate] enqueue() in element PushQEl3AsyncHwEl was aborted, got status = HAILO_SHUTDOWN_EVENT_SIGNALED(57)
[2026-04-03 00:33:38.182] [34881] [HailoRT] [info] [queue_elements.cpp:570] [execute_deactivate] enqueue() in element PushQEl4AsyncHwEl was aborted, got status = HAILO_SHUTDOWN_EVENT_SIGNALED(57)
[2026-04-03 00:33:38.182] [34881] [HailoRT] [info] [queue_elements.cpp:570] [execute_deactivate] enqueue() in element PushQEl5AsyncHwEl was aborted, got status = HAILO_SHUTDOWN_EVENT_SIGNALED(57)
[2026-04-03 00:33:38.182] [34881] [HailoRT] [info] [queue_elements.cpp:570] [execute_deactivate] enqueue() in element PushQEl6AsyncHwEl was aborted, got status = HAILO_SHUTDOWN_EVENT_SIGNALED(57)
[2026-04-03 00:33:38.182] [34881] [HailoRT] [info] [queue_elements.cpp:570] [execute_deactivate] enqueue() in element PushQEl7AsyncHwEl was aborted, got status = HAILO_SHUTDOWN_EVENT_SIGNALED(57)
[2026-04-03 00:33:38.182] [34881] [HailoRT] [info] [queue_elements.cpp:570] [execute_deactivate] enqueue() in element PushQEl8AsyncHwEl was aborted, got status = HAILO_SHUTDOWN_EVENT_SIGNALED(57)
[2026-04-03 00:33:38.182] [34881] [HailoRT] [info] [queue_elements.cpp:570] [execute_deactivate] enqueue() in element EntryPushQEl0yolov8s_pose/input_layer1 was aborted, got status = HAILO_SHUTDOWN_EVENT_SIGNALED(57)
[2026-04-03 00:33:38.182] [34881] [HailoRT] [info] [queue_elements.cpp:46] [~BaseQueueElement] Queue element EntryPushQEl0yolov8s_pose/input_layer1 has 0 frames in his Queue on destruction
[2026-04-03 00:33:38.182] [34881] [HailoRT] [info] [queue_elements.cpp:46] [~BaseQueueElement] Queue element PushQEl3AsyncHwEl has 0 frames in his Queue on destruction
[2026-04-03 00:33:38.182] [34881] [HailoRT] [info] [queue_elements.cpp:46] [~BaseQueueElement] Queue element PushQEl4AsyncHwEl has 0 frames in his Queue on destruction
[2026-04-03 00:33:38.182] [34881] [HailoRT] [info] [queue_elements.cpp:46] [~BaseQueueElement] Queue element PushQEl5AsyncHwEl has 0 frames in his Queue on destruction
[2026-04-03 00:33:38.182] [34881] [HailoRT] [info] [queue_elements.cpp:46] [~BaseQueueElement] Queue element PushQEl0AsyncHwEl has 0 frames in his Queue on destruction
[2026-04-03 00:33:38.183] [34881] [HailoRT] [info] [queue_elements.cpp:46] [~BaseQueueElement] Queue element PushQEl1AsyncHwEl has 0 frames in his Queue on destruction
[2026-04-03 00:33:38.183] [34881] [HailoRT] [info] [queue_elements.cpp:46] [~BaseQueueElement] Queue element PushQEl2AsyncHwEl has 0 frames in his Queue on destruction
[2026-04-03 00:33:38.183] [34881] [HailoRT] [info] [queue_elements.cpp:46] [~BaseQueueElement] Queue element PushQEl7AsyncHwEl has 0 frames in his Queue on destruction
[2026-04-03 00:33:38.183] [34881] [HailoRT] [info] [queue_elements.cpp:46] [~BaseQueueElement] Queue element PushQEl8AsyncHwEl has 0 frames in his Queue on destruction
[2026-04-03 00:33:38.183] [34881] [HailoRT] [info] [queue_elements.cpp:46] [~BaseQueueElement] Queue element PushQEl6AsyncHwEl has 0 frames in his Queue on destruction
[2026-04-03 00:34:55.941] [35058] [HailoRT] [info] [vdevice.cpp:523] [create] Creating vdevice with params: device_count: 1, scheduling_algorithm: ROUND_ROBIN, multi_process_service: false
[2026-04-03 00:34:55.953] [35058] [HailoRT] [info] [device.cpp:49] [Device] OS Version: Linux 6.12.62+rpt-rpi-2712 #1 SMP PREEMPT Debian 1:6.12.62-1+rpt1~bookworm (2026-01-19) aarch64
[2026-04-03 00:34:55.955] [35058] [HailoRT] [info] [control.cpp:108] [control__parse_identify_results] firmware_version is: 4.20.0
[2026-04-03 00:34:55.955] [35058] [HailoRT] [info] [vdevice.cpp:651] [create] VDevice Infos: 0001:01:00.0
[2026-04-03 00:34:56.060] [35058] [HailoRT] [info] [hef.cpp:1929] [get_network_group_and_network_name] No name was given. Addressing all networks of default network_group: yolov8s_pose
[2026-04-03 00:34:56.060] [35058] [HailoRT] [info] [hef.cpp:1929] [get_network_group_and_network_name] No name was given. Addressing all networks of default network_group: yolov8s_pose
[2026-04-03 00:34:56.060] [35058] [HailoRT] [info] [hef.cpp:1929] [get_network_group_and_network_name] No name was given. Addressing all networks of default network_group: yolov8s_pose
[2026-04-03 00:34:56.060] [35058] [HailoRT] [info] [hef.cpp:1929] [get_network_group_and_network_name] No name was given. Addressing all networks of default network_group: yolov8s_pose
[2026-04-03 00:34:56.060] [35058] [HailoRT] [info] [hef.cpp:1929] [get_network_group_and_network_name] No name was given. Addressing all networks of default network_group: yolov8s_pose
[2026-04-03 00:34:56.060] [35058] [HailoRT] [warning] [device_internal.cpp:616] [check_hef_is_compatible] HEF was compiled for Hailo8L device, while the device itself is Hailo8. This will result in lower performance.
[2026-04-03 00:34:56.061] [35058] [HailoRT] [warning] [device_internal.cpp:616] [check_hef_is_compatible] HEF was compiled for Hailo8L device, while the device itself is Hailo8. This will result in lower performance.
[2026-04-03 00:34:56.068] [35058] [HailoRT] [info] [internal_buffer_manager.cpp:204] [print_execution_results] Planned internal buffer memory: CMA memory 0, user memory 3321344. memory to edge layer usage factor is 0.93083656
[2026-04-03 00:34:56.068] [35058] [HailoRT] [info] [internal_buffer_manager.cpp:212] [print_execution_results] Default Internal buffer planner executed successfully
[2026-04-03 00:34:56.092] [35058] [HailoRT] [info] [device_internal.cpp:57] [configure] Configuring HEF took 31.486517 milliseconds
[2026-04-03 00:34:56.092] [35058] [HailoRT] [info] [vdevice.cpp:749] [configure] Configuring HEF on VDevice took 32.446573 milliseconds
[2026-04-03 00:34:56.093] [35058] [HailoRT] [info] [infer_model.cpp:436] [configure] Configuring network group 'yolov8s_pose' with params: batch size: 1, power mode: PERFORMANCE, latency: NONE
[2026-04-03 00:34:56.093] [35058] [HailoRT] [info] [multi_io_elements.cpp:756] [create] Created (AsyncHwEl)
[2026-04-03 00:34:56.093] [35058] [HailoRT] [info] [queue_elements.cpp:450] [create] Created (EntryPushQEl0yolov8s_pose/input_layer1 | timeout: 10s)
[2026-04-03 00:34:56.093] [35058] [HailoRT] [info] [queue_elements.cpp:450] [create] Created (PushQEl3AsyncHwEl | timeout: 10s)
[2026-04-03 00:34:56.093] [35058] [HailoRT] [info] [filter_elements.cpp:375] [create] Created (PostInferEl3AsyncHwEl | Quantization - src_type: UINT8, dst_type FLOAT32, limvals_min: -6.02712, limvals_max: 11.844)
[2026-04-03 00:34:56.093] [35058] [HailoRT] [info] [edge_elements.cpp:187] [create] Created (LastAsyncEl0PostInferEl3AsyncHwEl)
[2026-04-03 00:34:56.093] [35058] [HailoRT] [info] [queue_elements.cpp:450] [create] Created (PushQEl4AsyncHwEl | timeout: 10s)
[2026-04-03 00:34:56.093] [35058] [HailoRT] [info] [filter_elements.cpp:375] [create] Created (PostInferEl4AsyncHwEl | Quantization - src_type: UINT8, dst_type FLOAT32, limvals_min: -9.25656, limvals_max: 9.32945 | Reorder - src_order: FCR, src_shape: (20, 20, 56), dst_order: FCR, dst_shape: (20, 20, 51))
[2026-04-03 00:34:56.093] [35058] [HailoRT] [info] [edge_elements.cpp:187] [create] Created (LastAsyncEl0PostInferEl4AsyncHwEl)
[2026-04-03 00:34:56.094] [35058] [HailoRT] [info] [queue_elements.cpp:450] [create] Created (PushQEl5AsyncHwEl | timeout: 10s)
[2026-04-03 00:34:56.094] [35058] [HailoRT] [info] [filter_elements.cpp:375] [create] Created (PostInferEl5AsyncHwEl | Quantization - src_type: UINT8, dst_type FLOAT32, limvals_min: -5.14938, limvals_max: 13.8809)
[2026-04-03 00:34:56.094] [35058] [HailoRT] [info] [edge_elements.cpp:187] [create] Created (LastAsyncEl0PostInferEl5AsyncHwEl)
[2026-04-03 00:34:56.094] [35058] [HailoRT] [info] [queue_elements.cpp:450] [create] Created (PushQEl0AsyncHwEl | timeout: 10s)
[2026-04-03 00:34:56.094] [35058] [HailoRT] [info] [filter_elements.cpp:375] [create] Created (PostInferEl0AsyncHwEl | Quantization - src_type: UINT8, dst_type FLOAT32, limvals_min: 0, limvals_max: 0.927867)
[2026-04-03 00:34:56.094] [35058] [HailoRT] [info] [edge_elements.cpp:187] [create] Created (LastAsyncEl0PostInferEl0AsyncHwEl)
[2026-04-03 00:34:56.094] [35058] [HailoRT] [info] [queue_elements.cpp:450] [create] Created (PushQEl1AsyncHwEl | timeout: 10s)
[2026-04-03 00:34:56.094] [35058] [HailoRT] [info] [filter_elements.cpp:375] [create] Created (PostInferEl1AsyncHwEl | Quantization - src_type: UINT8, dst_type FLOAT32, limvals_min: -5.39702, limvals_max: 12.7114)
[2026-04-03 00:34:56.094] [35058] [HailoRT] [info] [edge_elements.cpp:187] [create] Created (LastAsyncEl0PostInferEl1AsyncHwEl)
[2026-04-03 00:34:56.094] [35058] [HailoRT] [info] [queue_elements.cpp:450] [create] Created (PushQEl2AsyncHwEl | timeout: 10s)
[2026-04-03 00:34:56.094] [35058] [HailoRT] [info] [filter_elements.cpp:375] [create] Created (PostInferEl2AsyncHwEl | Quantization - src_type: UINT8, dst_type FLOAT32, limvals_min: 0, limvals_max: 0.820417)
[2026-04-03 00:34:56.094] [35058] [HailoRT] [info] [edge_elements.cpp:187] [create] Created (LastAsyncEl0PostInferEl2AsyncHwEl)
[2026-04-03 00:34:56.094] [35058] [HailoRT] [info] [queue_elements.cpp:450] [create] Created (PushQEl7AsyncHwEl | timeout: 10s)
[2026-04-03 00:34:56.094] [35058] [HailoRT] [info] [filter_elements.cpp:375] [create] Created (PostInferEl7AsyncHwEl | Quantization - src_type: UINT8, dst_type FLOAT32, limvals_min: -11.0503, limvals_max: 6.78402 | Reorder - src_order: FCR, src_shape: (40, 40, 56), dst_order: FCR, dst_shape: (40, 40, 51))
[2026-04-03 00:34:56.094] [35058] [HailoRT] [info] [edge_elements.cpp:187] [create] Created (LastAsyncEl0PostInferEl7AsyncHwEl)
[2026-04-03 00:34:56.094] [35058] [HailoRT] [info] [queue_elements.cpp:450] [create] Created (PushQEl8AsyncHwEl | timeout: 10s)
[2026-04-03 00:34:56.094] [35058] [HailoRT] [info] [filter_elements.cpp:375] [create] Created (PostInferEl8AsyncHwEl | Quantization - src_type: UINT8, dst_type FLOAT32, limvals_min: 0, limvals_max: 0.617845)
[2026-04-03 00:34:56.095] [35058] [HailoRT] [info] [edge_elements.cpp:187] [create] Created (LastAsyncEl0PostInferEl8AsyncHwEl)
[2026-04-03 00:34:56.095] [35058] [HailoRT] [info] [queue_elements.cpp:450] [create] Created (PushQEl6AsyncHwEl | timeout: 10s)
[2026-04-03 00:34:56.095] [35058] [HailoRT] [info] [filter_elements.cpp:375] [create] Created (PostInferEl6AsyncHwEl | Quantization - src_type: UINT8, dst_type FLOAT32, limvals_min: -7.42123, limvals_max: 5.81243 | Reorder - src_order: FCR, src_shape: (80, 80, 56), dst_order: FCR, dst_shape: (80, 80, 51))
[2026-04-03 00:34:56.095] [35058] [HailoRT] [info] [edge_elements.cpp:187] [create] Created (LastAsyncEl0PostInferEl6AsyncHwEl)
[2026-04-03 00:34:56.095] [35058] [HailoRT] [info] [pipeline.cpp:891] [print_deep_description] EntryPushQEl0yolov8s_pose/input_layer1 | inputs: user | outputs: AsyncHwEl(running in thread_id: 35066)
[2026-04-03 00:34:56.095] [35058] [HailoRT] [info] [pipeline.cpp:891] [print_deep_description] AsyncHwEl | inputs: EntryPushQEl0yolov8s_pose/input_layer1[0] | outputs: PushQEl0AsyncHwEl PushQEl1AsyncHwEl PushQEl2AsyncHwEl PushQEl3AsyncHwEl PushQEl4AsyncHwEl PushQEl5AsyncHwEl PushQEl6AsyncHwEl PushQEl7AsyncHwEl PushQEl8AsyncHwEl
[2026-04-03 00:34:56.095] [35058] [HailoRT] [info] [pipeline.cpp:891] [print_deep_description] PushQEl0AsyncHwEl | inputs: AsyncHwEl[0] | outputs: PostInferEl0AsyncHwEl(running in thread_id: 35070)
[2026-04-03 00:34:56.095] [35058] [HailoRT] [info] [pipeline.cpp:891] [print_deep_description] PostInferEl0AsyncHwEl | inputs: PushQEl0AsyncHwEl[0] | outputs: LastAsyncEl0PostInferEl0AsyncHwEl
[2026-04-03 00:34:56.095] [35058] [HailoRT] [info] [pipeline.cpp:891] [print_deep_description] LastAsyncEl0PostInferEl0AsyncHwEl | inputs: PostInferEl0AsyncHwEl[0] | outputs: user
[2026-04-03 00:34:56.095] [35058] [HailoRT] [info] [pipeline.cpp:891] [print_deep_description] PushQEl1AsyncHwEl | inputs: AsyncHwEl[0] | outputs: PostInferEl1AsyncHwEl(running in thread_id: 35071)
[2026-04-03 00:34:56.095] [35058] [HailoRT] [info] [pipeline.cpp:891] [print_deep_description] PostInferEl1AsyncHwEl | inputs: PushQEl1AsyncHwEl[0] | outputs: LastAsyncEl0PostInferEl1AsyncHwEl
[2026-04-03 00:34:56.095] [35058] [HailoRT] [info] [pipeline.cpp:891] [print_deep_description] LastAsyncEl0PostInferEl1AsyncHwEl | inputs: PostInferEl1AsyncHwEl[0] | outputs: user
[2026-04-03 00:34:56.095] [35058] [HailoRT] [info] [pipeline.cpp:891] [print_deep_description] PushQEl2AsyncHwEl | inputs: AsyncHwEl[0] | outputs: PostInferEl2AsyncHwEl(running in thread_id: 35072)
[2026-04-03 00:34:56.095] [35058] [HailoRT] [info] [pipeline.cpp:891] [print_deep_description] PostInferEl2AsyncHwEl | inputs: PushQEl2AsyncHwEl[0] | outputs: LastAsyncEl0PostInferEl2AsyncHwEl
[2026-04-03 00:34:56.095] [35058] [HailoRT] [info] [pipeline.cpp:891] [print_deep_description] LastAsyncEl0PostInferEl2AsyncHwEl | inputs: PostInferEl2AsyncHwEl[0] | outputs: user
[2026-04-03 00:34:56.095] [35058] [HailoRT] [info] [pipeline.cpp:891] [print_deep_description] PushQEl3AsyncHwEl | inputs: AsyncHwEl[0] | outputs: PostInferEl3AsyncHwEl(running in thread_id: 35067)
[2026-04-03 00:34:56.095] [35058] [HailoRT] [info] [pipeline.cpp:891] [print_deep_description] PostInferEl3AsyncHwEl | inputs: PushQEl3AsyncHwEl[0] | outputs: LastAsyncEl0PostInferEl3AsyncHwEl
[2026-04-03 00:34:56.095] [35058] [HailoRT] [info] [pipeline.cpp:891] [print_deep_description] LastAsyncEl0PostInferEl3AsyncHwEl | inputs: PostInferEl3AsyncHwEl[0] | outputs: user
[2026-04-03 00:34:56.095] [35058] [HailoRT] [info] [pipeline.cpp:891] [print_deep_description] PushQEl4AsyncHwEl | inputs: AsyncHwEl[0] | outputs: PostInferEl4AsyncHwEl(running in thread_id: 35068)
[2026-04-03 00:34:56.095] [35058] [HailoRT] [info] [pipeline.cpp:891] [print_deep_description] PostInferEl4AsyncHwEl | inputs: PushQEl4AsyncHwEl[0] | outputs: LastAsyncEl0PostInferEl4AsyncHwEl
[2026-04-03 00:34:56.095] [35058] [HailoRT] [info] [pipeline.cpp:891] [print_deep_description] LastAsyncEl0PostInferEl4AsyncHwEl | inputs: PostInferEl4AsyncHwEl[0] | outputs: user
[2026-04-03 00:34:56.095] [35058] [HailoRT] [info] [pipeline.cpp:891] [print_deep_description] PushQEl5AsyncHwEl | inputs: AsyncHwEl[0] | outputs: PostInferEl5AsyncHwEl(running in thread_id: 35069)
[2026-04-03 00:34:56.095] [35058] [HailoRT] [info] [pipeline.cpp:891] [print_deep_description] PostInferEl5AsyncHwEl | inputs: PushQEl5AsyncHwEl[0] | outputs: LastAsyncEl0PostInferEl5AsyncHwEl
[2026-04-03 00:34:56.095] [35058] [HailoRT] [info] [pipeline.cpp:891] [print_deep_description] LastAsyncEl0PostInferEl5AsyncHwEl | inputs: PostInferEl5AsyncHwEl[0] | outputs: user
[2026-04-03 00:34:56.095] [35058] [HailoRT] [info] [pipeline.cpp:891] [print_deep_description] PushQEl6AsyncHwEl | inputs: AsyncHwEl[0] | outputs: PostInferEl6AsyncHwEl(running in thread_id: 35075)
[2026-04-03 00:34:56.095] [35058] [HailoRT] [info] [pipeline.cpp:891] [print_deep_description] PostInferEl6AsyncHwEl | inputs: PushQEl6AsyncHwEl[0] | outputs: LastAsyncEl0PostInferEl6AsyncHwEl
[2026-04-03 00:34:56.095] [35058] [HailoRT] [info] [pipeline.cpp:891] [print_deep_description] LastAsyncEl0PostInferEl6AsyncHwEl | inputs: PostInferEl6AsyncHwEl[0] | outputs: user
[2026-04-03 00:34:56.095] [35058] [HailoRT] [info] [pipeline.cpp:891] [print_deep_description] PushQEl7AsyncHwEl | inputs: AsyncHwEl[0] | outputs: PostInferEl7AsyncHwEl(running in thread_id: 35073)
[2026-04-03 00:34:56.095] [35058] [HailoRT] [info] [pipeline.cpp:891] [print_deep_description] PostInferEl7AsyncHwEl | inputs: PushQEl7AsyncHwEl[0] | outputs: LastAsyncEl0PostInferEl7AsyncHwEl
[2026-04-03 00:34:56.095] [35058] [HailoRT] [info] [pipeline.cpp:891] [print_deep_description] LastAsyncEl0PostInferEl7AsyncHwEl | inputs: PostInferEl7AsyncHwEl[0] | outputs: user
[2026-04-03 00:34:56.095] [35058] [HailoRT] [info] [pipeline.cpp:891] [print_deep_description] PushQEl8AsyncHwEl | inputs: AsyncHwEl[0] | outputs: PostInferEl8AsyncHwEl(running in thread_id: 35074)
[2026-04-03 00:34:56.095] [35058] [HailoRT] [info] [pipeline.cpp:891] [print_deep_description] PostInferEl8AsyncHwEl | inputs: PushQEl8AsyncHwEl[0] | outputs: LastAsyncEl0PostInferEl8AsyncHwEl
[2026-04-03 00:34:56.095] [35058] [HailoRT] [info] [pipeline.cpp:891] [print_deep_description] LastAsyncEl0PostInferEl8AsyncHwEl | inputs: PostInferEl8AsyncHwEl[0] | outputs: user
[2026-04-03 00:35:22.322] [35166] [HailoRT] [info] [vdevice.cpp:523] [create] Creating vdevice with params: device_count: 1, scheduling_algorithm: ROUND_ROBIN, multi_process_service: false
[2026-04-03 00:35:22.332] [35166] [HailoRT] [info] [device.cpp:49] [Device] OS Version: Linux 6.12.62+rpt-rpi-2712 #1 SMP PREEMPT Debian 1:6.12.62-1+rpt1~bookworm (2026-01-19) aarch64
[2026-04-03 00:35:22.334] [35166] [HailoRT] [info] [control.cpp:108] [control__parse_identify_results] firmware_version is: 4.20.0
[2026-04-03 00:35:22.334] [35166] [HailoRT] [info] [vdevice.cpp:651] [create] VDevice Infos: 0001:01:00.0
[2026-04-03 00:35:22.441] [35166] [HailoRT] [info] [hef.cpp:1929] [get_network_group_and_network_name] No name was given. Addressing all networks of default network_group: yolov8s_pose
[2026-04-03 00:35:22.441] [35166] [HailoRT] [info] [hef.cpp:1929] [get_network_group_and_network_name] No name was given. Addressing all networks of default network_group: yolov8s_pose
[2026-04-03 00:35:22.441] [35166] [HailoRT] [info] [hef.cpp:1929] [get_network_group_and_network_name] No name was given. Addressing all networks of default network_group: yolov8s_pose
[2026-04-03 00:35:22.441] [35166] [HailoRT] [info] [hef.cpp:1929] [get_network_group_and_network_name] No name was given. Addressing all networks of default network_group: yolov8s_pose
[2026-04-03 00:35:22.441] [35166] [HailoRT] [info] [hef.cpp:1929] [get_network_group_and_network_name] No name was given. Addressing all networks of default network_group: yolov8s_pose
[2026-04-03 00:35:22.442] [35166] [HailoRT] [warning] [device_internal.cpp:616] [check_hef_is_compatible] HEF was compiled for Hailo8L device, while the device itself is Hailo8. This will result in lower performance.
[2026-04-03 00:35:22.442] [35166] [HailoRT] [warning] [device_internal.cpp:616] [check_hef_is_compatible] HEF was compiled for Hailo8L device, while the device itself is Hailo8. This will result in lower performance.
[2026-04-03 00:35:22.449] [35166] [HailoRT] [info] [internal_buffer_manager.cpp:204] [print_execution_results] Planned internal buffer memory: CMA memory 0, user memory 3321344. memory to edge layer usage factor is 0.93083656
[2026-04-03 00:35:22.449] [35166] [HailoRT] [info] [internal_buffer_manager.cpp:212] [print_execution_results] Default Internal buffer planner executed successfully
[2026-04-03 00:35:22.476] [35166] [HailoRT] [info] [device_internal.cpp:57] [configure] Configuring HEF took 34.784723 milliseconds
[2026-04-03 00:35:22.477] [35166] [HailoRT] [info] [vdevice.cpp:749] [configure] Configuring HEF on VDevice took 35.256612 milliseconds
[2026-04-03 00:35:22.477] [35166] [HailoRT] [info] [infer_model.cpp:436] [configure] Configuring network group 'yolov8s_pose' with params: batch size: 1, power mode: PERFORMANCE, latency: NONE
[2026-04-03 00:35:22.477] [35166] [HailoRT] [info] [multi_io_elements.cpp:756] [create] Created (AsyncHwEl)
[2026-04-03 00:35:22.477] [35166] [HailoRT] [info] [queue_elements.cpp:450] [create] Created (EntryPushQEl0yolov8s_pose/input_layer1 | timeout: 10s)
[2026-04-03 00:35:22.477] [35166] [HailoRT] [info] [queue_elements.cpp:450] [create] Created (PushQEl3AsyncHwEl | timeout: 10s)
[2026-04-03 00:35:22.477] [35166] [HailoRT] [info] [filter_elements.cpp:375] [create] Created (PostInferEl3AsyncHwEl | Quantization - src_type: UINT8, dst_type FLOAT32, limvals_min: -6.02712, limvals_max: 11.844)
[2026-04-03 00:35:22.477] [35166] [HailoRT] [info] [edge_elements.cpp:187] [create] Created (LastAsyncEl0PostInferEl3AsyncHwEl)
[2026-04-03 00:35:22.477] [35166] [HailoRT] [info] [queue_elements.cpp:450] [create] Created (PushQEl4AsyncHwEl | timeout: 10s)
[2026-04-03 00:35:22.477] [35166] [HailoRT] [info] [filter_elements.cpp:375] [create] Created (PostInferEl4AsyncHwEl | Quantization - src_type: UINT8, dst_type FLOAT32, limvals_min: -9.25656, limvals_max: 9.32945 | Reorder - src_order: FCR, src_shape: (20, 20, 56), dst_order: FCR, dst_shape: (20, 20, 51))
[2026-04-03 00:35:22.477] [35166] [HailoRT] [info] [edge_elements.cpp:187] [create] Created (LastAsyncEl0PostInferEl4AsyncHwEl)
[2026-04-03 00:35:22.478] [35166] [HailoRT] [info] [queue_elements.cpp:450] [create] Created (PushQEl5AsyncHwEl | timeout: 10s)
[2026-04-03 00:35:22.478] [35166] [HailoRT] [info] [filter_elements.cpp:375] [create] Created (PostInferEl5AsyncHwEl | Quantization - src_type: UINT8, dst_type FLOAT32, limvals_min: -5.14938, limvals_max: 13.8809)
[2026-04-03 00:35:22.478] [35166] [HailoRT] [info] [edge_elements.cpp:187] [create] Created (LastAsyncEl0PostInferEl5AsyncHwEl)
[2026-04-03 00:35:22.478] [35166] [HailoRT] [info] [queue_elements.cpp:450] [create] Created (PushQEl0AsyncHwEl | timeout: 10s)
[2026-04-03 00:35:22.478] [35166] [HailoRT] [info] [filter_elements.cpp:375] [create] Created (PostInferEl0AsyncHwEl | Quantization - src_type: UINT8, dst_type FLOAT32, limvals_min: 0, limvals_max: 0.927867)
[2026-04-03 00:35:22.478] [35166] [HailoRT] [info] [edge_elements.cpp:187] [create] Created (LastAsyncEl0PostInferEl0AsyncHwEl)
[2026-04-03 00:35:22.478] [35166] [HailoRT] [info] [queue_elements.cpp:450] [create] Created (PushQEl1AsyncHwEl | timeout: 10s)
[2026-04-03 00:35:22.478] [35166] [HailoRT] [info] [filter_elements.cpp:375] [create] Created (PostInferEl1AsyncHwEl | Quantization - src_type: UINT8, dst_type FLOAT32, limvals_min: -5.39702, limvals_max: 12.7114)
[2026-04-03 00:35:22.478] [35166] [HailoRT] [info] [edge_elements.cpp:187] [create] Created (LastAsyncEl0PostInferEl1AsyncHwEl)
[2026-04-03 00:35:22.478] [35166] [HailoRT] [info] [queue_elements.cpp:450] [create] Created (PushQEl2AsyncHwEl | timeout: 10s)
[2026-04-03 00:35:22.478] [35166] [HailoRT] [info] [filter_elements.cpp:375] [create] Created (PostInferEl2AsyncHwEl | Quantization - src_type: UINT8, dst_type FLOAT32, limvals_min: 0, limvals_max: 0.820417)
[2026-04-03 00:35:22.478] [35166] [HailoRT] [info] [edge_elements.cpp:187] [create] Created (LastAsyncEl0PostInferEl2AsyncHwEl)
[2026-04-03 00:35:22.478] [35166] [HailoRT] [info] [queue_elements.cpp:450] [create] Created (PushQEl7AsyncHwEl | timeout: 10s)
[2026-04-03 00:35:22.478] [35166] [HailoRT] [info] [filter_elements.cpp:375] [create] Created (PostInferEl7AsyncHwEl | Quantization - src_type: UINT8, dst_type FLOAT32, limvals_min: -11.0503, limvals_max: 6.78402 | Reorder - src_order: FCR, src_shape: (40, 40, 56), dst_order: FCR, dst_shape: (40, 40, 51))
[2026-04-03 00:35:22.478] [35166] [HailoRT] [info] [edge_elements.cpp:187] [create] Created (LastAsyncEl0PostInferEl7AsyncHwEl)
[2026-04-03 00:35:22.478] [35166] [HailoRT] [info] [queue_elements.cpp:450] [create] Created (PushQEl8AsyncHwEl | timeout: 10s)
[2026-04-03 00:35:22.478] [35166] [HailoRT] [info] [filter_elements.cpp:375] [create] Created (PostInferEl8AsyncHwEl | Quantization - src_type: UINT8, dst_type FLOAT32, limvals_min: 0, limvals_max: 0.617845)
[2026-04-03 00:35:22.478] [35166] [HailoRT] [info] [edge_elements.cpp:187] [create] Created (LastAsyncEl0PostInferEl8AsyncHwEl)
[2026-04-03 00:35:22.478] [35166] [HailoRT] [info] [queue_elements.cpp:450] [create] Created (PushQEl6AsyncHwEl | timeout: 10s)
[2026-04-03 00:35:22.479] [35166] [HailoRT] [info] [filter_elements.cpp:375] [create] Created (PostInferEl6AsyncHwEl | Quantization - src_type: UINT8, dst_type FLOAT32, limvals_min: -7.42123, limvals_max: 5.81243 | Reorder - src_order: FCR, src_shape: (80, 80, 56), dst_order: FCR, dst_shape: (80, 80, 51))
[2026-04-03 00:35:22.479] [35166] [HailoRT] [info] [edge_elements.cpp:187] [create] Created (LastAsyncEl0PostInferEl6AsyncHwEl)
[2026-04-03 00:35:22.479] [35166] [HailoRT] [info] [pipeline.cpp:891] [print_deep_description] EntryPushQEl0yolov8s_pose/input_layer1 | inputs: user | outputs: AsyncHwEl(running in thread_id: 35179)
[2026-04-03 00:35:22.479] [35166] [HailoRT] [info] [pipeline.cpp:891] [print_deep_description] AsyncHwEl | inputs: EntryPushQEl0yolov8s_pose/input_layer1[0] | outputs: PushQEl0AsyncHwEl PushQEl1AsyncHwEl PushQEl2AsyncHwEl PushQEl3AsyncHwEl PushQEl4AsyncHwEl PushQEl5AsyncHwEl PushQEl6AsyncHwEl PushQEl7AsyncHwEl PushQEl8AsyncHwEl
[2026-04-03 00:35:22.479] [35166] [HailoRT] [info] [pipeline.cpp:891] [print_deep_description] PushQEl0AsyncHwEl | inputs: AsyncHwEl[0] | outputs: PostInferEl0AsyncHwEl(running in thread_id: 35183)
[2026-04-03 00:35:22.479] [35166] [HailoRT] [info] [pipeline.cpp:891] [print_deep_description] PostInferEl0AsyncHwEl | inputs: PushQEl0AsyncHwEl[0] | outputs: LastAsyncEl0PostInferEl0AsyncHwEl
[2026-04-03 00:35:22.479] [35166] [HailoRT] [info] [pipeline.cpp:891] [print_deep_description] LastAsyncEl0PostInferEl0AsyncHwEl | inputs: PostInferEl0AsyncHwEl[0] | outputs: user
[2026-04-03 00:35:22.479] [35166] [HailoRT] [info] [pipeline.cpp:891] [print_deep_description] PushQEl1AsyncHwEl | inputs: AsyncHwEl[0] | outputs: PostInferEl1AsyncHwEl(running in thread_id: 35184)
[2026-04-03 00:35:22.479] [35166] [HailoRT] [info] [pipeline.cpp:891] [print_deep_description] PostInferEl1AsyncHwEl | inputs: PushQEl1AsyncHwEl[0] | outputs: LastAsyncEl0PostInferEl1AsyncHwEl
[2026-04-03 00:35:22.479] [35166] [HailoRT] [info] [pipeline.cpp:891] [print_deep_description] LastAsyncEl0PostInferEl1AsyncHwEl | inputs: PostInferEl1AsyncHwEl[0] | outputs: user
[2026-04-03 00:35:22.479] [35166] [HailoRT] [info] [pipeline.cpp:891] [print_deep_description] PushQEl2AsyncHwEl | inputs: AsyncHwEl[0] | outputs: PostInferEl2AsyncHwEl(running in thread_id: 35185)
[2026-04-03 00:35:22.479] [35166] [HailoRT] [info] [pipeline.cpp:891] [print_deep_description] PostInferEl2AsyncHwEl | inputs: PushQEl2AsyncHwEl[0] | outputs: LastAsyncEl0PostInferEl2AsyncHwEl
[2026-04-03 00:35:22.479] [35166] [HailoRT] [info] [pipeline.cpp:891] [print_deep_description] LastAsyncEl0PostInferEl2AsyncHwEl | inputs: PostInferEl2AsyncHwEl[0] | outputs: user
[2026-04-03 00:35:22.479] [35166] [HailoRT] [info] [pipeline.cpp:891] [print_deep_description] PushQEl3AsyncHwEl | inputs: AsyncHwEl[0] | outputs: PostInferEl3AsyncHwEl(running in thread_id: 35180)
[2026-04-03 00:35:22.479] [35166] [HailoRT] [info] [pipeline.cpp:891] [print_deep_description] PostInferEl3AsyncHwEl | inputs: PushQEl3AsyncHwEl[0] | outputs: LastAsyncEl0PostInferEl3AsyncHwEl
[2026-04-03 00:35:22.479] [35166] [HailoRT] [info] [pipeline.cpp:891] [print_deep_description] LastAsyncEl0PostInferEl3AsyncHwEl | inputs: PostInferEl3AsyncHwEl[0] | outputs: user
[2026-04-03 00:35:22.479] [35166] [HailoRT] [info] [pipeline.cpp:891] [print_deep_description] PushQEl4AsyncHwEl | inputs: AsyncHwEl[0] | outputs: PostInferEl4AsyncHwEl(running in thread_id: 35181)
[2026-04-03 00:35:22.479] [35166] [HailoRT] [info] [pipeline.cpp:891] [print_deep_description] PostInferEl4AsyncHwEl | inputs: PushQEl4AsyncHwEl[0] | outputs: LastAsyncEl0PostInferEl4AsyncHwEl
[2026-04-03 00:35:22.479] [35166] [HailoRT] [info] [pipeline.cpp:891] [print_deep_description] LastAsyncEl0PostInferEl4AsyncHwEl | inputs: PostInferEl4AsyncHwEl[0] | outputs: user
[2026-04-03 00:35:22.479] [35166] [HailoRT] [info] [pipeline.cpp:891] [print_deep_description] PushQEl5AsyncHwEl | inputs: AsyncHwEl[0] | outputs: PostInferEl5AsyncHwEl(running in thread_id: 35182)
[2026-04-03 00:35:22.479] [35166] [HailoRT] [info] [pipeline.cpp:891] [print_deep_description] PostInferEl5AsyncHwEl | inputs: PushQEl5AsyncHwEl[0] | outputs: LastAsyncEl0PostInferEl5AsyncHwEl
[2026-04-03 00:35:22.479] [35166] [HailoRT] [info] [pipeline.cpp:891] [print_deep_description] LastAsyncEl0PostInferEl5AsyncHwEl | inputs: PostInferEl5AsyncHwEl[0] | outputs: user
[2026-04-03 00:35:22.479] [35166] [HailoRT] [info] [pipeline.cpp:891] [print_deep_description] PushQEl6AsyncHwEl | inputs: AsyncHwEl[0] | outputs: PostInferEl6AsyncHwEl(running in thread_id: 35188)
[2026-04-03 00:35:22.479] [35166] [HailoRT] [info] [pipeline.cpp:891] [print_deep_description] PostInferEl6AsyncHwEl | inputs: PushQEl6AsyncHwEl[0] | outputs: LastAsyncEl0PostInferEl6AsyncHwEl
[2026-04-03 00:35:22.479] [35166] [HailoRT] [info] [pipeline.cpp:891] [print_deep_description] LastAsyncEl0PostInferEl6AsyncHwEl | inputs: PostInferEl6AsyncHwEl[0] | outputs: user
[2026-04-03 00:35:22.479] [35166] [HailoRT] [info] [pipeline.cpp:891] [print_deep_description] PushQEl7AsyncHwEl | inputs: AsyncHwEl[0] | outputs: PostInferEl7AsyncHwEl(running in thread_id: 35186)
[2026-04-03 00:35:22.479] [35166] [HailoRT] [info] [pipeline.cpp:891] [print_deep_description] PostInferEl7AsyncHwEl | inputs: PushQEl7AsyncHwEl[0] | outputs: LastAsyncEl0PostInferEl7AsyncHwEl
[2026-04-03 00:35:22.479] [35166] [HailoRT] [info] [pipeline.cpp:891] [print_deep_description] LastAsyncEl0PostInferEl7AsyncHwEl | inputs: PostInferEl7AsyncHwEl[0] | outputs: user
[2026-04-03 00:35:22.479] [35166] [HailoRT] [info] [pipeline.cpp:891] [print_deep_description] PushQEl8AsyncHwEl | inputs: AsyncHwEl[0] | outputs: PostInferEl8AsyncHwEl(running in thread_id: 35187)
[2026-04-03 00:35:22.479] [35166] [HailoRT] [info] [pipeline.cpp:891] [print_deep_description] PostInferEl8AsyncHwEl | inputs: PushQEl8AsyncHwEl[0] | outputs: LastAsyncEl0PostInferEl8AsyncHwEl
[2026-04-03 00:35:22.479] [35166] [HailoRT] [info] [pipeline.cpp:891] [print_deep_description] LastAsyncEl0PostInferEl8AsyncHwEl | inputs: PostInferEl8AsyncHwEl[0] | outputs: user
[2026-04-03 00:35:25.949] [35166] [HailoRT] [info] [async_infer_runner.cpp:86] [shutdown] Pipeline was aborted. Shutting it down
[2026-04-03 00:35:25.950] [35166] [HailoRT] [info] [async_infer_runner.cpp:86] [shutdown] Pipeline was aborted. Shutting it down
[2026-04-03 00:35:25.950] [35166] [HailoRT] [info] [queue_elements.cpp:570] [execute_deactivate] enqueue() in element PushQEl0AsyncHwEl was aborted, got status = HAILO_SHUTDOWN_EVENT_SIGNALED(57)
[2026-04-03 00:35:25.950] [35166] [HailoRT] [info] [queue_elements.cpp:570] [execute_deactivate] enqueue() in element PushQEl1AsyncHwEl was aborted, got status = HAILO_SHUTDOWN_EVENT_SIGNALED(57)
[2026-04-03 00:35:25.950] [35166] [HailoRT] [info] [queue_elements.cpp:570] [execute_deactivate] enqueue() in element PushQEl2AsyncHwEl was aborted, got status = HAILO_SHUTDOWN_EVENT_SIGNALED(57)
[2026-04-03 00:35:25.950] [35166] [HailoRT] [info] [queue_elements.cpp:570] [execute_deactivate] enqueue() in element PushQEl3AsyncHwEl was aborted, got status = HAILO_SHUTDOWN_EVENT_SIGNALED(57)
[2026-04-03 00:35:25.950] [35166] [HailoRT] [info] [queue_elements.cpp:570] [execute_deactivate] enqueue() in element PushQEl4AsyncHwEl was aborted, got status = HAILO_SHUTDOWN_EVENT_SIGNALED(57)
[2026-04-03 00:35:25.950] [35166] [HailoRT] [info] [queue_elements.cpp:570] [execute_deactivate] enqueue() in element PushQEl5AsyncHwEl was aborted, got status = HAILO_SHUTDOWN_EVENT_SIGNALED(57)
[2026-04-03 00:35:25.950] [35166] [HailoRT] [info] [queue_elements.cpp:570] [execute_deactivate] enqueue() in element PushQEl6AsyncHwEl was aborted, got status = HAILO_SHUTDOWN_EVENT_SIGNALED(57)
[2026-04-03 00:35:25.950] [35166] [HailoRT] [info] [queue_elements.cpp:570] [execute_deactivate] enqueue() in element PushQEl7AsyncHwEl was aborted, got status = HAILO_SHUTDOWN_EVENT_SIGNALED(57)
[2026-04-03 00:35:25.950] [35166] [HailoRT] [info] [queue_elements.cpp:570] [execute_deactivate] enqueue() in element PushQEl8AsyncHwEl was aborted, got status = HAILO_SHUTDOWN_EVENT_SIGNALED(57)
[2026-04-03 00:35:25.950] [35166] [HailoRT] [info] [queue_elements.cpp:570] [execute_deactivate] enqueue() in element EntryPushQEl0yolov8s_pose/input_layer1 was aborted, got status = HAILO_SHUTDOWN_EVENT_SIGNALED(57)
[2026-04-03 00:35:25.950] [35166] [HailoRT] [info] [queue_elements.cpp:46] [~BaseQueueElement] Queue element EntryPushQEl0yolov8s_pose/input_layer1 has 0 frames in his Queue on destruction
[2026-04-03 00:35:25.950] [35166] [HailoRT] [info] [queue_elements.cpp:46] [~BaseQueueElement] Queue element PushQEl3AsyncHwEl has 0 frames in his Queue on destruction
[2026-04-03 00:35:25.950] [35166] [HailoRT] [info] [queue_elements.cpp:46] [~BaseQueueElement] Queue element PushQEl4AsyncHwEl has 0 frames in his Queue on destruction
[2026-04-03 00:35:25.950] [35166] [HailoRT] [info] [queue_elements.cpp:46] [~BaseQueueElement] Queue element PushQEl5AsyncHwEl has 0 frames in his Queue on destruction
[2026-04-03 00:35:25.950] [35166] [HailoRT] [info] [queue_elements.cpp:46] [~BaseQueueElement] Queue element PushQEl0AsyncHwEl has 0 frames in his Queue on destruction
[2026-04-03 00:35:25.950] [35166] [HailoRT] [info] [queue_elements.cpp:46] [~BaseQueueElement] Queue element PushQEl1AsyncHwEl has 0 frames in his Queue on destruction
[2026-04-03 00:35:25.950] [35166] [HailoRT] [info] [queue_elements.cpp:46] [~BaseQueueElement] Queue element PushQEl2AsyncHwEl has 0 frames in his Queue on destruction
[2026-04-03 00:35:25.950] [35166] [HailoRT] [info] [queue_elements.cpp:46] [~BaseQueueElement] Queue element PushQEl7AsyncHwEl has 0 frames in his Queue on destruction
[2026-04-03 00:35:25.950] [35166] [HailoRT] [info] [queue_elements.cpp:46] [~BaseQueueElement] Queue element PushQEl8AsyncHwEl has 0 frames in his Queue on destruction
[2026-04-03 00:35:25.950] [35166] [HailoRT] [info] [queue_elements.cpp:46] [~BaseQueueElement] Queue element PushQEl6AsyncHwEl has 0 frames in his Queue on destruction
[2026-04-03 00:35:35.750] [35281] [HailoRT] [info] [vdevice.cpp:523] [create] Creating vdevice with params: device_count: 1, scheduling_algorithm: ROUND_ROBIN, multi_process_service: false
[2026-04-03 00:35:35.763] [35281] [HailoRT] [info] [device.cpp:49] [Device] OS Version: Linux 6.12.62+rpt-rpi-2712 #1 SMP PREEMPT Debian 1:6.12.62-1+rpt1~bookworm (2026-01-19) aarch64
[2026-04-03 00:35:35.764] [35281] [HailoRT] [info] [control.cpp:108] [control__parse_identify_results] firmware_version is: 4.20.0
[2026-04-03 00:35:35.764] [35281] [HailoRT] [info] [vdevice.cpp:651] [create] VDevice Infos: 0001:01:00.0
[2026-04-03 00:35:35.871] [35281] [HailoRT] [info] [hef.cpp:1929] [get_network_group_and_network_name] No name was given. Addressing all networks of default network_group: yolov8s_pose
[2026-04-03 00:35:35.871] [35281] [HailoRT] [info] [hef.cpp:1929] [get_network_group_and_network_name] No name was given. Addressing all networks of default network_group: yolov8s_pose
[2026-04-03 00:35:35.871] [35281] [HailoRT] [info] [hef.cpp:1929] [get_network_group_and_network_name] No name was given. Addressing all networks of default network_group: yolov8s_pose
[2026-04-03 00:35:35.871] [35281] [HailoRT] [info] [hef.cpp:1929] [get_network_group_and_network_name] No name was given. Addressing all networks of default network_group: yolov8s_pose
[2026-04-03 00:35:35.871] [35281] [HailoRT] [info] [hef.cpp:1929] [get_network_group_and_network_name] No name was given. Addressing all networks of default network_group: yolov8s_pose
[2026-04-03 00:35:35.871] [35281] [HailoRT] [warning] [device_internal.cpp:616] [check_hef_is_compatible] HEF was compiled for Hailo8L device, while the device itself is Hailo8. This will result in lower performance.
[2026-04-03 00:35:35.872] [35281] [HailoRT] [warning] [device_internal.cpp:616] [check_hef_is_compatible] HEF was compiled for Hailo8L device, while the device itself is Hailo8. This will result in lower performance.
[2026-04-03 00:35:35.880] [35281] [HailoRT] [info] [internal_buffer_manager.cpp:204] [print_execution_results] Planned internal buffer memory: CMA memory 0, user memory 3321344. memory to edge layer usage factor is 0.93083656
[2026-04-03 00:35:35.880] [35281] [HailoRT] [info] [internal_buffer_manager.cpp:212] [print_execution_results] Default Internal buffer planner executed successfully
[2026-04-03 00:35:35.905] [35281] [HailoRT] [info] [device_internal.cpp:57] [configure] Configuring HEF took 33.764278 milliseconds
[2026-04-03 00:35:35.905] [35281] [HailoRT] [info] [vdevice.cpp:749] [configure] Configuring HEF on VDevice took 34.310797 milliseconds
[2026-04-03 00:35:35.905] [35281] [HailoRT] [info] [infer_model.cpp:436] [configure] Configuring network group 'yolov8s_pose' with params: batch size: 1, power mode: PERFORMANCE, latency: NONE
[2026-04-03 00:35:35.906] [35281] [HailoRT] [info] [multi_io_elements.cpp:756] [create] Created (AsyncHwEl)
[2026-04-03 00:35:35.906] [35281] [HailoRT] [info] [queue_elements.cpp:450] [create] Created (EntryPushQEl0yolov8s_pose/input_layer1 | timeout: 10s)
[2026-04-03 00:35:35.906] [35281] [HailoRT] [info] [queue_elements.cpp:450] [create] Created (PushQEl3AsyncHwEl | timeout: 10s)
[2026-04-03 00:35:35.906] [35281] [HailoRT] [info] [filter_elements.cpp:375] [create] Created (PostInferEl3AsyncHwEl | Quantization - src_type: UINT8, dst_type FLOAT32, limvals_min: -6.02712, limvals_max: 11.844)
[2026-04-03 00:35:35.906] [35281] [HailoRT] [info] [edge_elements.cpp:187] [create] Created (LastAsyncEl0PostInferEl3AsyncHwEl)
[2026-04-03 00:35:35.906] [35281] [HailoRT] [info] [queue_elements.cpp:450] [create] Created (PushQEl4AsyncHwEl | timeout: 10s)
[2026-04-03 00:35:35.906] [35281] [HailoRT] [info] [filter_elements.cpp:375] [create] Created (PostInferEl4AsyncHwEl | Quantization - src_type: UINT8, dst_type FLOAT32, limvals_min: -9.25656, limvals_max: 9.32945 | Reorder - src_order: FCR, src_shape: (20, 20, 56), dst_order: FCR, dst_shape: (20, 20, 51))
[2026-04-03 00:35:35.906] [35281] [HailoRT] [info] [edge_elements.cpp:187] [create] Created (LastAsyncEl0PostInferEl4AsyncHwEl)
[2026-04-03 00:35:35.906] [35281] [HailoRT] [info] [queue_elements.cpp:450] [create] Created (PushQEl5AsyncHwEl | timeout: 10s)
[2026-04-03 00:35:35.906] [35281] [HailoRT] [info] [filter_elements.cpp:375] [create] Created (PostInferEl5AsyncHwEl | Quantization - src_type: UINT8, dst_type FLOAT32, limvals_min: -5.14938, limvals_max: 13.8809)
[2026-04-03 00:35:35.906] [35281] [HailoRT] [info] [edge_elements.cpp:187] [create] Created (LastAsyncEl0PostInferEl5AsyncHwEl)
[2026-04-03 00:35:35.906] [35281] [HailoRT] [info] [queue_elements.cpp:450] [create] Created (PushQEl0AsyncHwEl | timeout: 10s)
[2026-04-03 00:35:35.906] [35281] [HailoRT] [info] [filter_elements.cpp:375] [create] Created (PostInferEl0AsyncHwEl | Quantization - src_type: UINT8, dst_type FLOAT32, limvals_min: 0, limvals_max: 0.927867)
[2026-04-03 00:35:35.906] [35281] [HailoRT] [info] [edge_elements.cpp:187] [create] Created (LastAsyncEl0PostInferEl0AsyncHwEl)
[2026-04-03 00:35:35.907] [35281] [HailoRT] [info] [queue_elements.cpp:450] [create] Created (PushQEl1AsyncHwEl | timeout: 10s)
[2026-04-03 00:35:35.907] [35281] [HailoRT] [info] [filter_elements.cpp:375] [create] Created (PostInferEl1AsyncHwEl | Quantization - src_type: UINT8, dst_type FLOAT32, limvals_min: -5.39702, limvals_max: 12.7114)
[2026-04-03 00:35:35.907] [35281] [HailoRT] [info] [edge_elements.cpp:187] [create] Created (LastAsyncEl0PostInferEl1AsyncHwEl)
[2026-04-03 00:35:35.907] [35281] [HailoRT] [info] [queue_elements.cpp:450] [create] Created (PushQEl2AsyncHwEl | timeout: 10s)
[2026-04-03 00:35:35.907] [35281] [HailoRT] [info] [filter_elements.cpp:375] [create] Created (PostInferEl2AsyncHwEl | Quantization - src_type: UINT8, dst_type FLOAT32, limvals_min: 0, limvals_max: 0.820417)
[2026-04-03 00:35:35.907] [35281] [HailoRT] [info] [edge_elements.cpp:187] [create] Created (LastAsyncEl0PostInferEl2AsyncHwEl)
[2026-04-03 00:35:35.907] [35281] [HailoRT] [info] [queue_elements.cpp:450] [create] Created (PushQEl7AsyncHwEl | timeout: 10s)
[2026-04-03 00:35:35.907] [35281] [HailoRT] [info] [filter_elements.cpp:375] [create] Created (PostInferEl7AsyncHwEl | Quantization - src_type: UINT8, dst_type FLOAT32, limvals_min: -11.0503, limvals_max: 6.78402 | Reorder - src_order: FCR, src_shape: (40, 40, 56), dst_order: FCR, dst_shape: (40, 40, 51))
[2026-04-03 00:35:35.907] [35281] [HailoRT] [info] [edge_elements.cpp:187] [create] Created (LastAsyncEl0PostInferEl7AsyncHwEl)
[2026-04-03 00:35:35.907] [35281] [HailoRT] [info] [queue_elements.cpp:450] [create] Created (PushQEl8AsyncHwEl | timeout: 10s)
[2026-04-03 00:35:35.907] [35281] [HailoRT] [info] [filter_elements.cpp:375] [create] Created (PostInferEl8AsyncHwEl | Quantization - src_type: UINT8, dst_type FLOAT32, limvals_min: 0, limvals_max: 0.617845)
[2026-04-03 00:35:35.907] [35281] [HailoRT] [info] [edge_elements.cpp:187] [create] Created (LastAsyncEl0PostInferEl8AsyncHwEl)
[2026-04-03 00:35:35.908] [35281] [HailoRT] [info] [queue_elements.cpp:450] [create] Created (PushQEl6AsyncHwEl | timeout: 10s)
[2026-04-03 00:35:35.908] [35281] [HailoRT] [info] [filter_elements.cpp:375] [create] Created (PostInferEl6AsyncHwEl | Quantization - src_type: UINT8, dst_type FLOAT32, limvals_min: -7.42123, limvals_max: 5.81243 | Reorder - src_order: FCR, src_shape: (80, 80, 56), dst_order: FCR, dst_shape: (80, 80, 51))
[2026-04-03 00:35:35.908] [35281] [HailoRT] [info] [edge_elements.cpp:187] [create] Created (LastAsyncEl0PostInferEl6AsyncHwEl)
[2026-04-03 00:35:35.908] [35281] [HailoRT] [info] [pipeline.cpp:891] [print_deep_description] EntryPushQEl0yolov8s_pose/input_layer1 | inputs: user | outputs: AsyncHwEl(running in thread_id: 35294)
[2026-04-03 00:35:35.908] [35281] [HailoRT] [info] [pipeline.cpp:891] [print_deep_description] AsyncHwEl | inputs: EntryPushQEl0yolov8s_pose/input_layer1[0] | outputs: PushQEl0AsyncHwEl PushQEl1AsyncHwEl PushQEl2AsyncHwEl PushQEl3AsyncHwEl PushQEl4AsyncHwEl PushQEl5AsyncHwEl PushQEl6AsyncHwEl PushQEl7AsyncHwEl PushQEl8AsyncHwEl
[2026-04-03 00:35:35.908] [35281] [HailoRT] [info] [pipeline.cpp:891] [print_deep_description] PushQEl0AsyncHwEl | inputs: AsyncHwEl[0] | outputs: PostInferEl0AsyncHwEl(running in thread_id: 35298)
[2026-04-03 00:35:35.908] [35281] [HailoRT] [info] [pipeline.cpp:891] [print_deep_description] PostInferEl0AsyncHwEl | inputs: PushQEl0AsyncHwEl[0] | outputs: LastAsyncEl0PostInferEl0AsyncHwEl
[2026-04-03 00:35:35.908] [35281] [HailoRT] [info] [pipeline.cpp:891] [print_deep_description] LastAsyncEl0PostInferEl0AsyncHwEl | inputs: PostInferEl0AsyncHwEl[0] | outputs: user
[2026-04-03 00:35:35.908] [35281] [HailoRT] [info] [pipeline.cpp:891] [print_deep_description] PushQEl1AsyncHwEl | inputs: AsyncHwEl[0] | outputs: PostInferEl1AsyncHwEl(running in thread_id: 35299)
[2026-04-03 00:35:35.908] [35281] [HailoRT] [info] [pipeline.cpp:891] [print_deep_description] PostInferEl1AsyncHwEl | inputs: PushQEl1AsyncHwEl[0] | outputs: LastAsyncEl0PostInferEl1AsyncHwEl
[2026-04-03 00:35:35.908] [35281] [HailoRT] [info] [pipeline.cpp:891] [print_deep_description] LastAsyncEl0PostInferEl1AsyncHwEl | inputs: PostInferEl1AsyncHwEl[0] | outputs: user
[2026-04-03 00:35:35.908] [35281] [HailoRT] [info] [pipeline.cpp:891] [print_deep_description] PushQEl2AsyncHwEl | inputs: AsyncHwEl[0] | outputs: PostInferEl2AsyncHwEl(running in thread_id: 35300)
[2026-04-03 00:35:35.908] [35281] [HailoRT] [info] [pipeline.cpp:891] [print_deep_description] PostInferEl2AsyncHwEl | inputs: PushQEl2AsyncHwEl[0] | outputs: LastAsyncEl0PostInferEl2AsyncHwEl
[2026-04-03 00:35:35.908] [35281] [HailoRT] [info] [pipeline.cpp:891] [print_deep_description] LastAsyncEl0PostInferEl2AsyncHwEl | inputs: PostInferEl2AsyncHwEl[0] | outputs: user
[2026-04-03 00:35:35.908] [35281] [HailoRT] [info] [pipeline.cpp:891] [print_deep_description] PushQEl3AsyncHwEl | inputs: AsyncHwEl[0] | outputs: PostInferEl3AsyncHwEl(running in thread_id: 35295)
[2026-04-03 00:35:35.908] [35281] [HailoRT] [info] [pipeline.cpp:891] [print_deep_description] PostInferEl3AsyncHwEl | inputs: PushQEl3AsyncHwEl[0] | outputs: LastAsyncEl0PostInferEl3AsyncHwEl
[2026-04-03 00:35:35.908] [35281] [HailoRT] [info] [pipeline.cpp:891] [print_deep_description] LastAsyncEl0PostInferEl3AsyncHwEl | inputs: PostInferEl3AsyncHwEl[0] | outputs: user
[2026-04-03 00:35:35.908] [35281] [HailoRT] [info] [pipeline.cpp:891] [print_deep_description] PushQEl4AsyncHwEl | inputs: AsyncHwEl[0] | outputs: PostInferEl4AsyncHwEl(running in thread_id: 35296)
[2026-04-03 00:35:35.908] [35281] [HailoRT] [info] [pipeline.cpp:891] [print_deep_description] PostInferEl4AsyncHwEl | inputs: PushQEl4AsyncHwEl[0] | outputs: LastAsyncEl0PostInferEl4AsyncHwEl
[2026-04-03 00:35:35.908] [35281] [HailoRT] [info] [pipeline.cpp:891] [print_deep_description] LastAsyncEl0PostInferEl4AsyncHwEl | inputs: PostInferEl4AsyncHwEl[0] | outputs: user
[2026-04-03 00:35:35.908] [35281] [HailoRT] [info] [pipeline.cpp:891] [print_deep_description] PushQEl5AsyncHwEl | inputs: AsyncHwEl[0] | outputs: PostInferEl5AsyncHwEl(running in thread_id: 35297)
[2026-04-03 00:35:35.908] [35281] [HailoRT] [info] [pipeline.cpp:891] [print_deep_description] PostInferEl5AsyncHwEl | inputs: PushQEl5AsyncHwEl[0] | outputs: LastAsyncEl0PostInferEl5AsyncHwEl
[2026-04-03 00:35:35.908] [35281] [HailoRT] [info] [pipeline.cpp:891] [print_deep_description] LastAsyncEl0PostInferEl5AsyncHwEl | inputs: PostInferEl5AsyncHwEl[0] | outputs: user
[2026-04-03 00:35:35.908] [35281] [HailoRT] [info] [pipeline.cpp:891] [print_deep_description] PushQEl6AsyncHwEl | inputs: AsyncHwEl[0] | outputs: PostInferEl6AsyncHwEl(running in thread_id: 35303)
[2026-04-03 00:35:35.908] [35281] [HailoRT] [info] [pipeline.cpp:891] [print_deep_description] PostInferEl6AsyncHwEl | inputs: PushQEl6AsyncHwEl[0] | outputs: LastAsyncEl0PostInferEl6AsyncHwEl
[2026-04-03 00:35:35.908] [35281] [HailoRT] [info] [pipeline.cpp:891] [print_deep_description] LastAsyncEl0PostInferEl6AsyncHwEl | inputs: PostInferEl6AsyncHwEl[0] | outputs: user
[2026-04-03 00:35:35.908] [35281] [HailoRT] [info] [pipeline.cpp:891] [print_deep_description] PushQEl7AsyncHwEl | inputs: AsyncHwEl[0] | outputs: PostInferEl7AsyncHwEl(running in thread_id: 35301)
[2026-04-03 00:35:35.908] [35281] [HailoRT] [info] [pipeline.cpp:891] [print_deep_description] PostInferEl7AsyncHwEl | inputs: PushQEl7AsyncHwEl[0] | outputs: LastAsyncEl0PostInferEl7AsyncHwEl
[2026-04-03 00:35:35.908] [35281] [HailoRT] [info] [pipeline.cpp:891] [print_deep_description] LastAsyncEl0PostInferEl7AsyncHwEl | inputs: PostInferEl7AsyncHwEl[0] | outputs: user
[2026-04-03 00:35:35.908] [35281] [HailoRT] [info] [pipeline.cpp:891] [print_deep_description] PushQEl8AsyncHwEl | inputs: AsyncHwEl[0] | outputs: PostInferEl8AsyncHwEl(running in thread_id: 35302)
[2026-04-03 00:35:35.908] [35281] [HailoRT] [info] [pipeline.cpp:891] [print_deep_description] PostInferEl8AsyncHwEl | inputs: PushQEl8AsyncHwEl[0] | outputs: LastAsyncEl0PostInferEl8AsyncHwEl
[2026-04-03 00:35:35.908] [35281] [HailoRT] [info] [pipeline.cpp:891] [print_deep_description] LastAsyncEl0PostInferEl8AsyncHwEl | inputs: PostInferEl8AsyncHwEl[0] | outputs: user
[2026-04-03 00:35:37.517] [35281] [HailoRT] [info] [async_infer_runner.cpp:86] [shutdown] Pipeline was aborted. Shutting it down
[2026-04-03 00:35:37.518] [35281] [HailoRT] [info] [async_infer_runner.cpp:86] [shutdown] Pipeline was aborted. Shutting it down
[2026-04-03 00:35:37.518] [35281] [HailoRT] [info] [queue_elements.cpp:570] [execute_deactivate] enqueue() in element PushQEl0AsyncHwEl was aborted, got status = HAILO_SHUTDOWN_EVENT_SIGNALED(57)
[2026-04-03 00:35:37.518] [35281] [HailoRT] [info] [queue_elements.cpp:570] [execute_deactivate] enqueue() in element PushQEl1AsyncHwEl was aborted, got status = HAILO_SHUTDOWN_EVENT_SIGNALED(57)
[2026-04-03 00:35:37.518] [35281] [HailoRT] [info] [queue_elements.cpp:570] [execute_deactivate] enqueue() in element PushQEl2AsyncHwEl was aborted, got status = HAILO_SHUTDOWN_EVENT_SIGNALED(57)
[2026-04-03 00:35:37.518] [35281] [HailoRT] [info] [queue_elements.cpp:570] [execute_deactivate] enqueue() in element PushQEl3AsyncHwEl was aborted, got status = HAILO_SHUTDOWN_EVENT_SIGNALED(57)
[2026-04-03 00:35:37.518] [35281] [HailoRT] [info] [queue_elements.cpp:570] [execute_deactivate] enqueue() in element PushQEl4AsyncHwEl was aborted, got status = HAILO_SHUTDOWN_EVENT_SIGNALED(57)
[2026-04-03 00:35:37.518] [35281] [HailoRT] [info] [queue_elements.cpp:570] [execute_deactivate] enqueue() in element PushQEl5AsyncHwEl was aborted, got status = HAILO_SHUTDOWN_EVENT_SIGNALED(57)
[2026-04-03 00:35:37.518] [35281] [HailoRT] [info] [queue_elements.cpp:570] [execute_deactivate] enqueue() in element PushQEl6AsyncHwEl was aborted, got status = HAILO_SHUTDOWN_EVENT_SIGNALED(57)
[2026-04-03 00:35:37.518] [35281] [HailoRT] [info] [queue_elements.cpp:570] [execute_deactivate] enqueue() in element PushQEl7AsyncHwEl was aborted, got status = HAILO_SHUTDOWN_EVENT_SIGNALED(57)
[2026-04-03 00:35:37.518] [35281] [HailoRT] [info] [queue_elements.cpp:570] [execute_deactivate] enqueue() in element PushQEl8AsyncHwEl was aborted, got status = HAILO_SHUTDOWN_EVENT_SIGNALED(57)
[2026-04-03 00:35:37.518] [35281] [HailoRT] [info] [queue_elements.cpp:570] [execute_deactivate] enqueue() in element EntryPushQEl0yolov8s_pose/input_layer1 was aborted, got status = HAILO_SHUTDOWN_EVENT_SIGNALED(57)
[2026-04-03 00:35:37.518] [35281] [HailoRT] [info] [queue_elements.cpp:46] [~BaseQueueElement] Queue element EntryPushQEl0yolov8s_pose/input_layer1 has 0 frames in his Queue on destruction
[2026-04-03 00:35:37.518] [35281] [HailoRT] [info] [queue_elements.cpp:46] [~BaseQueueElement] Queue element PushQEl3AsyncHwEl has 0 frames in his Queue on destruction
[2026-04-03 00:35:37.518] [35281] [HailoRT] [info] [queue_elements.cpp:46] [~BaseQueueElement] Queue element PushQEl4AsyncHwEl has 0 frames in his Queue on destruction
[2026-04-03 00:35:37.518] [35281] [HailoRT] [info] [queue_elements.cpp:46] [~BaseQueueElement] Queue element PushQEl5AsyncHwEl has 0 frames in his Queue on destruction
[2026-04-03 00:35:37.518] [35281] [HailoRT] [info] [queue_elements.cpp:46] [~BaseQueueElement] Queue element PushQEl0AsyncHwEl has 0 frames in his Queue on destruction
[2026-04-03 00:35:37.518] [35281] [HailoRT] [info] [queue_elements.cpp:46] [~BaseQueueElement] Queue element PushQEl1AsyncHwEl has 0 frames in his Queue on destruction
[2026-04-03 00:35:37.519] [35281] [HailoRT] [info] [queue_elements.cpp:46] [~BaseQueueElement] Queue element PushQEl2AsyncHwEl has 0 frames in his Queue on destruction
[2026-04-03 00:35:37.519] [35281] [HailoRT] [info] [queue_elements.cpp:46] [~BaseQueueElement] Queue element PushQEl7AsyncHwEl has 0 frames in his Queue on destruction
[2026-04-03 00:35:37.519] [35281] [HailoRT] [info] [queue_elements.cpp:46] [~BaseQueueElement] Queue element PushQEl8AsyncHwEl has 0 frames in his Queue on destruction
[2026-04-03 00:35:37.519] [35281] [HailoRT] [info] [queue_elements.cpp:46] [~BaseQueueElement] Queue element PushQEl6AsyncHwEl has 0 frames in his Queue on destruction
[2026-04-03 00:35:49.882] [35409] [HailoRT] [info] [vdevice.cpp:523] [create] Creating vdevice with params: device_count: 1, scheduling_algorithm: ROUND_ROBIN, multi_process_service: false
[2026-04-03 00:35:49.895] [35409] [HailoRT] [info] [device.cpp:49] [Device] OS Version: Linux 6.12.62+rpt-rpi-2712 #1 SMP PREEMPT Debian 1:6.12.62-1+rpt1~bookworm (2026-01-19) aarch64
[2026-04-03 00:35:49.897] [35409] [HailoRT] [info] [control.cpp:108] [control__parse_identify_results] firmware_version is: 4.20.0
[2026-04-03 00:35:49.898] [35409] [HailoRT] [info] [vdevice.cpp:651] [create] VDevice Infos: 0001:01:00.0
[2026-04-03 00:35:50.005] [35409] [HailoRT] [info] [hef.cpp:1929] [get_network_group_and_network_name] No name was given. Addressing all networks of default network_group: yolov8s_pose
[2026-04-03 00:35:50.005] [35409] [HailoRT] [info] [hef.cpp:1929] [get_network_group_and_network_name] No name was given. Addressing all networks of default network_group: yolov8s_pose
[2026-04-03 00:35:50.005] [35409] [HailoRT] [info] [hef.cpp:1929] [get_network_group_and_network_name] No name was given. Addressing all networks of default network_group: yolov8s_pose
[2026-04-03 00:35:50.005] [35409] [HailoRT] [info] [hef.cpp:1929] [get_network_group_and_network_name] No name was given. Addressing all networks of default network_group: yolov8s_pose
[2026-04-03 00:35:50.005] [35409] [HailoRT] [info] [hef.cpp:1929] [get_network_group_and_network_name] No name was given. Addressing all networks of default network_group: yolov8s_pose
[2026-04-03 00:35:50.005] [35409] [HailoRT] [warning] [device_internal.cpp:616] [check_hef_is_compatible] HEF was compiled for Hailo8L device, while the device itself is Hailo8. This will result in lower performance.
[2026-04-03 00:35:50.006] [35409] [HailoRT] [warning] [device_internal.cpp:616] [check_hef_is_compatible] HEF was compiled for Hailo8L device, while the device itself is Hailo8. This will result in lower performance.
[2026-04-03 00:35:50.013] [35409] [HailoRT] [info] [internal_buffer_manager.cpp:204] [print_execution_results] Planned internal buffer memory: CMA memory 0, user memory 3321344. memory to edge layer usage factor is 0.93083656
[2026-04-03 00:35:50.013] [35409] [HailoRT] [info] [internal_buffer_manager.cpp:212] [print_execution_results] Default Internal buffer planner executed successfully
[2026-04-03 00:35:50.038] [35409] [HailoRT] [info] [device_internal.cpp:57] [configure] Configuring HEF took 32.556629 milliseconds
[2026-04-03 00:35:50.038] [35409] [HailoRT] [info] [vdevice.cpp:749] [configure] Configuring HEF on VDevice took 33.076704 milliseconds
[2026-04-03 00:35:50.038] [35409] [HailoRT] [info] [infer_model.cpp:436] [configure] Configuring network group 'yolov8s_pose' with params: batch size: 1, power mode: PERFORMANCE, latency: NONE
[2026-04-03 00:35:50.039] [35409] [HailoRT] [info] [multi_io_elements.cpp:756] [create] Created (AsyncHwEl)
[2026-04-03 00:35:50.039] [35409] [HailoRT] [info] [queue_elements.cpp:450] [create] Created (EntryPushQEl0yolov8s_pose/input_layer1 | timeout: 10s)
[2026-04-03 00:35:50.039] [35409] [HailoRT] [info] [queue_elements.cpp:450] [create] Created (PushQEl3AsyncHwEl | timeout: 10s)
[2026-04-03 00:35:50.039] [35409] [HailoRT] [info] [filter_elements.cpp:375] [create] Created (PostInferEl3AsyncHwEl | Quantization - src_type: UINT8, dst_type FLOAT32, limvals_min: -6.02712, limvals_max: 11.844)
[2026-04-03 00:35:50.039] [35409] [HailoRT] [info] [edge_elements.cpp:187] [create] Created (LastAsyncEl0PostInferEl3AsyncHwEl)
[2026-04-03 00:35:50.039] [35409] [HailoRT] [info] [queue_elements.cpp:450] [create] Created (PushQEl4AsyncHwEl | timeout: 10s)
[2026-04-03 00:35:50.039] [35409] [HailoRT] [info] [filter_elements.cpp:375] [create] Created (PostInferEl4AsyncHwEl | Quantization - src_type: UINT8, dst_type FLOAT32, limvals_min: -9.25656, limvals_max: 9.32945 | Reorder - src_order: FCR, src_shape: (20, 20, 56), dst_order: FCR, dst_shape: (20, 20, 51))
[2026-04-03 00:35:50.039] [35409] [HailoRT] [info] [edge_elements.cpp:187] [create] Created (LastAsyncEl0PostInferEl4AsyncHwEl)
[2026-04-03 00:35:50.039] [35409] [HailoRT] [info] [queue_elements.cpp:450] [create] Created (PushQEl5AsyncHwEl | timeout: 10s)
[2026-04-03 00:35:50.039] [35409] [HailoRT] [info] [filter_elements.cpp:375] [create] Created (PostInferEl5AsyncHwEl | Quantization - src_type: UINT8, dst_type FLOAT32, limvals_min: -5.14938, limvals_max: 13.8809)
[2026-04-03 00:35:50.039] [35409] [HailoRT] [info] [edge_elements.cpp:187] [create] Created (LastAsyncEl0PostInferEl5AsyncHwEl)
[2026-04-03 00:35:50.039] [35409] [HailoRT] [info] [queue_elements.cpp:450] [create] Created (PushQEl0AsyncHwEl | timeout: 10s)
[2026-04-03 00:35:50.039] [35409] [HailoRT] [info] [filter_elements.cpp:375] [create] Created (PostInferEl0AsyncHwEl | Quantization - src_type: UINT8, dst_type FLOAT32, limvals_min: 0, limvals_max: 0.927867)
[2026-04-03 00:35:50.039] [35409] [HailoRT] [info] [edge_elements.cpp:187] [create] Created (LastAsyncEl0PostInferEl0AsyncHwEl)
[2026-04-03 00:35:50.040] [35409] [HailoRT] [info] [queue_elements.cpp:450] [create] Created (PushQEl1AsyncHwEl | timeout: 10s)
[2026-04-03 00:35:50.040] [35409] [HailoRT] [info] [filter_elements.cpp:375] [create] Created (PostInferEl1AsyncHwEl | Quantization - src_type: UINT8, dst_type FLOAT32, limvals_min: -5.39702, limvals_max: 12.7114)
[2026-04-03 00:35:50.040] [35409] [HailoRT] [info] [edge_elements.cpp:187] [create] Created (LastAsyncEl0PostInferEl1AsyncHwEl)
[2026-04-03 00:35:50.040] [35409] [HailoRT] [info] [queue_elements.cpp:450] [create] Created (PushQEl2AsyncHwEl | timeout: 10s)
[2026-04-03 00:35:50.040] [35409] [HailoRT] [info] [filter_elements.cpp:375] [create] Created (PostInferEl2AsyncHwEl | Quantization - src_type: UINT8, dst_type FLOAT32, limvals_min: 0, limvals_max: 0.820417)
[2026-04-03 00:35:50.040] [35409] [HailoRT] [info] [edge_elements.cpp:187] [create] Created (LastAsyncEl0PostInferEl2AsyncHwEl)
[2026-04-03 00:35:50.040] [35409] [HailoRT] [info] [queue_elements.cpp:450] [create] Created (PushQEl7AsyncHwEl | timeout: 10s)
[2026-04-03 00:35:50.040] [35409] [HailoRT] [info] [filter_elements.cpp:375] [create] Created (PostInferEl7AsyncHwEl | Quantization - src_type: UINT8, dst_type FLOAT32, limvals_min: -11.0503, limvals_max: 6.78402 | Reorder - src_order: FCR, src_shape: (40, 40, 56), dst_order: FCR, dst_shape: (40, 40, 51))
[2026-04-03 00:35:50.040] [35409] [HailoRT] [info] [edge_elements.cpp:187] [create] Created (LastAsyncEl0PostInferEl7AsyncHwEl)
[2026-04-03 00:35:50.040] [35409] [HailoRT] [info] [queue_elements.cpp:450] [create] Created (PushQEl8AsyncHwEl | timeout: 10s)
[2026-04-03 00:35:50.040] [35409] [HailoRT] [info] [filter_elements.cpp:375] [create] Created (PostInferEl8AsyncHwEl | Quantization - src_type: UINT8, dst_type FLOAT32, limvals_min: 0, limvals_max: 0.617845)
[2026-04-03 00:35:50.040] [35409] [HailoRT] [info] [edge_elements.cpp:187] [create] Created (LastAsyncEl0PostInferEl8AsyncHwEl)
[2026-04-03 00:35:50.040] [35409] [HailoRT] [info] [queue_elements.cpp:450] [create] Created (PushQEl6AsyncHwEl | timeout: 10s)
[2026-04-03 00:35:50.040] [35409] [HailoRT] [info] [filter_elements.cpp:375] [create] Created (PostInferEl6AsyncHwEl | Quantization - src_type: UINT8, dst_type FLOAT32, limvals_min: -7.42123, limvals_max: 5.81243 | Reorder - src_order: FCR, src_shape: (80, 80, 56), dst_order: FCR, dst_shape: (80, 80, 51))
[2026-04-03 00:35:50.040] [35409] [HailoRT] [info] [edge_elements.cpp:187] [create] Created (LastAsyncEl0PostInferEl6AsyncHwEl)
[2026-04-03 00:35:50.041] [35409] [HailoRT] [info] [pipeline.cpp:891] [print_deep_description] EntryPushQEl0yolov8s_pose/input_layer1 | inputs: user | outputs: AsyncHwEl(running in thread_id: 35417)
[2026-04-03 00:35:50.041] [35409] [HailoRT] [info] [pipeline.cpp:891] [print_deep_description] AsyncHwEl | inputs: EntryPushQEl0yolov8s_pose/input_layer1[0] | outputs: PushQEl0AsyncHwEl PushQEl1AsyncHwEl PushQEl2AsyncHwEl PushQEl3AsyncHwEl PushQEl4AsyncHwEl PushQEl5AsyncHwEl PushQEl6AsyncHwEl PushQEl7AsyncHwEl PushQEl8AsyncHwEl
[2026-04-03 00:35:50.041] [35409] [HailoRT] [info] [pipeline.cpp:891] [print_deep_description] PushQEl0AsyncHwEl | inputs: AsyncHwEl[0] | outputs: PostInferEl0AsyncHwEl(running in thread_id: 35421)
[2026-04-03 00:35:50.041] [35409] [HailoRT] [info] [pipeline.cpp:891] [print_deep_description] PostInferEl0AsyncHwEl | inputs: PushQEl0AsyncHwEl[0] | outputs: LastAsyncEl0PostInferEl0AsyncHwEl
[2026-04-03 00:35:50.041] [35409] [HailoRT] [info] [pipeline.cpp:891] [print_deep_description] LastAsyncEl0PostInferEl0AsyncHwEl | inputs: PostInferEl0AsyncHwEl[0] | outputs: user
[2026-04-03 00:35:50.041] [35409] [HailoRT] [info] [pipeline.cpp:891] [print_deep_description] PushQEl1AsyncHwEl | inputs: AsyncHwEl[0] | outputs: PostInferEl1AsyncHwEl(running in thread_id: 35422)
[2026-04-03 00:35:50.041] [35409] [HailoRT] [info] [pipeline.cpp:891] [print_deep_description] PostInferEl1AsyncHwEl | inputs: PushQEl1AsyncHwEl[0] | outputs: LastAsyncEl0PostInferEl1AsyncHwEl
[2026-04-03 00:35:50.041] [35409] [HailoRT] [info] [pipeline.cpp:891] [print_deep_description] LastAsyncEl0PostInferEl1AsyncHwEl | inputs: PostInferEl1AsyncHwEl[0] | outputs: user
[2026-04-03 00:35:50.041] [35409] [HailoRT] [info] [pipeline.cpp:891] [print_deep_description] PushQEl2AsyncHwEl | inputs: AsyncHwEl[0] | outputs: PostInferEl2AsyncHwEl(running in thread_id: 35423)
[2026-04-03 00:35:50.041] [35409] [HailoRT] [info] [pipeline.cpp:891] [print_deep_description] PostInferEl2AsyncHwEl | inputs: PushQEl2AsyncHwEl[0] | outputs: LastAsyncEl0PostInferEl2AsyncHwEl
[2026-04-03 00:35:50.041] [35409] [HailoRT] [info] [pipeline.cpp:891] [print_deep_description] LastAsyncEl0PostInferEl2AsyncHwEl | inputs: PostInferEl2AsyncHwEl[0] | outputs: user
[2026-04-03 00:35:50.041] [35409] [HailoRT] [info] [pipeline.cpp:891] [print_deep_description] PushQEl3AsyncHwEl | inputs: AsyncHwEl[0] | outputs: PostInferEl3AsyncHwEl(running in thread_id: 35418)
[2026-04-03 00:35:50.041] [35409] [HailoRT] [info] [pipeline.cpp:891] [print_deep_description] PostInferEl3AsyncHwEl | inputs: PushQEl3AsyncHwEl[0] | outputs: LastAsyncEl0PostInferEl3AsyncHwEl
[2026-04-03 00:35:50.041] [35409] [HailoRT] [info] [pipeline.cpp:891] [print_deep_description] LastAsyncEl0PostInferEl3AsyncHwEl | inputs: PostInferEl3AsyncHwEl[0] | outputs: user
[2026-04-03 00:35:50.041] [35409] [HailoRT] [info] [pipeline.cpp:891] [print_deep_description] PushQEl4AsyncHwEl | inputs: AsyncHwEl[0] | outputs: PostInferEl4AsyncHwEl(running in thread_id: 35419)
[2026-04-03 00:35:50.041] [35409] [HailoRT] [info] [pipeline.cpp:891] [print_deep_description] PostInferEl4AsyncHwEl | inputs: PushQEl4AsyncHwEl[0] | outputs: LastAsyncEl0PostInferEl4AsyncHwEl
[2026-04-03 00:35:50.041] [35409] [HailoRT] [info] [pipeline.cpp:891] [print_deep_description] LastAsyncEl0PostInferEl4AsyncHwEl | inputs: PostInferEl4AsyncHwEl[0] | outputs: user
[2026-04-03 00:35:50.041] [35409] [HailoRT] [info] [pipeline.cpp:891] [print_deep_description] PushQEl5AsyncHwEl | inputs: AsyncHwEl[0] | outputs: PostInferEl5AsyncHwEl(running in thread_id: 35420)
[2026-04-03 00:35:50.041] [35409] [HailoRT] [info] [pipeline.cpp:891] [print_deep_description] PostInferEl5AsyncHwEl | inputs: PushQEl5AsyncHwEl[0] | outputs: LastAsyncEl0PostInferEl5AsyncHwEl
[2026-04-03 00:35:50.041] [35409] [HailoRT] [info] [pipeline.cpp:891] [print_deep_description] LastAsyncEl0PostInferEl5AsyncHwEl | inputs: PostInferEl5AsyncHwEl[0] | outputs: user
[2026-04-03 00:35:50.041] [35409] [HailoRT] [info] [pipeline.cpp:891] [print_deep_description] PushQEl6AsyncHwEl | inputs: AsyncHwEl[0] | outputs: PostInferEl6AsyncHwEl(running in thread_id: 35426)
[2026-04-03 00:35:50.041] [35409] [HailoRT] [info] [pipeline.cpp:891] [print_deep_description] PostInferEl6AsyncHwEl | inputs: PushQEl6AsyncHwEl[0] | outputs: LastAsyncEl0PostInferEl6AsyncHwEl
[2026-04-03 00:35:50.041] [35409] [HailoRT] [info] [pipeline.cpp:891] [print_deep_description] LastAsyncEl0PostInferEl6AsyncHwEl | inputs: PostInferEl6AsyncHwEl[0] | outputs: user
[2026-04-03 00:35:50.041] [35409] [HailoRT] [info] [pipeline.cpp:891] [print_deep_description] PushQEl7AsyncHwEl | inputs: AsyncHwEl[0] | outputs: PostInferEl7AsyncHwEl(running in thread_id: 35424)
[2026-04-03 00:35:50.041] [35409] [HailoRT] [info] [pipeline.cpp:891] [print_deep_description] PostInferEl7AsyncHwEl | inputs: PushQEl7AsyncHwEl[0] | outputs: LastAsyncEl0PostInferEl7AsyncHwEl
[2026-04-03 00:35:50.041] [35409] [HailoRT] [info] [pipeline.cpp:891] [print_deep_description] LastAsyncEl0PostInferEl7AsyncHwEl | inputs: PostInferEl7AsyncHwEl[0] | outputs: user
[2026-04-03 00:35:50.041] [35409] [HailoRT] [info] [pipeline.cpp:891] [print_deep_description] PushQEl8AsyncHwEl | inputs: AsyncHwEl[0] | outputs: PostInferEl8AsyncHwEl(running in thread_id: 35425)
[2026-04-03 00:35:50.041] [35409] [HailoRT] [info] [pipeline.cpp:891] [print_deep_description] PostInferEl8AsyncHwEl | inputs: PushQEl8AsyncHwEl[0] | outputs: LastAsyncEl0PostInferEl8AsyncHwEl
[2026-04-03 00:35:50.041] [35409] [HailoRT] [info] [pipeline.cpp:891] [print_deep_description] LastAsyncEl0PostInferEl8AsyncHwEl | inputs: PostInferEl8AsyncHwEl[0] | outputs: user
[2026-04-03 00:35:52.181] [35409] [HailoRT] [info] [async_infer_runner.cpp:86] [shutdown] Pipeline was aborted. Shutting it down
[2026-04-03 00:35:52.181] [35409] [HailoRT] [info] [async_infer_runner.cpp:86] [shutdown] Pipeline was aborted. Shutting it down
[2026-04-03 00:35:52.181] [35409] [HailoRT] [info] [queue_elements.cpp:570] [execute_deactivate] enqueue() in element PushQEl0AsyncHwEl was aborted, got status = HAILO_SHUTDOWN_EVENT_SIGNALED(57)
[2026-04-03 00:35:52.181] [35409] [HailoRT] [info] [queue_elements.cpp:570] [execute_deactivate] enqueue() in element PushQEl1AsyncHwEl was aborted, got status = HAILO_SHUTDOWN_EVENT_SIGNALED(57)
[2026-04-03 00:35:52.181] [35409] [HailoRT] [info] [queue_elements.cpp:570] [execute_deactivate] enqueue() in element PushQEl2AsyncHwEl was aborted, got status = HAILO_SHUTDOWN_EVENT_SIGNALED(57)
[2026-04-03 00:35:52.181] [35409] [HailoRT] [info] [queue_elements.cpp:570] [execute_deactivate] enqueue() in element PushQEl3AsyncHwEl was aborted, got status = HAILO_SHUTDOWN_EVENT_SIGNALED(57)
[2026-04-03 00:35:52.181] [35409] [HailoRT] [info] [queue_elements.cpp:570] [execute_deactivate] enqueue() in element PushQEl4AsyncHwEl was aborted, got status = HAILO_SHUTDOWN_EVENT_SIGNALED(57)
[2026-04-03 00:35:52.181] [35409] [HailoRT] [info] [queue_elements.cpp:570] [execute_deactivate] enqueue() in element PushQEl5AsyncHwEl was aborted, got status = HAILO_SHUTDOWN_EVENT_SIGNALED(57)
[2026-04-03 00:35:52.181] [35409] [HailoRT] [info] [queue_elements.cpp:570] [execute_deactivate] enqueue() in element PushQEl6AsyncHwEl was aborted, got status = HAILO_SHUTDOWN_EVENT_SIGNALED(57)
[2026-04-03 00:35:52.181] [35409] [HailoRT] [info] [queue_elements.cpp:570] [execute_deactivate] enqueue() in element PushQEl7AsyncHwEl was aborted, got status = HAILO_SHUTDOWN_EVENT_SIGNALED(57)
[2026-04-03 00:35:52.181] [35409] [HailoRT] [info] [queue_elements.cpp:570] [execute_deactivate] enqueue() in element PushQEl8AsyncHwEl was aborted, got status = HAILO_SHUTDOWN_EVENT_SIGNALED(57)
[2026-04-03 00:35:52.181] [35409] [HailoRT] [info] [queue_elements.cpp:570] [execute_deactivate] enqueue() in element EntryPushQEl0yolov8s_pose/input_layer1 was aborted, got status = HAILO_SHUTDOWN_EVENT_SIGNALED(57)
[2026-04-03 00:35:52.181] [35409] [HailoRT] [info] [queue_elements.cpp:46] [~BaseQueueElement] Queue element EntryPushQEl0yolov8s_pose/input_layer1 has 0 frames in his Queue on destruction
[2026-04-03 00:35:52.181] [35409] [HailoRT] [info] [queue_elements.cpp:46] [~BaseQueueElement] Queue element PushQEl3AsyncHwEl has 0 frames in his Queue on destruction
[2026-04-03 00:35:52.181] [35409] [HailoRT] [info] [queue_elements.cpp:46] [~BaseQueueElement] Queue element PushQEl4AsyncHwEl has 0 frames in his Queue on destruction
[2026-04-03 00:35:52.182] [35409] [HailoRT] [info] [queue_elements.cpp:46] [~BaseQueueElement] Queue element PushQEl5AsyncHwEl has 0 frames in his Queue on destruction
[2026-04-03 00:35:52.182] [35409] [HailoRT] [info] [queue_elements.cpp:46] [~BaseQueueElement] Queue element PushQEl0AsyncHwEl has 0 frames in his Queue on destruction
[2026-04-03 00:35:52.182] [35409] [HailoRT] [info] [queue_elements.cpp:46] [~BaseQueueElement] Queue element PushQEl1AsyncHwEl has 0 frames in his Queue on destruction
[2026-04-03 00:35:52.182] [35409] [HailoRT] [info] [queue_elements.cpp:46] [~BaseQueueElement] Queue element PushQEl2AsyncHwEl has 0 frames in his Queue on destruction
[2026-04-03 00:35:52.182] [35409] [HailoRT] [info] [queue_elements.cpp:46] [~BaseQueueElement] Queue element PushQEl7AsyncHwEl has 0 frames in his Queue on destruction
[2026-04-03 00:35:52.182] [35409] [HailoRT] [info] [queue_elements.cpp:46] [~BaseQueueElement] Queue element PushQEl8AsyncHwEl has 0 frames in his Queue on destruction
[2026-04-03 00:35:52.182] [35409] [HailoRT] [info] [queue_elements.cpp:46] [~BaseQueueElement] Queue element PushQEl6AsyncHwEl has 0 frames in his Queue on destruction
[2026-04-03 00:36:31.239] [35546] [HailoRT] [info] [vdevice.cpp:523] [create] Creating vdevice with params: device_count: 1, scheduling_algorithm: ROUND_ROBIN, multi_process_service: false
[2026-04-03 00:36:31.251] [35546] [HailoRT] [info] [device.cpp:49] [Device] OS Version: Linux 6.12.62+rpt-rpi-2712 #1 SMP PREEMPT Debian 1:6.12.62-1+rpt1~bookworm (2026-01-19) aarch64
[2026-04-03 00:36:31.252] [35546] [HailoRT] [info] [control.cpp:108] [control__parse_identify_results] firmware_version is: 4.20.0
[2026-04-03 00:36:31.252] [35546] [HailoRT] [info] [vdevice.cpp:651] [create] VDevice Infos: 0001:01:00.0
[2026-04-03 00:36:31.356] [35546] [HailoRT] [info] [hef.cpp:1929] [get_network_group_and_network_name] No name was given. Addressing all networks of default network_group: yolov8s_pose
[2026-04-03 00:36:31.356] [35546] [HailoRT] [info] [hef.cpp:1929] [get_network_group_and_network_name] No name was given. Addressing all networks of default network_group: yolov8s_pose
[2026-04-03 00:36:31.356] [35546] [HailoRT] [info] [hef.cpp:1929] [get_network_group_and_network_name] No name was given. Addressing all networks of default network_group: yolov8s_pose
[2026-04-03 00:36:31.357] [35546] [HailoRT] [info] [hef.cpp:1929] [get_network_group_and_network_name] No name was given. Addressing all networks of default network_group: yolov8s_pose
[2026-04-03 00:36:31.357] [35546] [HailoRT] [info] [hef.cpp:1929] [get_network_group_and_network_name] No name was given. Addressing all networks of default network_group: yolov8s_pose
[2026-04-03 00:36:31.357] [35546] [HailoRT] [warning] [device_internal.cpp:616] [check_hef_is_compatible] HEF was compiled for Hailo8L device, while the device itself is Hailo8. This will result in lower performance.
[2026-04-03 00:36:31.357] [35546] [HailoRT] [warning] [device_internal.cpp:616] [check_hef_is_compatible] HEF was compiled for Hailo8L device, while the device itself is Hailo8. This will result in lower performance.
[2026-04-03 00:36:31.363] [35546] [HailoRT] [info] [internal_buffer_manager.cpp:204] [print_execution_results] Planned internal buffer memory: CMA memory 0, user memory 3321344. memory to edge layer usage factor is 0.93083656
[2026-04-03 00:36:31.363] [35546] [HailoRT] [info] [internal_buffer_manager.cpp:212] [print_execution_results] Default Internal buffer planner executed successfully
[2026-04-03 00:36:31.392] [35546] [HailoRT] [info] [device_internal.cpp:57] [configure] Configuring HEF took 35.161262 milliseconds
[2026-04-03 00:36:31.392] [35546] [HailoRT] [info] [vdevice.cpp:749] [configure] Configuring HEF on VDevice took 35.73904 milliseconds
[2026-04-03 00:36:31.392] [35546] [HailoRT] [info] [infer_model.cpp:436] [configure] Configuring network group 'yolov8s_pose' with params: batch size: 1, power mode: PERFORMANCE, latency: NONE
[2026-04-03 00:36:31.393] [35546] [HailoRT] [info] [multi_io_elements.cpp:756] [create] Created (AsyncHwEl)
[2026-04-03 00:36:31.393] [35546] [HailoRT] [info] [queue_elements.cpp:450] [create] Created (EntryPushQEl0yolov8s_pose/input_layer1 | timeout: 10s)
[2026-04-03 00:36:31.393] [35546] [HailoRT] [info] [queue_elements.cpp:450] [create] Created (PushQEl3AsyncHwEl | timeout: 10s)
[2026-04-03 00:36:31.393] [35546] [HailoRT] [info] [filter_elements.cpp:375] [create] Created (PostInferEl3AsyncHwEl | Quantization - src_type: UINT8, dst_type FLOAT32, limvals_min: -6.02712, limvals_max: 11.844)
[2026-04-03 00:36:31.393] [35546] [HailoRT] [info] [edge_elements.cpp:187] [create] Created (LastAsyncEl0PostInferEl3AsyncHwEl)
[2026-04-03 00:36:31.393] [35546] [HailoRT] [info] [queue_elements.cpp:450] [create] Created (PushQEl4AsyncHwEl | timeout: 10s)
[2026-04-03 00:36:31.393] [35546] [HailoRT] [info] [filter_elements.cpp:375] [create] Created (PostInferEl4AsyncHwEl | Quantization - src_type: UINT8, dst_type FLOAT32, limvals_min: -9.25656, limvals_max: 9.32945 | Reorder - src_order: FCR, src_shape: (20, 20, 56), dst_order: FCR, dst_shape: (20, 20, 51))
[2026-04-03 00:36:31.393] [35546] [HailoRT] [info] [edge_elements.cpp:187] [create] Created (LastAsyncEl0PostInferEl4AsyncHwEl)
[2026-04-03 00:36:31.393] [35546] [HailoRT] [info] [queue_elements.cpp:450] [create] Created (PushQEl5AsyncHwEl | timeout: 10s)
[2026-04-03 00:36:31.393] [35546] [HailoRT] [info] [filter_elements.cpp:375] [create] Created (PostInferEl5AsyncHwEl | Quantization - src_type: UINT8, dst_type FLOAT32, limvals_min: -5.14938, limvals_max: 13.8809)
[2026-04-03 00:36:31.393] [35546] [HailoRT] [info] [edge_elements.cpp:187] [create] Created (LastAsyncEl0PostInferEl5AsyncHwEl)
[2026-04-03 00:36:31.394] [35546] [HailoRT] [info] [queue_elements.cpp:450] [create] Created (PushQEl0AsyncHwEl | timeout: 10s)
[2026-04-03 00:36:31.394] [35546] [HailoRT] [info] [filter_elements.cpp:375] [create] Created (PostInferEl0AsyncHwEl | Quantization - src_type: UINT8, dst_type FLOAT32, limvals_min: 0, limvals_max: 0.927867)
[2026-04-03 00:36:31.394] [35546] [HailoRT] [info] [edge_elements.cpp:187] [create] Created (LastAsyncEl0PostInferEl0AsyncHwEl)
[2026-04-03 00:36:31.394] [35546] [HailoRT] [info] [queue_elements.cpp:450] [create] Created (PushQEl1AsyncHwEl | timeout: 10s)
[2026-04-03 00:36:31.394] [35546] [HailoRT] [info] [filter_elements.cpp:375] [create] Created (PostInferEl1AsyncHwEl | Quantization - src_type: UINT8, dst_type FLOAT32, limvals_min: -5.39702, limvals_max: 12.7114)
[2026-04-03 00:36:31.394] [35546] [HailoRT] [info] [edge_elements.cpp:187] [create] Created (LastAsyncEl0PostInferEl1AsyncHwEl)
[2026-04-03 00:36:31.394] [35546] [HailoRT] [info] [queue_elements.cpp:450] [create] Created (PushQEl2AsyncHwEl | timeout: 10s)
[2026-04-03 00:36:31.394] [35546] [HailoRT] [info] [filter_elements.cpp:375] [create] Created (PostInferEl2AsyncHwEl | Quantization - src_type: UINT8, dst_type FLOAT32, limvals_min: 0, limvals_max: 0.820417)
[2026-04-03 00:36:31.394] [35546] [HailoRT] [info] [edge_elements.cpp:187] [create] Created (LastAsyncEl0PostInferEl2AsyncHwEl)
[2026-04-03 00:36:31.394] [35546] [HailoRT] [info] [queue_elements.cpp:450] [create] Created (PushQEl7AsyncHwEl | timeout: 10s)
[2026-04-03 00:36:31.394] [35546] [HailoRT] [info] [filter_elements.cpp:375] [create] Created (PostInferEl7AsyncHwEl | Quantization - src_type: UINT8, dst_type FLOAT32, limvals_min: -11.0503, limvals_max: 6.78402 | Reorder - src_order: FCR, src_shape: (40, 40, 56), dst_order: FCR, dst_shape: (40, 40, 51))
[2026-04-03 00:36:31.394] [35546] [HailoRT] [info] [edge_elements.cpp:187] [create] Created (LastAsyncEl0PostInferEl7AsyncHwEl)
[2026-04-03 00:36:31.394] [35546] [HailoRT] [info] [queue_elements.cpp:450] [create] Created (PushQEl8AsyncHwEl | timeout: 10s)
[2026-04-03 00:36:31.394] [35546] [HailoRT] [info] [filter_elements.cpp:375] [create] Created (PostInferEl8AsyncHwEl | Quantization - src_type: UINT8, dst_type FLOAT32, limvals_min: 0, limvals_max: 0.617845)
[2026-04-03 00:36:31.394] [35546] [HailoRT] [info] [edge_elements.cpp:187] [create] Created (LastAsyncEl0PostInferEl8AsyncHwEl)
[2026-04-03 00:36:31.394] [35546] [HailoRT] [info] [queue_elements.cpp:450] [create] Created (PushQEl6AsyncHwEl | timeout: 10s)
[2026-04-03 00:36:31.394] [35546] [HailoRT] [info] [filter_elements.cpp:375] [create] Created (PostInferEl6AsyncHwEl | Quantization - src_type: UINT8, dst_type FLOAT32, limvals_min: -7.42123, limvals_max: 5.81243 | Reorder - src_order: FCR, src_shape: (80, 80, 56), dst_order: FCR, dst_shape: (80, 80, 51))
[2026-04-03 00:36:31.394] [35546] [HailoRT] [info] [edge_elements.cpp:187] [create] Created (LastAsyncEl0PostInferEl6AsyncHwEl)
[2026-04-03 00:36:31.394] [35546] [HailoRT] [info] [pipeline.cpp:891] [print_deep_description] EntryPushQEl0yolov8s_pose/input_layer1 | inputs: user | outputs: AsyncHwEl(running in thread_id: 35554)
[2026-04-03 00:36:31.394] [35546] [HailoRT] [info] [pipeline.cpp:891] [print_deep_description] AsyncHwEl | inputs: EntryPushQEl0yolov8s_pose/input_layer1[0] | outputs: PushQEl0AsyncHwEl PushQEl1AsyncHwEl PushQEl2AsyncHwEl PushQEl3AsyncHwEl PushQEl4AsyncHwEl PushQEl5AsyncHwEl PushQEl6AsyncHwEl PushQEl7AsyncHwEl PushQEl8AsyncHwEl
[2026-04-03 00:36:31.394] [35546] [HailoRT] [info] [pipeline.cpp:891] [print_deep_description] PushQEl0AsyncHwEl | inputs: AsyncHwEl[0] | outputs: PostInferEl0AsyncHwEl(running in thread_id: 35558)
[2026-04-03 00:36:31.394] [35546] [HailoRT] [info] [pipeline.cpp:891] [print_deep_description] PostInferEl0AsyncHwEl | inputs: PushQEl0AsyncHwEl[0] | outputs: LastAsyncEl0PostInferEl0AsyncHwEl
[2026-04-03 00:36:31.394] [35546] [HailoRT] [info] [pipeline.cpp:891] [print_deep_description] LastAsyncEl0PostInferEl0AsyncHwEl | inputs: PostInferEl0AsyncHwEl[0] | outputs: user
[2026-04-03 00:36:31.394] [35546] [HailoRT] [info] [pipeline.cpp:891] [print_deep_description] PushQEl1AsyncHwEl | inputs: AsyncHwEl[0] | outputs: PostInferEl1AsyncHwEl(running in thread_id: 35559)
[2026-04-03 00:36:31.394] [35546] [HailoRT] [info] [pipeline.cpp:891] [print_deep_description] PostInferEl1AsyncHwEl | inputs: PushQEl1AsyncHwEl[0] | outputs: LastAsyncEl0PostInferEl1AsyncHwEl
[2026-04-03 00:36:31.394] [35546] [HailoRT] [info] [pipeline.cpp:891] [print_deep_description] LastAsyncEl0PostInferEl1AsyncHwEl | inputs: PostInferEl1AsyncHwEl[0] | outputs: user
[2026-04-03 00:36:31.394] [35546] [HailoRT] [info] [pipeline.cpp:891] [print_deep_description] PushQEl2AsyncHwEl | inputs: AsyncHwEl[0] | outputs: PostInferEl2AsyncHwEl(running in thread_id: 35560)
[2026-04-03 00:36:31.394] [35546] [HailoRT] [info] [pipeline.cpp:891] [print_deep_description] PostInferEl2AsyncHwEl | inputs: PushQEl2AsyncHwEl[0] | outputs: LastAsyncEl0PostInferEl2AsyncHwEl
[2026-04-03 00:36:31.394] [35546] [HailoRT] [info] [pipeline.cpp:891] [print_deep_description] LastAsyncEl0PostInferEl2AsyncHwEl | inputs: PostInferEl2AsyncHwEl[0] | outputs: user
[2026-04-03 00:36:31.394] [35546] [HailoRT] [info] [pipeline.cpp:891] [print_deep_description] PushQEl3AsyncHwEl | inputs: AsyncHwEl[0] | outputs: PostInferEl3AsyncHwEl(running in thread_id: 35555)
[2026-04-03 00:36:31.394] [35546] [HailoRT] [info] [pipeline.cpp:891] [print_deep_description] PostInferEl3AsyncHwEl | inputs: PushQEl3AsyncHwEl[0] | outputs: LastAsyncEl0PostInferEl3AsyncHwEl
[2026-04-03 00:36:31.394] [35546] [HailoRT] [info] [pipeline.cpp:891] [print_deep_description] LastAsyncEl0PostInferEl3AsyncHwEl | inputs: PostInferEl3AsyncHwEl[0] | outputs: user
[2026-04-03 00:36:31.394] [35546] [HailoRT] [info] [pipeline.cpp:891] [print_deep_description] PushQEl4AsyncHwEl | inputs: AsyncHwEl[0] | outputs: PostInferEl4AsyncHwEl(running in thread_id: 35556)
[2026-04-03 00:36:31.394] [35546] [HailoRT] [info] [pipeline.cpp:891] [print_deep_description] PostInferEl4AsyncHwEl | inputs: PushQEl4AsyncHwEl[0] | outputs: LastAsyncEl0PostInferEl4AsyncHwEl
[2026-04-03 00:36:31.394] [35546] [HailoRT] [info] [pipeline.cpp:891] [print_deep_description] LastAsyncEl0PostInferEl4AsyncHwEl | inputs: PostInferEl4AsyncHwEl[0] | outputs: user
[2026-04-03 00:36:31.394] [35546] [HailoRT] [info] [pipeline.cpp:891] [print_deep_description] PushQEl5AsyncHwEl | inputs: AsyncHwEl[0] | outputs: PostInferEl5AsyncHwEl(running in thread_id: 35557)
[2026-04-03 00:36:31.395] [35546] [HailoRT] [info] [pipeline.cpp:891] [print_deep_description] PostInferEl5AsyncHwEl | inputs: PushQEl5AsyncHwEl[0] | outputs: LastAsyncEl0PostInferEl5AsyncHwEl
[2026-04-03 00:36:31.395] [35546] [HailoRT] [info] [pipeline.cpp:891] [print_deep_description] LastAsyncEl0PostInferEl5AsyncHwEl | inputs: PostInferEl5AsyncHwEl[0] | outputs: user
[2026-04-03 00:36:31.395] [35546] [HailoRT] [info] [pipeline.cpp:891] [print_deep_description] PushQEl6AsyncHwEl | inputs: AsyncHwEl[0] | outputs: PostInferEl6AsyncHwEl(running in thread_id: 35563)
[2026-04-03 00:36:31.395] [35546] [HailoRT] [info] [pipeline.cpp:891] [print_deep_description] PostInferEl6AsyncHwEl | inputs: PushQEl6AsyncHwEl[0] | outputs: LastAsyncEl0PostInferEl6AsyncHwEl
[2026-04-03 00:36:31.395] [35546] [HailoRT] [info] [pipeline.cpp:891] [print_deep_description] LastAsyncEl0PostInferEl6AsyncHwEl | inputs: PostInferEl6AsyncHwEl[0] | outputs: user
[2026-04-03 00:36:31.395] [35546] [HailoRT] [info] [pipeline.cpp:891] [print_deep_description] PushQEl7AsyncHwEl | inputs: AsyncHwEl[0] | outputs: PostInferEl7AsyncHwEl(running in thread_id: 35561)
[2026-04-03 00:36:31.395] [35546] [HailoRT] [info] [pipeline.cpp:891] [print_deep_description] PostInferEl7AsyncHwEl | inputs: PushQEl7AsyncHwEl[0] | outputs: LastAsyncEl0PostInferEl7AsyncHwEl
[2026-04-03 00:36:31.395] [35546] [HailoRT] [info] [pipeline.cpp:891] [print_deep_description] LastAsyncEl0PostInferEl7AsyncHwEl | inputs: PostInferEl7AsyncHwEl[0] | outputs: user
[2026-04-03 00:36:31.395] [35546] [HailoRT] [info] [pipeline.cpp:891] [print_deep_description] PushQEl8AsyncHwEl | inputs: AsyncHwEl[0] | outputs: PostInferEl8AsyncHwEl(running in thread_id: 35562)
[2026-04-03 00:36:31.395] [35546] [HailoRT] [info] [pipeline.cpp:891] [print_deep_description] PostInferEl8AsyncHwEl | inputs: PushQEl8AsyncHwEl[0] | outputs: LastAsyncEl0PostInferEl8AsyncHwEl
[2026-04-03 00:36:31.395] [35546] [HailoRT] [info] [pipeline.cpp:891] [print_deep_description] LastAsyncEl0PostInferEl8AsyncHwEl | inputs: PostInferEl8AsyncHwEl[0] | outputs: user
[2026-04-03 00:36:33.726] [35546] [HailoRT] [info] [async_infer_runner.cpp:86] [shutdown] Pipeline was aborted. Shutting it down
[2026-04-03 00:36:33.726] [35546] [HailoRT] [info] [async_infer_runner.cpp:86] [shutdown] Pipeline was aborted. Shutting it down
[2026-04-03 00:36:33.726] [35546] [HailoRT] [info] [queue_elements.cpp:570] [execute_deactivate] enqueue() in element PushQEl0AsyncHwEl was aborted, got status = HAILO_SHUTDOWN_EVENT_SIGNALED(57)
[2026-04-03 00:36:33.726] [35546] [HailoRT] [info] [queue_elements.cpp:570] [execute_deactivate] enqueue() in element PushQEl1AsyncHwEl was aborted, got status = HAILO_SHUTDOWN_EVENT_SIGNALED(57)
[2026-04-03 00:36:33.726] [35546] [HailoRT] [info] [queue_elements.cpp:570] [execute_deactivate] enqueue() in element PushQEl2AsyncHwEl was aborted, got status = HAILO_SHUTDOWN_EVENT_SIGNALED(57)
[2026-04-03 00:36:33.726] [35546] [HailoRT] [info] [queue_elements.cpp:570] [execute_deactivate] enqueue() in element PushQEl3AsyncHwEl was aborted, got status = HAILO_SHUTDOWN_EVENT_SIGNALED(57)
[2026-04-03 00:36:33.726] [35546] [HailoRT] [info] [queue_elements.cpp:570] [execute_deactivate] enqueue() in element PushQEl4AsyncHwEl was aborted, got status = HAILO_SHUTDOWN_EVENT_SIGNALED(57)
[2026-04-03 00:36:33.726] [35546] [HailoRT] [info] [queue_elements.cpp:570] [execute_deactivate] enqueue() in element PushQEl5AsyncHwEl was aborted, got status = HAILO_SHUTDOWN_EVENT_SIGNALED(57)
[2026-04-03 00:36:33.726] [35546] [HailoRT] [info] [queue_elements.cpp:570] [execute_deactivate] enqueue() in element PushQEl6AsyncHwEl was aborted, got status = HAILO_SHUTDOWN_EVENT_SIGNALED(57)
[2026-04-03 00:36:33.726] [35546] [HailoRT] [info] [queue_elements.cpp:570] [execute_deactivate] enqueue() in element PushQEl7AsyncHwEl was aborted, got status = HAILO_SHUTDOWN_EVENT_SIGNALED(57)
[2026-04-03 00:36:33.726] [35546] [HailoRT] [info] [queue_elements.cpp:570] [execute_deactivate] enqueue() in element PushQEl8AsyncHwEl was aborted, got status = HAILO_SHUTDOWN_EVENT_SIGNALED(57)
[2026-04-03 00:36:33.726] [35546] [HailoRT] [info] [queue_elements.cpp:570] [execute_deactivate] enqueue() in element EntryPushQEl0yolov8s_pose/input_layer1 was aborted, got status = HAILO_SHUTDOWN_EVENT_SIGNALED(57)
[2026-04-03 00:36:33.726] [35546] [HailoRT] [info] [queue_elements.cpp:46] [~BaseQueueElement] Queue element EntryPushQEl0yolov8s_pose/input_layer1 has 0 frames in his Queue on destruction
[2026-04-03 00:36:33.726] [35546] [HailoRT] [info] [queue_elements.cpp:46] [~BaseQueueElement] Queue element PushQEl3AsyncHwEl has 0 frames in his Queue on destruction
[2026-04-03 00:36:33.726] [35546] [HailoRT] [info] [queue_elements.cpp:46] [~BaseQueueElement] Queue element PushQEl4AsyncHwEl has 0 frames in his Queue on destruction
[2026-04-03 00:36:33.726] [35546] [HailoRT] [info] [queue_elements.cpp:46] [~BaseQueueElement] Queue element PushQEl5AsyncHwEl has 0 frames in his Queue on destruction
[2026-04-03 00:36:33.726] [35546] [HailoRT] [info] [queue_elements.cpp:46] [~BaseQueueElement] Queue element PushQEl0AsyncHwEl has 0 frames in his Queue on destruction
[2026-04-03 00:36:33.726] [35546] [HailoRT] [info] [queue_elements.cpp:46] [~BaseQueueElement] Queue element PushQEl1AsyncHwEl has 0 frames in his Queue on destruction
[2026-04-03 00:36:33.726] [35546] [HailoRT] [info] [queue_elements.cpp:46] [~BaseQueueElement] Queue element PushQEl2AsyncHwEl has 0 frames in his Queue on destruction
[2026-04-03 00:36:33.726] [35546] [HailoRT] [info] [queue_elements.cpp:46] [~BaseQueueElement] Queue element PushQEl7AsyncHwEl has 0 frames in his Queue on destruction
[2026-04-03 00:36:33.727] [35546] [HailoRT] [info] [queue_elements.cpp:46] [~BaseQueueElement] Queue element PushQEl8AsyncHwEl has 0 frames in his Queue on destruction
[2026-04-03 00:36:33.727] [35546] [HailoRT] [info] [queue_elements.cpp:46] [~BaseQueueElement] Queue element PushQEl6AsyncHwEl has 0 frames in his Queue on destruction
[2026-04-03 00:39:26.117] [35724] [HailoRT] [info] [vdevice.cpp:523] [create] Creating vdevice with params: device_count: 1, scheduling_algorithm: ROUND_ROBIN, multi_process_service: false
[2026-04-03 00:39:26.129] [35724] [HailoRT] [info] [device.cpp:49] [Device] OS Version: Linux 6.12.62+rpt-rpi-2712 #1 SMP PREEMPT Debian 1:6.12.62-1+rpt1~bookworm (2026-01-19) aarch64
[2026-04-03 00:39:26.131] [35724] [HailoRT] [info] [control.cpp:108] [control__parse_identify_results] firmware_version is: 4.20.0
[2026-04-03 00:39:26.131] [35724] [HailoRT] [info] [vdevice.cpp:651] [create] VDevice Infos: 0001:01:00.0
[2026-04-03 00:39:26.236] [35724] [HailoRT] [info] [hef.cpp:1929] [get_network_group_and_network_name] No name was given. Addressing all networks of default network_group: yolov8s_pose
[2026-04-03 00:39:26.236] [35724] [HailoRT] [info] [hef.cpp:1929] [get_network_group_and_network_name] No name was given. Addressing all networks of default network_group: yolov8s_pose
[2026-04-03 00:39:26.237] [35724] [HailoRT] [info] [hef.cpp:1929] [get_network_group_and_network_name] No name was given. Addressing all networks of default network_group: yolov8s_pose
[2026-04-03 00:39:26.237] [35724] [HailoRT] [info] [hef.cpp:1929] [get_network_group_and_network_name] No name was given. Addressing all networks of default network_group: yolov8s_pose
[2026-04-03 00:39:26.237] [35724] [HailoRT] [info] [hef.cpp:1929] [get_network_group_and_network_name] No name was given. Addressing all networks of default network_group: yolov8s_pose
[2026-04-03 00:39:26.237] [35724] [HailoRT] [warning] [device_internal.cpp:616] [check_hef_is_compatible] HEF was compiled for Hailo8L device, while the device itself is Hailo8. This will result in lower performance.
[2026-04-03 00:39:26.238] [35724] [HailoRT] [warning] [device_internal.cpp:616] [check_hef_is_compatible] HEF was compiled for Hailo8L device, while the device itself is Hailo8. This will result in lower performance.
[2026-04-03 00:39:26.245] [35724] [HailoRT] [info] [internal_buffer_manager.cpp:204] [print_execution_results] Planned internal buffer memory: CMA memory 0, user memory 3321344. memory to edge layer usage factor is 0.93083656
[2026-04-03 00:39:26.245] [35724] [HailoRT] [info] [internal_buffer_manager.cpp:212] [print_execution_results] Default Internal buffer planner executed successfully
[2026-04-03 00:39:26.270] [35724] [HailoRT] [info] [device_internal.cpp:57] [configure] Configuring HEF took 32.929098 milliseconds
[2026-04-03 00:39:26.271] [35724] [HailoRT] [info] [vdevice.cpp:749] [configure] Configuring HEF on VDevice took 33.652691 milliseconds
[2026-04-03 00:39:26.271] [35724] [HailoRT] [info] [infer_model.cpp:436] [configure] Configuring network group 'yolov8s_pose' with params: batch size: 1, power mode: PERFORMANCE, latency: NONE
[2026-04-03 00:39:26.271] [35724] [HailoRT] [info] [multi_io_elements.cpp:756] [create] Created (AsyncHwEl)
[2026-04-03 00:39:26.271] [35724] [HailoRT] [info] [queue_elements.cpp:450] [create] Created (EntryPushQEl0yolov8s_pose/input_layer1 | timeout: 10s)
[2026-04-03 00:39:26.271] [35724] [HailoRT] [info] [queue_elements.cpp:450] [create] Created (PushQEl3AsyncHwEl | timeout: 10s)
[2026-04-03 00:39:26.271] [35724] [HailoRT] [info] [filter_elements.cpp:375] [create] Created (PostInferEl3AsyncHwEl | Quantization - src_type: UINT8, dst_type FLOAT32, limvals_min: -6.02712, limvals_max: 11.844)
[2026-04-03 00:39:26.271] [35724] [HailoRT] [info] [edge_elements.cpp:187] [create] Created (LastAsyncEl0PostInferEl3AsyncHwEl)
[2026-04-03 00:39:26.271] [35724] [HailoRT] [info] [queue_elements.cpp:450] [create] Created (PushQEl4AsyncHwEl | timeout: 10s)
[2026-04-03 00:39:26.271] [35724] [HailoRT] [info] [filter_elements.cpp:375] [create] Created (PostInferEl4AsyncHwEl | Quantization - src_type: UINT8, dst_type FLOAT32, limvals_min: -9.25656, limvals_max: 9.32945 | Reorder - src_order: FCR, src_shape: (20, 20, 56), dst_order: FCR, dst_shape: (20, 20, 51))
[2026-04-03 00:39:26.271] [35724] [HailoRT] [info] [edge_elements.cpp:187] [create] Created (LastAsyncEl0PostInferEl4AsyncHwEl)
[2026-04-03 00:39:26.271] [35724] [HailoRT] [info] [queue_elements.cpp:450] [create] Created (PushQEl5AsyncHwEl | timeout: 10s)
[2026-04-03 00:39:26.271] [35724] [HailoRT] [info] [filter_elements.cpp:375] [create] Created (PostInferEl5AsyncHwEl | Quantization - src_type: UINT8, dst_type FLOAT32, limvals_min: -5.14938, limvals_max: 13.8809)
[2026-04-03 00:39:26.271] [35724] [HailoRT] [info] [edge_elements.cpp:187] [create] Created (LastAsyncEl0PostInferEl5AsyncHwEl)
[2026-04-03 00:39:26.274] [35724] [HailoRT] [info] [queue_elements.cpp:450] [create] Created (PushQEl0AsyncHwEl | timeout: 10s)
[2026-04-03 00:39:26.274] [35724] [HailoRT] [info] [filter_elements.cpp:375] [create] Created (PostInferEl0AsyncHwEl | Quantization - src_type: UINT8, dst_type FLOAT32, limvals_min: 0, limvals_max: 0.927867)
[2026-04-03 00:39:26.274] [35724] [HailoRT] [info] [edge_elements.cpp:187] [create] Created (LastAsyncEl0PostInferEl0AsyncHwEl)
[2026-04-03 00:39:26.274] [35724] [HailoRT] [info] [queue_elements.cpp:450] [create] Created (PushQEl1AsyncHwEl | timeout: 10s)
[2026-04-03 00:39:26.274] [35724] [HailoRT] [info] [filter_elements.cpp:375] [create] Created (PostInferEl1AsyncHwEl | Quantization - src_type: UINT8, dst_type FLOAT32, limvals_min: -5.39702, limvals_max: 12.7114)
[2026-04-03 00:39:26.274] [35724] [HailoRT] [info] [edge_elements.cpp:187] [create] Created (LastAsyncEl0PostInferEl1AsyncHwEl)
[2026-04-03 00:39:26.274] [35724] [HailoRT] [info] [queue_elements.cpp:450] [create] Created (PushQEl2AsyncHwEl | timeout: 10s)
[2026-04-03 00:39:26.274] [35724] [HailoRT] [info] [filter_elements.cpp:375] [create] Created (PostInferEl2AsyncHwEl | Quantization - src_type: UINT8, dst_type FLOAT32, limvals_min: 0, limvals_max: 0.820417)
[2026-04-03 00:39:26.274] [35724] [HailoRT] [info] [edge_elements.cpp:187] [create] Created (LastAsyncEl0PostInferEl2AsyncHwEl)
[2026-04-03 00:39:26.274] [35724] [HailoRT] [info] [queue_elements.cpp:450] [create] Created (PushQEl7AsyncHwEl | timeout: 10s)
[2026-04-03 00:39:26.275] [35724] [HailoRT] [info] [filter_elements.cpp:375] [create] Created (PostInferEl7AsyncHwEl | Quantization - src_type: UINT8, dst_type FLOAT32, limvals_min: -11.0503, limvals_max: 6.78402 | Reorder - src_order: FCR, src_shape: (40, 40, 56), dst_order: FCR, dst_shape: (40, 40, 51))
[2026-04-03 00:39:26.275] [35724] [HailoRT] [info] [edge_elements.cpp:187] [create] Created (LastAsyncEl0PostInferEl7AsyncHwEl)
[2026-04-03 00:39:26.275] [35724] [HailoRT] [info] [queue_elements.cpp:450] [create] Created (PushQEl8AsyncHwEl | timeout: 10s)
[2026-04-03 00:39:26.275] [35724] [HailoRT] [info] [filter_elements.cpp:375] [create] Created (PostInferEl8AsyncHwEl | Quantization - src_type: UINT8, dst_type FLOAT32, limvals_min: 0, limvals_max: 0.617845)
[2026-04-03 00:39:26.275] [35724] [HailoRT] [info] [edge_elements.cpp:187] [create] Created (LastAsyncEl0PostInferEl8AsyncHwEl)
[2026-04-03 00:39:26.275] [35724] [HailoRT] [info] [queue_elements.cpp:450] [create] Created (PushQEl6AsyncHwEl | timeout: 10s)
[2026-04-03 00:39:26.275] [35724] [HailoRT] [info] [filter_elements.cpp:375] [create] Created (PostInferEl6AsyncHwEl | Quantization - src_type: UINT8, dst_type FLOAT32, limvals_min: -7.42123, limvals_max: 5.81243 | Reorder - src_order: FCR, src_shape: (80, 80, 56), dst_order: FCR, dst_shape: (80, 80, 51))
[2026-04-03 00:39:26.275] [35724] [HailoRT] [info] [edge_elements.cpp:187] [create] Created (LastAsyncEl0PostInferEl6AsyncHwEl)
[2026-04-03 00:39:26.275] [35724] [HailoRT] [info] [pipeline.cpp:891] [print_deep_description] EntryPushQEl0yolov8s_pose/input_layer1 | inputs: user | outputs: AsyncHwEl(running in thread_id: 35735)
[2026-04-03 00:39:26.275] [35724] [HailoRT] [info] [pipeline.cpp:891] [print_deep_description] AsyncHwEl | inputs: EntryPushQEl0yolov8s_pose/input_layer1[0] | outputs: PushQEl0AsyncHwEl PushQEl1AsyncHwEl PushQEl2AsyncHwEl PushQEl3AsyncHwEl PushQEl4AsyncHwEl PushQEl5AsyncHwEl PushQEl6AsyncHwEl PushQEl7AsyncHwEl PushQEl8AsyncHwEl
[2026-04-03 00:39:26.275] [35724] [HailoRT] [info] [pipeline.cpp:891] [print_deep_description] PushQEl0AsyncHwEl | inputs: AsyncHwEl[0] | outputs: PostInferEl0AsyncHwEl(running in thread_id: 35739)
[2026-04-03 00:39:26.275] [35724] [HailoRT] [info] [pipeline.cpp:891] [print_deep_description] PostInferEl0AsyncHwEl | inputs: PushQEl0AsyncHwEl[0] | outputs: LastAsyncEl0PostInferEl0AsyncHwEl
[2026-04-03 00:39:26.275] [35724] [HailoRT] [info] [pipeline.cpp:891] [print_deep_description] LastAsyncEl0PostInferEl0AsyncHwEl | inputs: PostInferEl0AsyncHwEl[0] | outputs: user
[2026-04-03 00:39:26.275] [35724] [HailoRT] [info] [pipeline.cpp:891] [print_deep_description] PushQEl1AsyncHwEl | inputs: AsyncHwEl[0] | outputs: PostInferEl1AsyncHwEl(running in thread_id: 35740)
[2026-04-03 00:39:26.275] [35724] [HailoRT] [info] [pipeline.cpp:891] [print_deep_description] PostInferEl1AsyncHwEl | inputs: PushQEl1AsyncHwEl[0] | outputs: LastAsyncEl0PostInferEl1AsyncHwEl
[2026-04-03 00:39:26.275] [35724] [HailoRT] [info] [pipeline.cpp:891] [print_deep_description] LastAsyncEl0PostInferEl1AsyncHwEl | inputs: PostInferEl1AsyncHwEl[0] | outputs: user
[2026-04-03 00:39:26.275] [35724] [HailoRT] [info] [pipeline.cpp:891] [print_deep_description] PushQEl2AsyncHwEl | inputs: AsyncHwEl[0] | outputs: PostInferEl2AsyncHwEl(running in thread_id: 35741)
[2026-04-03 00:39:26.275] [35724] [HailoRT] [info] [pipeline.cpp:891] [print_deep_description] PostInferEl2AsyncHwEl | inputs: PushQEl2AsyncHwEl[0] | outputs: LastAsyncEl0PostInferEl2AsyncHwEl
[2026-04-03 00:39:26.275] [35724] [HailoRT] [info] [pipeline.cpp:891] [print_deep_description] LastAsyncEl0PostInferEl2AsyncHwEl | inputs: PostInferEl2AsyncHwEl[0] | outputs: user
[2026-04-03 00:39:26.275] [35724] [HailoRT] [info] [pipeline.cpp:891] [print_deep_description] PushQEl3AsyncHwEl | inputs: AsyncHwEl[0] | outputs: PostInferEl3AsyncHwEl(running in thread_id: 35736)
[2026-04-03 00:39:26.275] [35724] [HailoRT] [info] [pipeline.cpp:891] [print_deep_description] PostInferEl3AsyncHwEl | inputs: PushQEl3AsyncHwEl[0] | outputs: LastAsyncEl0PostInferEl3AsyncHwEl
[2026-04-03 00:39:26.275] [35724] [HailoRT] [info] [pipeline.cpp:891] [print_deep_description] LastAsyncEl0PostInferEl3AsyncHwEl | inputs: PostInferEl3AsyncHwEl[0] | outputs: user
[2026-04-03 00:39:26.275] [35724] [HailoRT] [info] [pipeline.cpp:891] [print_deep_description] PushQEl4AsyncHwEl | inputs: AsyncHwEl[0] | outputs: PostInferEl4AsyncHwEl(running in thread_id: 35737)
[2026-04-03 00:39:26.275] [35724] [HailoRT] [info] [pipeline.cpp:891] [print_deep_description] PostInferEl4AsyncHwEl | inputs: PushQEl4AsyncHwEl[0] | outputs: LastAsyncEl0PostInferEl4AsyncHwEl
[2026-04-03 00:39:26.275] [35724] [HailoRT] [info] [pipeline.cpp:891] [print_deep_description] LastAsyncEl0PostInferEl4AsyncHwEl | inputs: PostInferEl4AsyncHwEl[0] | outputs: user
[2026-04-03 00:39:26.275] [35724] [HailoRT] [info] [pipeline.cpp:891] [print_deep_description] PushQEl5AsyncHwEl | inputs: AsyncHwEl[0] | outputs: PostInferEl5AsyncHwEl(running in thread_id: 35738)
[2026-04-03 00:39:26.275] [35724] [HailoRT] [info] [pipeline.cpp:891] [print_deep_description] PostInferEl5AsyncHwEl | inputs: PushQEl5AsyncHwEl[0] | outputs: LastAsyncEl0PostInferEl5AsyncHwEl
[2026-04-03 00:39:26.275] [35724] [HailoRT] [info] [pipeline.cpp:891] [print_deep_description] LastAsyncEl0PostInferEl5AsyncHwEl | inputs: PostInferEl5AsyncHwEl[0] | outputs: user
[2026-04-03 00:39:26.275] [35724] [HailoRT] [info] [pipeline.cpp:891] [print_deep_description] PushQEl6AsyncHwEl | inputs: AsyncHwEl[0] | outputs: PostInferEl6AsyncHwEl(running in thread_id: 35744)
[2026-04-03 00:39:26.275] [35724] [HailoRT] [info] [pipeline.cpp:891] [print_deep_description] PostInferEl6AsyncHwEl | inputs: PushQEl6AsyncHwEl[0] | outputs: LastAsyncEl0PostInferEl6AsyncHwEl
[2026-04-03 00:39:26.275] [35724] [HailoRT] [info] [pipeline.cpp:891] [print_deep_description] LastAsyncEl0PostInferEl6AsyncHwEl | inputs: PostInferEl6AsyncHwEl[0] | outputs: user
[2026-04-03 00:39:26.275] [35724] [HailoRT] [info] [pipeline.cpp:891] [print_deep_description] PushQEl7AsyncHwEl | inputs: AsyncHwEl[0] | outputs: PostInferEl7AsyncHwEl(running in thread_id: 35742)
[2026-04-03 00:39:26.275] [35724] [HailoRT] [info] [pipeline.cpp:891] [print_deep_description] PostInferEl7AsyncHwEl | inputs: PushQEl7AsyncHwEl[0] | outputs: LastAsyncEl0PostInferEl7AsyncHwEl
[2026-04-03 00:39:26.275] [35724] [HailoRT] [info] [pipeline.cpp:891] [print_deep_description] LastAsyncEl0PostInferEl7AsyncHwEl | inputs: PostInferEl7AsyncHwEl[0] | outputs: user
[2026-04-03 00:39:26.275] [35724] [HailoRT] [info] [pipeline.cpp:891] [print_deep_description] PushQEl8AsyncHwEl | inputs: AsyncHwEl[0] | outputs: PostInferEl8AsyncHwEl(running in thread_id: 35743)
[2026-04-03 00:39:26.275] [35724] [HailoRT] [info] [pipeline.cpp:891] [print_deep_description] PostInferEl8AsyncHwEl | inputs: PushQEl8AsyncHwEl[0] | outputs: LastAsyncEl0PostInferEl8AsyncHwEl
[2026-04-03 00:39:26.275] [35724] [HailoRT] [info] [pipeline.cpp:891] [print_deep_description] LastAsyncEl0PostInferEl8AsyncHwEl | inputs: PostInferEl8AsyncHwEl[0] | outputs: user
[2026-04-03 00:39:31.280] [35724] [HailoRT] [info] [async_infer_runner.cpp:86] [shutdown] Pipeline was aborted. Shutting it down
[2026-04-03 00:39:31.280] [35724] [HailoRT] [info] [async_infer_runner.cpp:86] [shutdown] Pipeline was aborted. Shutting it down
[2026-04-03 00:39:31.280] [35724] [HailoRT] [info] [queue_elements.cpp:570] [execute_deactivate] enqueue() in element PushQEl0AsyncHwEl was aborted, got status = HAILO_SHUTDOWN_EVENT_SIGNALED(57)
[2026-04-03 00:39:31.280] [35724] [HailoRT] [info] [queue_elements.cpp:570] [execute_deactivate] enqueue() in element PushQEl1AsyncHwEl was aborted, got status = HAILO_SHUTDOWN_EVENT_SIGNALED(57)
[2026-04-03 00:39:31.280] [35724] [HailoRT] [info] [queue_elements.cpp:570] [execute_deactivate] enqueue() in element PushQEl2AsyncHwEl was aborted, got status = HAILO_SHUTDOWN_EVENT_SIGNALED(57)
[2026-04-03 00:39:31.280] [35724] [HailoRT] [info] [queue_elements.cpp:570] [execute_deactivate] enqueue() in element PushQEl3AsyncHwEl was aborted, got status = HAILO_SHUTDOWN_EVENT_SIGNALED(57)
[2026-04-03 00:39:31.280] [35724] [HailoRT] [info] [queue_elements.cpp:570] [execute_deactivate] enqueue() in element PushQEl4AsyncHwEl was aborted, got status = HAILO_SHUTDOWN_EVENT_SIGNALED(57)
[2026-04-03 00:39:31.280] [35724] [HailoRT] [info] [queue_elements.cpp:570] [execute_deactivate] enqueue() in element PushQEl5AsyncHwEl was aborted, got status = HAILO_SHUTDOWN_EVENT_SIGNALED(57)
[2026-04-03 00:39:31.280] [35724] [HailoRT] [info] [queue_elements.cpp:570] [execute_deactivate] enqueue() in element PushQEl6AsyncHwEl was aborted, got status = HAILO_SHUTDOWN_EVENT_SIGNALED(57)
[2026-04-03 00:39:31.280] [35724] [HailoRT] [info] [queue_elements.cpp:570] [execute_deactivate] enqueue() in element PushQEl7AsyncHwEl was aborted, got status = HAILO_SHUTDOWN_EVENT_SIGNALED(57)
[2026-04-03 00:39:31.280] [35724] [HailoRT] [info] [queue_elements.cpp:570] [execute_deactivate] enqueue() in element PushQEl8AsyncHwEl was aborted, got status = HAILO_SHUTDOWN_EVENT_SIGNALED(57)
[2026-04-03 00:39:31.280] [35724] [HailoRT] [info] [queue_elements.cpp:570] [execute_deactivate] enqueue() in element EntryPushQEl0yolov8s_pose/input_layer1 was aborted, got status = HAILO_SHUTDOWN_EVENT_SIGNALED(57)
[2026-04-03 00:39:31.280] [35724] [HailoRT] [info] [queue_elements.cpp:46] [~BaseQueueElement] Queue element EntryPushQEl0yolov8s_pose/input_layer1 has 0 frames in his Queue on destruction
[2026-04-03 00:39:31.280] [35724] [HailoRT] [info] [queue_elements.cpp:46] [~BaseQueueElement] Queue element PushQEl3AsyncHwEl has 0 frames in his Queue on destruction
[2026-04-03 00:39:31.280] [35724] [HailoRT] [info] [queue_elements.cpp:46] [~BaseQueueElement] Queue element PushQEl4AsyncHwEl has 0 frames in his Queue on destruction
[2026-04-03 00:39:31.280] [35724] [HailoRT] [info] [queue_elements.cpp:46] [~BaseQueueElement] Queue element PushQEl5AsyncHwEl has 0 frames in his Queue on destruction
[2026-04-03 00:39:31.280] [35724] [HailoRT] [info] [queue_elements.cpp:46] [~BaseQueueElement] Queue element PushQEl0AsyncHwEl has 0 frames in his Queue on destruction
[2026-04-03 00:39:31.280] [35724] [HailoRT] [info] [queue_elements.cpp:46] [~BaseQueueElement] Queue element PushQEl1AsyncHwEl has 0 frames in his Queue on destruction
[2026-04-03 00:39:31.280] [35724] [HailoRT] [info] [queue_elements.cpp:46] [~BaseQueueElement] Queue element PushQEl2AsyncHwEl has 0 frames in his Queue on destruction
[2026-04-03 00:39:31.280] [35724] [HailoRT] [info] [queue_elements.cpp:46] [~BaseQueueElement] Queue element PushQEl7AsyncHwEl has 0 frames in his Queue on destruction
[2026-04-03 00:39:31.280] [35724] [HailoRT] [info] [queue_elements.cpp:46] [~BaseQueueElement] Queue element PushQEl8AsyncHwEl has 0 frames in his Queue on destruction
[2026-04-03 00:39:31.280] [35724] [HailoRT] [info] [queue_elements.cpp:46] [~BaseQueueElement] Queue element PushQEl6AsyncHwEl has 0 frames in his Queue on destruction
[2026-04-03 00:39:45.719] [35846] [HailoRT] [info] [vdevice.cpp:523] [create] Creating vdevice with params: device_count: 1, scheduling_algorithm: ROUND_ROBIN, multi_process_service: false
[2026-04-03 00:39:45.732] [35846] [HailoRT] [info] [device.cpp:49] [Device] OS Version: Linux 6.12.62+rpt-rpi-2712 #1 SMP PREEMPT Debian 1:6.12.62-1+rpt1~bookworm (2026-01-19) aarch64
[2026-04-03 00:39:45.733] [35846] [HailoRT] [info] [control.cpp:108] [control__parse_identify_results] firmware_version is: 4.20.0
[2026-04-03 00:39:45.733] [35846] [HailoRT] [info] [vdevice.cpp:651] [create] VDevice Infos: 0001:01:00.0
[2026-04-03 00:39:45.842] [35846] [HailoRT] [info] [hef.cpp:1929] [get_network_group_and_network_name] No name was given. Addressing all networks of default network_group: yolov8s_pose
[2026-04-03 00:39:45.842] [35846] [HailoRT] [info] [hef.cpp:1929] [get_network_group_and_network_name] No name was given. Addressing all networks of default network_group: yolov8s_pose
[2026-04-03 00:39:45.842] [35846] [HailoRT] [info] [hef.cpp:1929] [get_network_group_and_network_name] No name was given. Addressing all networks of default network_group: yolov8s_pose
[2026-04-03 00:39:45.842] [35846] [HailoRT] [info] [hef.cpp:1929] [get_network_group_and_network_name] No name was given. Addressing all networks of default network_group: yolov8s_pose
[2026-04-03 00:39:45.842] [35846] [HailoRT] [info] [hef.cpp:1929] [get_network_group_and_network_name] No name was given. Addressing all networks of default network_group: yolov8s_pose
[2026-04-03 00:39:45.843] [35846] [HailoRT] [warning] [device_internal.cpp:616] [check_hef_is_compatible] HEF was compiled for Hailo8L device, while the device itself is Hailo8. This will result in lower performance.
[2026-04-03 00:39:45.843] [35846] [HailoRT] [warning] [device_internal.cpp:616] [check_hef_is_compatible] HEF was compiled for Hailo8L device, while the device itself is Hailo8. This will result in lower performance.
[2026-04-03 00:39:45.849] [35846] [HailoRT] [info] [internal_buffer_manager.cpp:204] [print_execution_results] Planned internal buffer memory: CMA memory 0, user memory 3321344. memory to edge layer usage factor is 0.93083656
[2026-04-03 00:39:45.849] [35846] [HailoRT] [info] [internal_buffer_manager.cpp:212] [print_execution_results] Default Internal buffer planner executed successfully
[2026-04-03 00:39:45.874] [35846] [HailoRT] [info] [device_internal.cpp:57] [configure] Configuring HEF took 31.734097 milliseconds
[2026-04-03 00:39:45.875] [35846] [HailoRT] [info] [vdevice.cpp:749] [configure] Configuring HEF on VDevice took 32.23132 milliseconds
[2026-04-03 00:39:45.875] [35846] [HailoRT] [info] [infer_model.cpp:436] [configure] Configuring network group 'yolov8s_pose' with params: batch size: 1, power mode: PERFORMANCE, latency: NONE
[2026-04-03 00:39:45.875] [35846] [HailoRT] [info] [multi_io_elements.cpp:756] [create] Created (AsyncHwEl)
[2026-04-03 00:39:45.875] [35846] [HailoRT] [info] [queue_elements.cpp:450] [create] Created (EntryPushQEl0yolov8s_pose/input_layer1 | timeout: 10s)
[2026-04-03 00:39:45.875] [35846] [HailoRT] [info] [queue_elements.cpp:450] [create] Created (PushQEl3AsyncHwEl | timeout: 10s)
[2026-04-03 00:39:45.875] [35846] [HailoRT] [info] [filter_elements.cpp:375] [create] Created (PostInferEl3AsyncHwEl | Quantization - src_type: UINT8, dst_type FLOAT32, limvals_min: -6.02712, limvals_max: 11.844)
[2026-04-03 00:39:45.875] [35846] [HailoRT] [info] [edge_elements.cpp:187] [create] Created (LastAsyncEl0PostInferEl3AsyncHwEl)
[2026-04-03 00:39:45.876] [35846] [HailoRT] [info] [queue_elements.cpp:450] [create] Created (PushQEl4AsyncHwEl | timeout: 10s)
[2026-04-03 00:39:45.876] [35846] [HailoRT] [info] [filter_elements.cpp:375] [create] Created (PostInferEl4AsyncHwEl | Quantization - src_type: UINT8, dst_type FLOAT32, limvals_min: -9.25656, limvals_max: 9.32945 | Reorder - src_order: FCR, src_shape: (20, 20, 56), dst_order: FCR, dst_shape: (20, 20, 51))
[2026-04-03 00:39:45.876] [35846] [HailoRT] [info] [edge_elements.cpp:187] [create] Created (LastAsyncEl0PostInferEl4AsyncHwEl)
[2026-04-03 00:39:45.876] [35846] [HailoRT] [info] [queue_elements.cpp:450] [create] Created (PushQEl5AsyncHwEl | timeout: 10s)
[2026-04-03 00:39:45.876] [35846] [HailoRT] [info] [filter_elements.cpp:375] [create] Created (PostInferEl5AsyncHwEl | Quantization - src_type: UINT8, dst_type FLOAT32, limvals_min: -5.14938, limvals_max: 13.8809)
[2026-04-03 00:39:45.876] [35846] [HailoRT] [info] [edge_elements.cpp:187] [create] Created (LastAsyncEl0PostInferEl5AsyncHwEl)
[2026-04-03 00:39:45.876] [35846] [HailoRT] [info] [queue_elements.cpp:450] [create] Created (PushQEl0AsyncHwEl | timeout: 10s)
[2026-04-03 00:39:45.876] [35846] [HailoRT] [info] [filter_elements.cpp:375] [create] Created (PostInferEl0AsyncHwEl | Quantization - src_type: UINT8, dst_type FLOAT32, limvals_min: 0, limvals_max: 0.927867)
[2026-04-03 00:39:45.876] [35846] [HailoRT] [info] [edge_elements.cpp:187] [create] Created (LastAsyncEl0PostInferEl0AsyncHwEl)
[2026-04-03 00:39:45.876] [35846] [HailoRT] [info] [queue_elements.cpp:450] [create] Created (PushQEl1AsyncHwEl | timeout: 10s)
[2026-04-03 00:39:45.876] [35846] [HailoRT] [info] [filter_elements.cpp:375] [create] Created (PostInferEl1AsyncHwEl | Quantization - src_type: UINT8, dst_type FLOAT32, limvals_min: -5.39702, limvals_max: 12.7114)
[2026-04-03 00:39:45.876] [35846] [HailoRT] [info] [edge_elements.cpp:187] [create] Created (LastAsyncEl0PostInferEl1AsyncHwEl)
[2026-04-03 00:39:45.876] [35846] [HailoRT] [info] [queue_elements.cpp:450] [create] Created (PushQEl2AsyncHwEl | timeout: 10s)
[2026-04-03 00:39:45.876] [35846] [HailoRT] [info] [filter_elements.cpp:375] [create] Created (PostInferEl2AsyncHwEl | Quantization - src_type: UINT8, dst_type FLOAT32, limvals_min: 0, limvals_max: 0.820417)
[2026-04-03 00:39:45.876] [35846] [HailoRT] [info] [edge_elements.cpp:187] [create] Created (LastAsyncEl0PostInferEl2AsyncHwEl)
[2026-04-03 00:39:45.876] [35846] [HailoRT] [info] [queue_elements.cpp:450] [create] Created (PushQEl7AsyncHwEl | timeout: 10s)
[2026-04-03 00:39:45.876] [35846] [HailoRT] [info] [filter_elements.cpp:375] [create] Created (PostInferEl7AsyncHwEl | Quantization - src_type: UINT8, dst_type FLOAT32, limvals_min: -11.0503, limvals_max: 6.78402 | Reorder - src_order: FCR, src_shape: (40, 40, 56), dst_order: FCR, dst_shape: (40, 40, 51))
[2026-04-03 00:39:45.876] [35846] [HailoRT] [info] [edge_elements.cpp:187] [create] Created (LastAsyncEl0PostInferEl7AsyncHwEl)
[2026-04-03 00:39:45.876] [35846] [HailoRT] [info] [queue_elements.cpp:450] [create] Created (PushQEl8AsyncHwEl | timeout: 10s)
[2026-04-03 00:39:45.876] [35846] [HailoRT] [info] [filter_elements.cpp:375] [create] Created (PostInferEl8AsyncHwEl | Quantization - src_type: UINT8, dst_type FLOAT32, limvals_min: 0, limvals_max: 0.617845)
[2026-04-03 00:39:45.876] [35846] [HailoRT] [info] [edge_elements.cpp:187] [create] Created (LastAsyncEl0PostInferEl8AsyncHwEl)
[2026-04-03 00:39:45.876] [35846] [HailoRT] [info] [queue_elements.cpp:450] [create] Created (PushQEl6AsyncHwEl | timeout: 10s)
[2026-04-03 00:39:45.876] [35846] [HailoRT] [info] [filter_elements.cpp:375] [create] Created (PostInferEl6AsyncHwEl | Quantization - src_type: UINT8, dst_type FLOAT32, limvals_min: -7.42123, limvals_max: 5.81243 | Reorder - src_order: FCR, src_shape: (80, 80, 56), dst_order: FCR, dst_shape: (80, 80, 51))
[2026-04-03 00:39:45.876] [35846] [HailoRT] [info] [edge_elements.cpp:187] [create] Created (LastAsyncEl0PostInferEl6AsyncHwEl)
[2026-04-03 00:39:45.876] [35846] [HailoRT] [info] [pipeline.cpp:891] [print_deep_description] EntryPushQEl0yolov8s_pose/input_layer1 | inputs: user | outputs: AsyncHwEl(running in thread_id: 35859)
[2026-04-03 00:39:45.876] [35846] [HailoRT] [info] [pipeline.cpp:891] [print_deep_description] AsyncHwEl | inputs: EntryPushQEl0yolov8s_pose/input_layer1[0] | outputs: PushQEl0AsyncHwEl PushQEl1AsyncHwEl PushQEl2AsyncHwEl PushQEl3AsyncHwEl PushQEl4AsyncHwEl PushQEl5AsyncHwEl PushQEl6AsyncHwEl PushQEl7AsyncHwEl PushQEl8AsyncHwEl
[2026-04-03 00:39:45.876] [35846] [HailoRT] [info] [pipeline.cpp:891] [print_deep_description] PushQEl0AsyncHwEl | inputs: AsyncHwEl[0] | outputs: PostInferEl0AsyncHwEl(running in thread_id: 35863)
[2026-04-03 00:39:45.876] [35846] [HailoRT] [info] [pipeline.cpp:891] [print_deep_description] PostInferEl0AsyncHwEl | inputs: PushQEl0AsyncHwEl[0] | outputs: LastAsyncEl0PostInferEl0AsyncHwEl
[2026-04-03 00:39:45.876] [35846] [HailoRT] [info] [pipeline.cpp:891] [print_deep_description] LastAsyncEl0PostInferEl0AsyncHwEl | inputs: PostInferEl0AsyncHwEl[0] | outputs: user
[2026-04-03 00:39:45.876] [35846] [HailoRT] [info] [pipeline.cpp:891] [print_deep_description] PushQEl1AsyncHwEl | inputs: AsyncHwEl[0] | outputs: PostInferEl1AsyncHwEl(running in thread_id: 35864)
[2026-04-03 00:39:45.876] [35846] [HailoRT] [info] [pipeline.cpp:891] [print_deep_description] PostInferEl1AsyncHwEl | inputs: PushQEl1AsyncHwEl[0] | outputs: LastAsyncEl0PostInferEl1AsyncHwEl
[2026-04-03 00:39:45.876] [35846] [HailoRT] [info] [pipeline.cpp:891] [print_deep_description] LastAsyncEl0PostInferEl1AsyncHwEl | inputs: PostInferEl1AsyncHwEl[0] | outputs: user
[2026-04-03 00:39:45.876] [35846] [HailoRT] [info] [pipeline.cpp:891] [print_deep_description] PushQEl2AsyncHwEl | inputs: AsyncHwEl[0] | outputs: PostInferEl2AsyncHwEl(running in thread_id: 35865)
[2026-04-03 00:39:45.876] [35846] [HailoRT] [info] [pipeline.cpp:891] [print_deep_description] PostInferEl2AsyncHwEl | inputs: PushQEl2AsyncHwEl[0] | outputs: LastAsyncEl0PostInferEl2AsyncHwEl
[2026-04-03 00:39:45.877] [35846] [HailoRT] [info] [pipeline.cpp:891] [print_deep_description] LastAsyncEl0PostInferEl2AsyncHwEl | inputs: PostInferEl2AsyncHwEl[0] | outputs: user
[2026-04-03 00:39:45.877] [35846] [HailoRT] [info] [pipeline.cpp:891] [print_deep_description] PushQEl3AsyncHwEl | inputs: AsyncHwEl[0] | outputs: PostInferEl3AsyncHwEl(running in thread_id: 35860)
[2026-04-03 00:39:45.877] [35846] [HailoRT] [info] [pipeline.cpp:891] [print_deep_description] PostInferEl3AsyncHwEl | inputs: PushQEl3AsyncHwEl[0] | outputs: LastAsyncEl0PostInferEl3AsyncHwEl
[2026-04-03 00:39:45.877] [35846] [HailoRT] [info] [pipeline.cpp:891] [print_deep_description] LastAsyncEl0PostInferEl3AsyncHwEl | inputs: PostInferEl3AsyncHwEl[0] | outputs: user
[2026-04-03 00:39:45.877] [35846] [HailoRT] [info] [pipeline.cpp:891] [print_deep_description] PushQEl4AsyncHwEl | inputs: AsyncHwEl[0] | outputs: PostInferEl4AsyncHwEl(running in thread_id: 35861)
[2026-04-03 00:39:45.877] [35846] [HailoRT] [info] [pipeline.cpp:891] [print_deep_description] PostInferEl4AsyncHwEl | inputs: PushQEl4AsyncHwEl[0] | outputs: LastAsyncEl0PostInferEl4AsyncHwEl
[2026-04-03 00:39:45.877] [35846] [HailoRT] [info] [pipeline.cpp:891] [print_deep_description] LastAsyncEl0PostInferEl4AsyncHwEl | inputs: PostInferEl4AsyncHwEl[0] | outputs: user
[2026-04-03 00:39:45.877] [35846] [HailoRT] [info] [pipeline.cpp:891] [print_deep_description] PushQEl5AsyncHwEl | inputs: AsyncHwEl[0] | outputs: PostInferEl5AsyncHwEl(running in thread_id: 35862)
[2026-04-03 00:39:45.877] [35846] [HailoRT] [info] [pipeline.cpp:891] [print_deep_description] PostInferEl5AsyncHwEl | inputs: PushQEl5AsyncHwEl[0] | outputs: LastAsyncEl0PostInferEl5AsyncHwEl
[2026-04-03 00:39:45.877] [35846] [HailoRT] [info] [pipeline.cpp:891] [print_deep_description] LastAsyncEl0PostInferEl5AsyncHwEl | inputs: PostInferEl5AsyncHwEl[0] | outputs: user
[2026-04-03 00:39:45.877] [35846] [HailoRT] [info] [pipeline.cpp:891] [print_deep_description] PushQEl6AsyncHwEl | inputs: AsyncHwEl[0] | outputs: PostInferEl6AsyncHwEl(running in thread_id: 35868)
[2026-04-03 00:39:45.877] [35846] [HailoRT] [info] [pipeline.cpp:891] [print_deep_description] PostInferEl6AsyncHwEl | inputs: PushQEl6AsyncHwEl[0] | outputs: LastAsyncEl0PostInferEl6AsyncHwEl
[2026-04-03 00:39:45.877] [35846] [HailoRT] [info] [pipeline.cpp:891] [print_deep_description] LastAsyncEl0PostInferEl6AsyncHwEl | inputs: PostInferEl6AsyncHwEl[0] | outputs: user
[2026-04-03 00:39:45.877] [35846] [HailoRT] [info] [pipeline.cpp:891] [print_deep_description] PushQEl7AsyncHwEl | inputs: AsyncHwEl[0] | outputs: PostInferEl7AsyncHwEl(running in thread_id: 35866)
[2026-04-03 00:39:45.877] [35846] [HailoRT] [info] [pipeline.cpp:891] [print_deep_description] PostInferEl7AsyncHwEl | inputs: PushQEl7AsyncHwEl[0] | outputs: LastAsyncEl0PostInferEl7AsyncHwEl
[2026-04-03 00:39:45.877] [35846] [HailoRT] [info] [pipeline.cpp:891] [print_deep_description] LastAsyncEl0PostInferEl7AsyncHwEl | inputs: PostInferEl7AsyncHwEl[0] | outputs: user
[2026-04-03 00:39:45.877] [35846] [HailoRT] [info] [pipeline.cpp:891] [print_deep_description] PushQEl8AsyncHwEl | inputs: AsyncHwEl[0] | outputs: PostInferEl8AsyncHwEl(running in thread_id: 35867)
[2026-04-03 00:39:45.877] [35846] [HailoRT] [info] [pipeline.cpp:891] [print_deep_description] PostInferEl8AsyncHwEl | inputs: PushQEl8AsyncHwEl[0] | outputs: LastAsyncEl0PostInferEl8AsyncHwEl
[2026-04-03 00:39:45.877] [35846] [HailoRT] [info] [pipeline.cpp:891] [print_deep_description] LastAsyncEl0PostInferEl8AsyncHwEl | inputs: PostInferEl8AsyncHwEl[0] | outputs: user
[2026-04-03 00:39:48.123] [35846] [HailoRT] [info] [async_infer_runner.cpp:86] [shutdown] Pipeline was aborted. Shutting it down
[2026-04-03 00:39:48.124] [35846] [HailoRT] [info] [async_infer_runner.cpp:86] [shutdown] Pipeline was aborted. Shutting it down
[2026-04-03 00:39:48.124] [35846] [HailoRT] [info] [queue_elements.cpp:570] [execute_deactivate] enqueue() in element PushQEl0AsyncHwEl was aborted, got status = HAILO_SHUTDOWN_EVENT_SIGNALED(57)
[2026-04-03 00:39:48.124] [35846] [HailoRT] [info] [queue_elements.cpp:570] [execute_deactivate] enqueue() in element PushQEl1AsyncHwEl was aborted, got status = HAILO_SHUTDOWN_EVENT_SIGNALED(57)
[2026-04-03 00:39:48.124] [35846] [HailoRT] [info] [queue_elements.cpp:570] [execute_deactivate] enqueue() in element PushQEl2AsyncHwEl was aborted, got status = HAILO_SHUTDOWN_EVENT_SIGNALED(57)
[2026-04-03 00:39:48.124] [35846] [HailoRT] [info] [queue_elements.cpp:570] [execute_deactivate] enqueue() in element PushQEl3AsyncHwEl was aborted, got status = HAILO_SHUTDOWN_EVENT_SIGNALED(57)
[2026-04-03 00:39:48.124] [35846] [HailoRT] [info] [queue_elements.cpp:570] [execute_deactivate] enqueue() in element PushQEl4AsyncHwEl was aborted, got status = HAILO_SHUTDOWN_EVENT_SIGNALED(57)
[2026-04-03 00:39:48.124] [35846] [HailoRT] [info] [queue_elements.cpp:570] [execute_deactivate] enqueue() in element PushQEl5AsyncHwEl was aborted, got status = HAILO_SHUTDOWN_EVENT_SIGNALED(57)
[2026-04-03 00:39:48.124] [35846] [HailoRT] [info] [queue_elements.cpp:570] [execute_deactivate] enqueue() in element PushQEl6AsyncHwEl was aborted, got status = HAILO_SHUTDOWN_EVENT_SIGNALED(57)
[2026-04-03 00:39:48.124] [35846] [HailoRT] [info] [queue_elements.cpp:570] [execute_deactivate] enqueue() in element PushQEl7AsyncHwEl was aborted, got status = HAILO_SHUTDOWN_EVENT_SIGNALED(57)
[2026-04-03 00:39:48.124] [35846] [HailoRT] [info] [queue_elements.cpp:570] [execute_deactivate] enqueue() in element PushQEl8AsyncHwEl was aborted, got status = HAILO_SHUTDOWN_EVENT_SIGNALED(57)
[2026-04-03 00:39:48.124] [35846] [HailoRT] [info] [queue_elements.cpp:570] [execute_deactivate] enqueue() in element EntryPushQEl0yolov8s_pose/input_layer1 was aborted, got status = HAILO_SHUTDOWN_EVENT_SIGNALED(57)
[2026-04-03 00:39:48.124] [35846] [HailoRT] [info] [queue_elements.cpp:46] [~BaseQueueElement] Queue element EntryPushQEl0yolov8s_pose/input_layer1 has 0 frames in his Queue on destruction
[2026-04-03 00:39:48.124] [35846] [HailoRT] [info] [queue_elements.cpp:46] [~BaseQueueElement] Queue element PushQEl3AsyncHwEl has 0 frames in his Queue on destruction
[2026-04-03 00:39:48.124] [35846] [HailoRT] [info] [queue_elements.cpp:46] [~BaseQueueElement] Queue element PushQEl4AsyncHwEl has 0 frames in his Queue on destruction
[2026-04-03 00:39:48.124] [35846] [HailoRT] [info] [queue_elements.cpp:46] [~BaseQueueElement] Queue element PushQEl5AsyncHwEl has 0 frames in his Queue on destruction
[2026-04-03 00:39:48.124] [35846] [HailoRT] [info] [queue_elements.cpp:46] [~BaseQueueElement] Queue element PushQEl0AsyncHwEl has 0 frames in his Queue on destruction
[2026-04-03 00:39:48.124] [35846] [HailoRT] [info] [queue_elements.cpp:46] [~BaseQueueElement] Queue element PushQEl1AsyncHwEl has 0 frames in his Queue on destruction
[2026-04-03 00:39:48.124] [35846] [HailoRT] [info] [queue_elements.cpp:46] [~BaseQueueElement] Queue element PushQEl2AsyncHwEl has 0 frames in his Queue on destruction
[2026-04-03 00:39:48.124] [35846] [HailoRT] [info] [queue_elements.cpp:46] [~BaseQueueElement] Queue element PushQEl7AsyncHwEl has 0 frames in his Queue on destruction
[2026-04-03 00:39:48.124] [35846] [HailoRT] [info] [queue_elements.cpp:46] [~BaseQueueElement] Queue element PushQEl8AsyncHwEl has 0 frames in his Queue on destruction
[2026-04-03 00:39:48.124] [35846] [HailoRT] [info] [queue_elements.cpp:46] [~BaseQueueElement] Queue element PushQEl6AsyncHwEl has 0 frames in his Queue on destruction
[2026-04-03 00:39:58.464] [35960] [HailoRT] [info] [vdevice.cpp:523] [create] Creating vdevice with params: device_count: 1, scheduling_algorithm: ROUND_ROBIN, multi_process_service: false
[2026-04-03 00:39:58.475] [35960] [HailoRT] [info] [device.cpp:49] [Device] OS Version: Linux 6.12.62+rpt-rpi-2712 #1 SMP PREEMPT Debian 1:6.12.62-1+rpt1~bookworm (2026-01-19) aarch64
[2026-04-03 00:39:58.477] [35960] [HailoRT] [info] [control.cpp:108] [control__parse_identify_results] firmware_version is: 4.20.0
[2026-04-03 00:39:58.477] [35960] [HailoRT] [info] [vdevice.cpp:651] [create] VDevice Infos: 0001:01:00.0
[2026-04-03 00:39:58.581] [35960] [HailoRT] [info] [hef.cpp:1929] [get_network_group_and_network_name] No name was given. Addressing all networks of default network_group: yolov8s_pose
[2026-04-03 00:39:58.581] [35960] [HailoRT] [info] [hef.cpp:1929] [get_network_group_and_network_name] No name was given. Addressing all networks of default network_group: yolov8s_pose
[2026-04-03 00:39:58.581] [35960] [HailoRT] [info] [hef.cpp:1929] [get_network_group_and_network_name] No name was given. Addressing all networks of default network_group: yolov8s_pose
[2026-04-03 00:39:58.581] [35960] [HailoRT] [info] [hef.cpp:1929] [get_network_group_and_network_name] No name was given. Addressing all networks of default network_group: yolov8s_pose
[2026-04-03 00:39:58.581] [35960] [HailoRT] [info] [hef.cpp:1929] [get_network_group_and_network_name] No name was given. Addressing all networks of default network_group: yolov8s_pose
[2026-04-03 00:39:58.581] [35960] [HailoRT] [warning] [device_internal.cpp:616] [check_hef_is_compatible] HEF was compiled for Hailo8L device, while the device itself is Hailo8. This will result in lower performance.
[2026-04-03 00:39:58.582] [35960] [HailoRT] [warning] [device_internal.cpp:616] [check_hef_is_compatible] HEF was compiled for Hailo8L device, while the device itself is Hailo8. This will result in lower performance.
[2026-04-03 00:39:58.588] [35960] [HailoRT] [info] [internal_buffer_manager.cpp:204] [print_execution_results] Planned internal buffer memory: CMA memory 0, user memory 3321344. memory to edge layer usage factor is 0.93083656
[2026-04-03 00:39:58.588] [35960] [HailoRT] [info] [internal_buffer_manager.cpp:212] [print_execution_results] Default Internal buffer planner executed successfully
[2026-04-03 00:39:58.611] [35960] [HailoRT] [info] [device_internal.cpp:57] [configure] Configuring HEF took 29.509337 milliseconds
[2026-04-03 00:39:58.611] [35960] [HailoRT] [info] [vdevice.cpp:749] [configure] Configuring HEF on VDevice took 30.091633 milliseconds
[2026-04-03 00:39:58.611] [35960] [HailoRT] [info] [infer_model.cpp:436] [configure] Configuring network group 'yolov8s_pose' with params: batch size: 1, power mode: PERFORMANCE, latency: NONE
[2026-04-03 00:39:58.611] [35960] [HailoRT] [info] [multi_io_elements.cpp:756] [create] Created (AsyncHwEl)
[2026-04-03 00:39:58.612] [35960] [HailoRT] [info] [queue_elements.cpp:450] [create] Created (EntryPushQEl0yolov8s_pose/input_layer1 | timeout: 10s)
[2026-04-03 00:39:58.612] [35960] [HailoRT] [info] [queue_elements.cpp:450] [create] Created (PushQEl3AsyncHwEl | timeout: 10s)
[2026-04-03 00:39:58.612] [35960] [HailoRT] [info] [filter_elements.cpp:375] [create] Created (PostInferEl3AsyncHwEl | Quantization - src_type: UINT8, dst_type FLOAT32, limvals_min: -6.02712, limvals_max: 11.844)
[2026-04-03 00:39:58.612] [35960] [HailoRT] [info] [edge_elements.cpp:187] [create] Created (LastAsyncEl0PostInferEl3AsyncHwEl)
[2026-04-03 00:39:58.612] [35960] [HailoRT] [info] [queue_elements.cpp:450] [create] Created (PushQEl4AsyncHwEl | timeout: 10s)
[2026-04-03 00:39:58.612] [35960] [HailoRT] [info] [filter_elements.cpp:375] [create] Created (PostInferEl4AsyncHwEl | Quantization - src_type: UINT8, dst_type FLOAT32, limvals_min: -9.25656, limvals_max: 9.32945 | Reorder - src_order: FCR, src_shape: (20, 20, 56), dst_order: FCR, dst_shape: (20, 20, 51))
[2026-04-03 00:39:58.612] [35960] [HailoRT] [info] [edge_elements.cpp:187] [create] Created (LastAsyncEl0PostInferEl4AsyncHwEl)
[2026-04-03 00:39:58.612] [35960] [HailoRT] [info] [queue_elements.cpp:450] [create] Created (PushQEl5AsyncHwEl | timeout: 10s)
[2026-04-03 00:39:58.612] [35960] [HailoRT] [info] [filter_elements.cpp:375] [create] Created (PostInferEl5AsyncHwEl | Quantization - src_type: UINT8, dst_type FLOAT32, limvals_min: -5.14938, limvals_max: 13.8809)
[2026-04-03 00:39:58.612] [35960] [HailoRT] [info] [edge_elements.cpp:187] [create] Created (LastAsyncEl0PostInferEl5AsyncHwEl)
[2026-04-03 00:39:58.613] [35960] [HailoRT] [info] [queue_elements.cpp:450] [create] Created (PushQEl0AsyncHwEl | timeout: 10s)
[2026-04-03 00:39:58.613] [35960] [HailoRT] [info] [filter_elements.cpp:375] [create] Created (PostInferEl0AsyncHwEl | Quantization - src_type: UINT8, dst_type FLOAT32, limvals_min: 0, limvals_max: 0.927867)
[2026-04-03 00:39:58.613] [35960] [HailoRT] [info] [edge_elements.cpp:187] [create] Created (LastAsyncEl0PostInferEl0AsyncHwEl)
[2026-04-03 00:39:58.613] [35960] [HailoRT] [info] [queue_elements.cpp:450] [create] Created (PushQEl1AsyncHwEl | timeout: 10s)
[2026-04-03 00:39:58.613] [35960] [HailoRT] [info] [filter_elements.cpp:375] [create] Created (PostInferEl1AsyncHwEl | Quantization - src_type: UINT8, dst_type FLOAT32, limvals_min: -5.39702, limvals_max: 12.7114)
[2026-04-03 00:39:58.613] [35960] [HailoRT] [info] [edge_elements.cpp:187] [create] Created (LastAsyncEl0PostInferEl1AsyncHwEl)
[2026-04-03 00:39:58.613] [35960] [HailoRT] [info] [queue_elements.cpp:450] [create] Created (PushQEl2AsyncHwEl | timeout: 10s)
[2026-04-03 00:39:58.613] [35960] [HailoRT] [info] [filter_elements.cpp:375] [create] Created (PostInferEl2AsyncHwEl | Quantization - src_type: UINT8, dst_type FLOAT32, limvals_min: 0, limvals_max: 0.820417)
[2026-04-03 00:39:58.613] [35960] [HailoRT] [info] [edge_elements.cpp:187] [create] Created (LastAsyncEl0PostInferEl2AsyncHwEl)
[2026-04-03 00:39:58.613] [35960] [HailoRT] [info] [queue_elements.cpp:450] [create] Created (PushQEl7AsyncHwEl | timeout: 10s)
[2026-04-03 00:39:58.613] [35960] [HailoRT] [info] [filter_elements.cpp:375] [create] Created (PostInferEl7AsyncHwEl | Quantization - src_type: UINT8, dst_type FLOAT32, limvals_min: -11.0503, limvals_max: 6.78402 | Reorder - src_order: FCR, src_shape: (40, 40, 56), dst_order: FCR, dst_shape: (40, 40, 51))
[2026-04-03 00:39:58.613] [35960] [HailoRT] [info] [edge_elements.cpp:187] [create] Created (LastAsyncEl0PostInferEl7AsyncHwEl)
[2026-04-03 00:39:58.613] [35960] [HailoRT] [info] [queue_elements.cpp:450] [create] Created (PushQEl8AsyncHwEl | timeout: 10s)
[2026-04-03 00:39:58.613] [35960] [HailoRT] [info] [filter_elements.cpp:375] [create] Created (PostInferEl8AsyncHwEl | Quantization - src_type: UINT8, dst_type FLOAT32, limvals_min: 0, limvals_max: 0.617845)
[2026-04-03 00:39:58.613] [35960] [HailoRT] [info] [edge_elements.cpp:187] [create] Created (LastAsyncEl0PostInferEl8AsyncHwEl)
[2026-04-03 00:39:58.614] [35960] [HailoRT] [info] [queue_elements.cpp:450] [create] Created (PushQEl6AsyncHwEl | timeout: 10s)
[2026-04-03 00:39:58.614] [35960] [HailoRT] [info] [filter_elements.cpp:375] [create] Created (PostInferEl6AsyncHwEl | Quantization - src_type: UINT8, dst_type FLOAT32, limvals_min: -7.42123, limvals_max: 5.81243 | Reorder - src_order: FCR, src_shape: (80, 80, 56), dst_order: FCR, dst_shape: (80, 80, 51))
[2026-04-03 00:39:58.614] [35960] [HailoRT] [info] [edge_elements.cpp:187] [create] Created (LastAsyncEl0PostInferEl6AsyncHwEl)
[2026-04-03 00:39:58.614] [35960] [HailoRT] [info] [pipeline.cpp:891] [print_deep_description] EntryPushQEl0yolov8s_pose/input_layer1 | inputs: user | outputs: AsyncHwEl(running in thread_id: 35976)
[2026-04-03 00:39:58.614] [35960] [HailoRT] [info] [pipeline.cpp:891] [print_deep_description] AsyncHwEl | inputs: EntryPushQEl0yolov8s_pose/input_layer1[0] | outputs: PushQEl0AsyncHwEl PushQEl1AsyncHwEl PushQEl2AsyncHwEl PushQEl3AsyncHwEl PushQEl4AsyncHwEl PushQEl5AsyncHwEl PushQEl6AsyncHwEl PushQEl7AsyncHwEl PushQEl8AsyncHwEl
[2026-04-03 00:39:58.614] [35960] [HailoRT] [info] [pipeline.cpp:891] [print_deep_description] PushQEl0AsyncHwEl | inputs: AsyncHwEl[0] | outputs: PostInferEl0AsyncHwEl(running in thread_id: 35980)
[2026-04-03 00:39:58.614] [35960] [HailoRT] [info] [pipeline.cpp:891] [print_deep_description] PostInferEl0AsyncHwEl | inputs: PushQEl0AsyncHwEl[0] | outputs: LastAsyncEl0PostInferEl0AsyncHwEl
[2026-04-03 00:39:58.614] [35960] [HailoRT] [info] [pipeline.cpp:891] [print_deep_description] LastAsyncEl0PostInferEl0AsyncHwEl | inputs: PostInferEl0AsyncHwEl[0] | outputs: user
[2026-04-03 00:39:58.614] [35960] [HailoRT] [info] [pipeline.cpp:891] [print_deep_description] PushQEl1AsyncHwEl | inputs: AsyncHwEl[0] | outputs: PostInferEl1AsyncHwEl(running in thread_id: 35981)
[2026-04-03 00:39:58.614] [35960] [HailoRT] [info] [pipeline.cpp:891] [print_deep_description] PostInferEl1AsyncHwEl | inputs: PushQEl1AsyncHwEl[0] | outputs: LastAsyncEl0PostInferEl1AsyncHwEl
[2026-04-03 00:39:58.614] [35960] [HailoRT] [info] [pipeline.cpp:891] [print_deep_description] LastAsyncEl0PostInferEl1AsyncHwEl | inputs: PostInferEl1AsyncHwEl[0] | outputs: user
[2026-04-03 00:39:58.614] [35960] [HailoRT] [info] [pipeline.cpp:891] [print_deep_description] PushQEl2AsyncHwEl | inputs: AsyncHwEl[0] | outputs: PostInferEl2AsyncHwEl(running in thread_id: 35982)
[2026-04-03 00:39:58.614] [35960] [HailoRT] [info] [pipeline.cpp:891] [print_deep_description] PostInferEl2AsyncHwEl | inputs: PushQEl2AsyncHwEl[0] | outputs: LastAsyncEl0PostInferEl2AsyncHwEl
[2026-04-03 00:39:58.614] [35960] [HailoRT] [info] [pipeline.cpp:891] [print_deep_description] LastAsyncEl0PostInferEl2AsyncHwEl | inputs: PostInferEl2AsyncHwEl[0] | outputs: user
[2026-04-03 00:39:58.614] [35960] [HailoRT] [info] [pipeline.cpp:891] [print_deep_description] PushQEl3AsyncHwEl | inputs: AsyncHwEl[0] | outputs: PostInferEl3AsyncHwEl(running in thread_id: 35977)
[2026-04-03 00:39:58.614] [35960] [HailoRT] [info] [pipeline.cpp:891] [print_deep_description] PostInferEl3AsyncHwEl | inputs: PushQEl3AsyncHwEl[0] | outputs: LastAsyncEl0PostInferEl3AsyncHwEl
[2026-04-03 00:39:58.614] [35960] [HailoRT] [info] [pipeline.cpp:891] [print_deep_description] LastAsyncEl0PostInferEl3AsyncHwEl | inputs: PostInferEl3AsyncHwEl[0] | outputs: user
[2026-04-03 00:39:58.614] [35960] [HailoRT] [info] [pipeline.cpp:891] [print_deep_description] PushQEl4AsyncHwEl | inputs: AsyncHwEl[0] | outputs: PostInferEl4AsyncHwEl(running in thread_id: 35978)
[2026-04-03 00:39:58.614] [35960] [HailoRT] [info] [pipeline.cpp:891] [print_deep_description] PostInferEl4AsyncHwEl | inputs: PushQEl4AsyncHwEl[0] | outputs: LastAsyncEl0PostInferEl4AsyncHwEl
[2026-04-03 00:39:58.614] [35960] [HailoRT] [info] [pipeline.cpp:891] [print_deep_description] LastAsyncEl0PostInferEl4AsyncHwEl | inputs: PostInferEl4AsyncHwEl[0] | outputs: user
[2026-04-03 00:39:58.614] [35960] [HailoRT] [info] [pipeline.cpp:891] [print_deep_description] PushQEl5AsyncHwEl | inputs: AsyncHwEl[0] | outputs: PostInferEl5AsyncHwEl(running in thread_id: 35979)
[2026-04-03 00:39:58.614] [35960] [HailoRT] [info] [pipeline.cpp:891] [print_deep_description] PostInferEl5AsyncHwEl | inputs: PushQEl5AsyncHwEl[0] | outputs: LastAsyncEl0PostInferEl5AsyncHwEl
[2026-04-03 00:39:58.614] [35960] [HailoRT] [info] [pipeline.cpp:891] [print_deep_description] LastAsyncEl0PostInferEl5AsyncHwEl | inputs: PostInferEl5AsyncHwEl[0] | outputs: user
[2026-04-03 00:39:58.614] [35960] [HailoRT] [info] [pipeline.cpp:891] [print_deep_description] PushQEl6AsyncHwEl | inputs: AsyncHwEl[0] | outputs: PostInferEl6AsyncHwEl(running in thread_id: 35985)
[2026-04-03 00:39:58.614] [35960] [HailoRT] [info] [pipeline.cpp:891] [print_deep_description] PostInferEl6AsyncHwEl | inputs: PushQEl6AsyncHwEl[0] | outputs: LastAsyncEl0PostInferEl6AsyncHwEl
[2026-04-03 00:39:58.614] [35960] [HailoRT] [info] [pipeline.cpp:891] [print_deep_description] LastAsyncEl0PostInferEl6AsyncHwEl | inputs: PostInferEl6AsyncHwEl[0] | outputs: user
[2026-04-03 00:39:58.614] [35960] [HailoRT] [info] [pipeline.cpp:891] [print_deep_description] PushQEl7AsyncHwEl | inputs: AsyncHwEl[0] | outputs: PostInferEl7AsyncHwEl(running in thread_id: 35983)
[2026-04-03 00:39:58.614] [35960] [HailoRT] [info] [pipeline.cpp:891] [print_deep_description] PostInferEl7AsyncHwEl | inputs: PushQEl7AsyncHwEl[0] | outputs: LastAsyncEl0PostInferEl7AsyncHwEl
[2026-04-03 00:39:58.614] [35960] [HailoRT] [info] [pipeline.cpp:891] [print_deep_description] LastAsyncEl0PostInferEl7AsyncHwEl | inputs: PostInferEl7AsyncHwEl[0] | outputs: user
[2026-04-03 00:39:58.614] [35960] [HailoRT] [info] [pipeline.cpp:891] [print_deep_description] PushQEl8AsyncHwEl | inputs: AsyncHwEl[0] | outputs: PostInferEl8AsyncHwEl(running in thread_id: 35984)
[2026-04-03 00:39:58.614] [35960] [HailoRT] [info] [pipeline.cpp:891] [print_deep_description] PostInferEl8AsyncHwEl | inputs: PushQEl8AsyncHwEl[0] | outputs: LastAsyncEl0PostInferEl8AsyncHwEl
[2026-04-03 00:39:58.614] [35960] [HailoRT] [info] [pipeline.cpp:891] [print_deep_description] LastAsyncEl0PostInferEl8AsyncHwEl | inputs: PostInferEl8AsyncHwEl[0] | outputs: user
[2026-04-03 00:40:01.655] [35960] [HailoRT] [info] [async_infer_runner.cpp:86] [shutdown] Pipeline was aborted. Shutting it down
[2026-04-03 00:40:01.656] [35960] [HailoRT] [info] [async_infer_runner.cpp:86] [shutdown] Pipeline was aborted. Shutting it down
[2026-04-03 00:40:01.656] [35960] [HailoRT] [info] [queue_elements.cpp:570] [execute_deactivate] enqueue() in element PushQEl0AsyncHwEl was aborted, got status = HAILO_SHUTDOWN_EVENT_SIGNALED(57)
[2026-04-03 00:40:01.656] [35960] [HailoRT] [info] [queue_elements.cpp:570] [execute_deactivate] enqueue() in element PushQEl1AsyncHwEl was aborted, got status = HAILO_SHUTDOWN_EVENT_SIGNALED(57)
[2026-04-03 00:40:01.656] [35960] [HailoRT] [info] [queue_elements.cpp:570] [execute_deactivate] enqueue() in element PushQEl2AsyncHwEl was aborted, got status = HAILO_SHUTDOWN_EVENT_SIGNALED(57)
[2026-04-03 00:40:01.656] [35960] [HailoRT] [info] [queue_elements.cpp:570] [execute_deactivate] enqueue() in element PushQEl3AsyncHwEl was aborted, got status = HAILO_SHUTDOWN_EVENT_SIGNALED(57)
[2026-04-03 00:40:01.656] [35960] [HailoRT] [info] [queue_elements.cpp:570] [execute_deactivate] enqueue() in element PushQEl4AsyncHwEl was aborted, got status = HAILO_SHUTDOWN_EVENT_SIGNALED(57)
[2026-04-03 00:40:01.656] [35960] [HailoRT] [info] [queue_elements.cpp:570] [execute_deactivate] enqueue() in element PushQEl5AsyncHwEl was aborted, got status = HAILO_SHUTDOWN_EVENT_SIGNALED(57)
[2026-04-03 00:40:01.656] [35960] [HailoRT] [info] [queue_elements.cpp:570] [execute_deactivate] enqueue() in element PushQEl6AsyncHwEl was aborted, got status = HAILO_SHUTDOWN_EVENT_SIGNALED(57)
[2026-04-03 00:40:01.656] [35960] [HailoRT] [info] [queue_elements.cpp:570] [execute_deactivate] enqueue() in element PushQEl7AsyncHwEl was aborted, got status = HAILO_SHUTDOWN_EVENT_SIGNALED(57)
[2026-04-03 00:40:01.656] [35960] [HailoRT] [info] [queue_elements.cpp:570] [execute_deactivate] enqueue() in element PushQEl8AsyncHwEl was aborted, got status = HAILO_SHUTDOWN_EVENT_SIGNALED(57)
[2026-04-03 00:40:01.656] [35960] [HailoRT] [info] [queue_elements.cpp:570] [execute_deactivate] enqueue() in element EntryPushQEl0yolov8s_pose/input_layer1 was aborted, got status = HAILO_SHUTDOWN_EVENT_SIGNALED(57)
[2026-04-03 00:40:01.656] [35960] [HailoRT] [info] [queue_elements.cpp:46] [~BaseQueueElement] Queue element EntryPushQEl0yolov8s_pose/input_layer1 has 0 frames in his Queue on destruction
[2026-04-03 00:40:01.656] [35960] [HailoRT] [info] [queue_elements.cpp:46] [~BaseQueueElement] Queue element PushQEl3AsyncHwEl has 0 frames in his Queue on destruction
[2026-04-03 00:40:01.656] [35960] [HailoRT] [info] [queue_elements.cpp:46] [~BaseQueueElement] Queue element PushQEl4AsyncHwEl has 0 frames in his Queue on destruction
[2026-04-03 00:40:01.656] [35960] [HailoRT] [info] [queue_elements.cpp:46] [~BaseQueueElement] Queue element PushQEl5AsyncHwEl has 0 frames in his Queue on destruction
[2026-04-03 00:40:01.656] [35960] [HailoRT] [info] [queue_elements.cpp:46] [~BaseQueueElement] Queue element PushQEl0AsyncHwEl has 0 frames in his Queue on destruction
[2026-04-03 00:40:01.656] [35960] [HailoRT] [info] [queue_elements.cpp:46] [~BaseQueueElement] Queue element PushQEl1AsyncHwEl has 0 frames in his Queue on destruction
[2026-04-03 00:40:01.656] [35960] [HailoRT] [info] [queue_elements.cpp:46] [~BaseQueueElement] Queue element PushQEl2AsyncHwEl has 0 frames in his Queue on destruction
[2026-04-03 00:40:01.656] [35960] [HailoRT] [info] [queue_elements.cpp:46] [~BaseQueueElement] Queue element PushQEl7AsyncHwEl has 0 frames in his Queue on destruction
[2026-04-03 00:40:01.656] [35960] [HailoRT] [info] [queue_elements.cpp:46] [~BaseQueueElement] Queue element PushQEl8AsyncHwEl has 0 frames in his Queue on destruction
[2026-04-03 00:40:01.656] [35960] [HailoRT] [info] [queue_elements.cpp:46] [~BaseQueueElement] Queue element PushQEl6AsyncHwEl has 0 frames in his Queue on destruction
[2026-04-03 00:40:56.467] [36099] [HailoRT] [info] [vdevice.cpp:523] [create] Creating vdevice with params: device_count: 1, scheduling_algorithm: ROUND_ROBIN, multi_process_service: false
[2026-04-03 00:40:56.479] [36099] [HailoRT] [info] [device.cpp:49] [Device] OS Version: Linux 6.12.62+rpt-rpi-2712 #1 SMP PREEMPT Debian 1:6.12.62-1+rpt1~bookworm (2026-01-19) aarch64
[2026-04-03 00:40:56.482] [36099] [HailoRT] [info] [control.cpp:108] [control__parse_identify_results] firmware_version is: 4.20.0
[2026-04-03 00:40:56.482] [36099] [HailoRT] [info] [vdevice.cpp:651] [create] VDevice Infos: 0001:01:00.0
[2026-04-03 00:40:56.598] [36099] [HailoRT] [info] [hef.cpp:1929] [get_network_group_and_network_name] No name was given. Addressing all networks of default network_group: yolov8s_pose
[2026-04-03 00:40:56.599] [36099] [HailoRT] [info] [hef.cpp:1929] [get_network_group_and_network_name] No name was given. Addressing all networks of default network_group: yolov8s_pose
[2026-04-03 00:40:56.602] [36099] [HailoRT] [info] [hef.cpp:1929] [get_network_group_and_network_name] No name was given. Addressing all networks of default network_group: yolov8s_pose
[2026-04-03 00:40:56.602] [36099] [HailoRT] [info] [hef.cpp:1929] [get_network_group_and_network_name] No name was given. Addressing all networks of default network_group: yolov8s_pose
[2026-04-03 00:40:56.602] [36099] [HailoRT] [info] [hef.cpp:1929] [get_network_group_and_network_name] No name was given. Addressing all networks of default network_group: yolov8s_pose
[2026-04-03 00:40:56.602] [36099] [HailoRT] [warning] [device_internal.cpp:616] [check_hef_is_compatible] HEF was compiled for Hailo8L device, while the device itself is Hailo8. This will result in lower performance.
[2026-04-03 00:40:56.603] [36099] [HailoRT] [warning] [device_internal.cpp:616] [check_hef_is_compatible] HEF was compiled for Hailo8L device, while the device itself is Hailo8. This will result in lower performance.
[2026-04-03 00:40:56.610] [36099] [HailoRT] [info] [internal_buffer_manager.cpp:204] [print_execution_results] Planned internal buffer memory: CMA memory 0, user memory 3321344. memory to edge layer usage factor is 0.93083656
[2026-04-03 00:40:56.610] [36099] [HailoRT] [info] [internal_buffer_manager.cpp:212] [print_execution_results] Default Internal buffer planner executed successfully
[2026-04-03 00:40:56.635] [36099] [HailoRT] [info] [device_internal.cpp:57] [configure] Configuring HEF took 32.888081 milliseconds
[2026-04-03 00:40:56.635] [36099] [HailoRT] [info] [vdevice.cpp:749] [configure] Configuring HEF on VDevice took 33.476304 milliseconds
[2026-04-03 00:40:56.635] [36099] [HailoRT] [info] [infer_model.cpp:436] [configure] Configuring network group 'yolov8s_pose' with params: batch size: 1, power mode: PERFORMANCE, latency: NONE
[2026-04-03 00:40:56.636] [36099] [HailoRT] [info] [multi_io_elements.cpp:756] [create] Created (AsyncHwEl)
[2026-04-03 00:40:56.636] [36099] [HailoRT] [info] [queue_elements.cpp:450] [create] Created (EntryPushQEl0yolov8s_pose/input_layer1 | timeout: 10s)
[2026-04-03 00:40:56.636] [36099] [HailoRT] [info] [queue_elements.cpp:450] [create] Created (PushQEl3AsyncHwEl | timeout: 10s)
[2026-04-03 00:40:56.636] [36099] [HailoRT] [info] [filter_elements.cpp:375] [create] Created (PostInferEl3AsyncHwEl | Quantization - src_type: UINT8, dst_type FLOAT32, limvals_min: -6.02712, limvals_max: 11.844)
[2026-04-03 00:40:56.636] [36099] [HailoRT] [info] [edge_elements.cpp:187] [create] Created (LastAsyncEl0PostInferEl3AsyncHwEl)
[2026-04-03 00:40:56.636] [36099] [HailoRT] [info] [queue_elements.cpp:450] [create] Created (PushQEl4AsyncHwEl | timeout: 10s)
[2026-04-03 00:40:56.636] [36099] [HailoRT] [info] [filter_elements.cpp:375] [create] Created (PostInferEl4AsyncHwEl | Quantization - src_type: UINT8, dst_type FLOAT32, limvals_min: -9.25656, limvals_max: 9.32945 | Reorder - src_order: FCR, src_shape: (20, 20, 56), dst_order: FCR, dst_shape: (20, 20, 51))
[2026-04-03 00:40:56.636] [36099] [HailoRT] [info] [edge_elements.cpp:187] [create] Created (LastAsyncEl0PostInferEl4AsyncHwEl)
[2026-04-03 00:40:56.636] [36099] [HailoRT] [info] [queue_elements.cpp:450] [create] Created (PushQEl5AsyncHwEl | timeout: 10s)
[2026-04-03 00:40:56.636] [36099] [HailoRT] [info] [filter_elements.cpp:375] [create] Created (PostInferEl5AsyncHwEl | Quantization - src_type: UINT8, dst_type FLOAT32, limvals_min: -5.14938, limvals_max: 13.8809)
[2026-04-03 00:40:56.636] [36099] [HailoRT] [info] [edge_elements.cpp:187] [create] Created (LastAsyncEl0PostInferEl5AsyncHwEl)
[2026-04-03 00:40:56.636] [36099] [HailoRT] [info] [queue_elements.cpp:450] [create] Created (PushQEl0AsyncHwEl | timeout: 10s)
[2026-04-03 00:40:56.636] [36099] [HailoRT] [info] [filter_elements.cpp:375] [create] Created (PostInferEl0AsyncHwEl | Quantization - src_type: UINT8, dst_type FLOAT32, limvals_min: 0, limvals_max: 0.927867)
[2026-04-03 00:40:56.636] [36099] [HailoRT] [info] [edge_elements.cpp:187] [create] Created (LastAsyncEl0PostInferEl0AsyncHwEl)
[2026-04-03 00:40:56.636] [36099] [HailoRT] [info] [queue_elements.cpp:450] [create] Created (PushQEl1AsyncHwEl | timeout: 10s)
[2026-04-03 00:40:56.636] [36099] [HailoRT] [info] [filter_elements.cpp:375] [create] Created (PostInferEl1AsyncHwEl | Quantization - src_type: UINT8, dst_type FLOAT32, limvals_min: -5.39702, limvals_max: 12.7114)
[2026-04-03 00:40:56.636] [36099] [HailoRT] [info] [edge_elements.cpp:187] [create] Created (LastAsyncEl0PostInferEl1AsyncHwEl)
[2026-04-03 00:40:56.636] [36099] [HailoRT] [info] [queue_elements.cpp:450] [create] Created (PushQEl2AsyncHwEl | timeout: 10s)
[2026-04-03 00:40:56.636] [36099] [HailoRT] [info] [filter_elements.cpp:375] [create] Created (PostInferEl2AsyncHwEl | Quantization - src_type: UINT8, dst_type FLOAT32, limvals_min: 0, limvals_max: 0.820417)
[2026-04-03 00:40:56.636] [36099] [HailoRT] [info] [edge_elements.cpp:187] [create] Created (LastAsyncEl0PostInferEl2AsyncHwEl)
[2026-04-03 00:40:56.637] [36099] [HailoRT] [info] [queue_elements.cpp:450] [create] Created (PushQEl7AsyncHwEl | timeout: 10s)
[2026-04-03 00:40:56.637] [36099] [HailoRT] [info] [filter_elements.cpp:375] [create] Created (PostInferEl7AsyncHwEl | Quantization - src_type: UINT8, dst_type FLOAT32, limvals_min: -11.0503, limvals_max: 6.78402 | Reorder - src_order: FCR, src_shape: (40, 40, 56), dst_order: FCR, dst_shape: (40, 40, 51))
[2026-04-03 00:40:56.637] [36099] [HailoRT] [info] [edge_elements.cpp:187] [create] Created (LastAsyncEl0PostInferEl7AsyncHwEl)
[2026-04-03 00:40:56.637] [36099] [HailoRT] [info] [queue_elements.cpp:450] [create] Created (PushQEl8AsyncHwEl | timeout: 10s)
[2026-04-03 00:40:56.637] [36099] [HailoRT] [info] [filter_elements.cpp:375] [create] Created (PostInferEl8AsyncHwEl | Quantization - src_type: UINT8, dst_type FLOAT32, limvals_min: 0, limvals_max: 0.617845)
[2026-04-03 00:40:56.637] [36099] [HailoRT] [info] [edge_elements.cpp:187] [create] Created (LastAsyncEl0PostInferEl8AsyncHwEl)
[2026-04-03 00:40:56.637] [36099] [HailoRT] [info] [queue_elements.cpp:450] [create] Created (PushQEl6AsyncHwEl | timeout: 10s)
[2026-04-03 00:40:56.637] [36099] [HailoRT] [info] [filter_elements.cpp:375] [create] Created (PostInferEl6AsyncHwEl | Quantization - src_type: UINT8, dst_type FLOAT32, limvals_min: -7.42123, limvals_max: 5.81243 | Reorder - src_order: FCR, src_shape: (80, 80, 56), dst_order: FCR, dst_shape: (80, 80, 51))
[2026-04-03 00:40:56.637] [36099] [HailoRT] [info] [edge_elements.cpp:187] [create] Created (LastAsyncEl0PostInferEl6AsyncHwEl)
[2026-04-03 00:40:56.637] [36099] [HailoRT] [info] [pipeline.cpp:891] [print_deep_description] EntryPushQEl0yolov8s_pose/input_layer1 | inputs: user | outputs: AsyncHwEl(running in thread_id: 36108)
[2026-04-03 00:40:56.637] [36099] [HailoRT] [info] [pipeline.cpp:891] [print_deep_description] AsyncHwEl | inputs: EntryPushQEl0yolov8s_pose/input_layer1[0] | outputs: PushQEl0AsyncHwEl PushQEl1AsyncHwEl PushQEl2AsyncHwEl PushQEl3AsyncHwEl PushQEl4AsyncHwEl PushQEl5AsyncHwEl PushQEl6AsyncHwEl PushQEl7AsyncHwEl PushQEl8AsyncHwEl
[2026-04-03 00:40:56.637] [36099] [HailoRT] [info] [pipeline.cpp:891] [print_deep_description] PushQEl0AsyncHwEl | inputs: AsyncHwEl[0] | outputs: PostInferEl0AsyncHwEl(running in thread_id: 36112)
[2026-04-03 00:40:56.637] [36099] [HailoRT] [info] [pipeline.cpp:891] [print_deep_description] PostInferEl0AsyncHwEl | inputs: PushQEl0AsyncHwEl[0] | outputs: LastAsyncEl0PostInferEl0AsyncHwEl
[2026-04-03 00:40:56.637] [36099] [HailoRT] [info] [pipeline.cpp:891] [print_deep_description] LastAsyncEl0PostInferEl0AsyncHwEl | inputs: PostInferEl0AsyncHwEl[0] | outputs: user
[2026-04-03 00:40:56.637] [36099] [HailoRT] [info] [pipeline.cpp:891] [print_deep_description] PushQEl1AsyncHwEl | inputs: AsyncHwEl[0] | outputs: PostInferEl1AsyncHwEl(running in thread_id: 36113)
[2026-04-03 00:40:56.637] [36099] [HailoRT] [info] [pipeline.cpp:891] [print_deep_description] PostInferEl1AsyncHwEl | inputs: PushQEl1AsyncHwEl[0] | outputs: LastAsyncEl0PostInferEl1AsyncHwEl
[2026-04-03 00:40:56.637] [36099] [HailoRT] [info] [pipeline.cpp:891] [print_deep_description] LastAsyncEl0PostInferEl1AsyncHwEl | inputs: PostInferEl1AsyncHwEl[0] | outputs: user
[2026-04-03 00:40:56.637] [36099] [HailoRT] [info] [pipeline.cpp:891] [print_deep_description] PushQEl2AsyncHwEl | inputs: AsyncHwEl[0] | outputs: PostInferEl2AsyncHwEl(running in thread_id: 36114)
[2026-04-03 00:40:56.637] [36099] [HailoRT] [info] [pipeline.cpp:891] [print_deep_description] PostInferEl2AsyncHwEl | inputs: PushQEl2AsyncHwEl[0] | outputs: LastAsyncEl0PostInferEl2AsyncHwEl
[2026-04-03 00:40:56.637] [36099] [HailoRT] [info] [pipeline.cpp:891] [print_deep_description] LastAsyncEl0PostInferEl2AsyncHwEl | inputs: PostInferEl2AsyncHwEl[0] | outputs: user
[2026-04-03 00:40:56.637] [36099] [HailoRT] [info] [pipeline.cpp:891] [print_deep_description] PushQEl3AsyncHwEl | inputs: AsyncHwEl[0] | outputs: PostInferEl3AsyncHwEl(running in thread_id: 36109)
[2026-04-03 00:40:56.637] [36099] [HailoRT] [info] [pipeline.cpp:891] [print_deep_description] PostInferEl3AsyncHwEl | inputs: PushQEl3AsyncHwEl[0] | outputs: LastAsyncEl0PostInferEl3AsyncHwEl
[2026-04-03 00:40:56.637] [36099] [HailoRT] [info] [pipeline.cpp:891] [print_deep_description] LastAsyncEl0PostInferEl3AsyncHwEl | inputs: PostInferEl3AsyncHwEl[0] | outputs: user
[2026-04-03 00:40:56.637] [36099] [HailoRT] [info] [pipeline.cpp:891] [print_deep_description] PushQEl4AsyncHwEl | inputs: AsyncHwEl[0] | outputs: PostInferEl4AsyncHwEl(running in thread_id: 36110)
[2026-04-03 00:40:56.637] [36099] [HailoRT] [info] [pipeline.cpp:891] [print_deep_description] PostInferEl4AsyncHwEl | inputs: PushQEl4AsyncHwEl[0] | outputs: LastAsyncEl0PostInferEl4AsyncHwEl
[2026-04-03 00:40:56.637] [36099] [HailoRT] [info] [pipeline.cpp:891] [print_deep_description] LastAsyncEl0PostInferEl4AsyncHwEl | inputs: PostInferEl4AsyncHwEl[0] | outputs: user
[2026-04-03 00:40:56.637] [36099] [HailoRT] [info] [pipeline.cpp:891] [print_deep_description] PushQEl5AsyncHwEl | inputs: AsyncHwEl[0] | outputs: PostInferEl5AsyncHwEl(running in thread_id: 36111)
[2026-04-03 00:40:56.637] [36099] [HailoRT] [info] [pipeline.cpp:891] [print_deep_description] PostInferEl5AsyncHwEl | inputs: PushQEl5AsyncHwEl[0] | outputs: LastAsyncEl0PostInferEl5AsyncHwEl
[2026-04-03 00:40:56.637] [36099] [HailoRT] [info] [pipeline.cpp:891] [print_deep_description] LastAsyncEl0PostInferEl5AsyncHwEl | inputs: PostInferEl5AsyncHwEl[0] | outputs: user
[2026-04-03 00:40:56.637] [36099] [HailoRT] [info] [pipeline.cpp:891] [print_deep_description] PushQEl6AsyncHwEl | inputs: AsyncHwEl[0] | outputs: PostInferEl6AsyncHwEl(running in thread_id: 36117)
[2026-04-03 00:40:56.637] [36099] [HailoRT] [info] [pipeline.cpp:891] [print_deep_description] PostInferEl6AsyncHwEl | inputs: PushQEl6AsyncHwEl[0] | outputs: LastAsyncEl0PostInferEl6AsyncHwEl
[2026-04-03 00:40:56.637] [36099] [HailoRT] [info] [pipeline.cpp:891] [print_deep_description] LastAsyncEl0PostInferEl6AsyncHwEl | inputs: PostInferEl6AsyncHwEl[0] | outputs: user
[2026-04-03 00:40:56.637] [36099] [HailoRT] [info] [pipeline.cpp:891] [print_deep_description] PushQEl7AsyncHwEl | inputs: AsyncHwEl[0] | outputs: PostInferEl7AsyncHwEl(running in thread_id: 36115)
[2026-04-03 00:40:56.637] [36099] [HailoRT] [info] [pipeline.cpp:891] [print_deep_description] PostInferEl7AsyncHwEl | inputs: PushQEl7AsyncHwEl[0] | outputs: LastAsyncEl0PostInferEl7AsyncHwEl
[2026-04-03 00:40:56.637] [36099] [HailoRT] [info] [pipeline.cpp:891] [print_deep_description] LastAsyncEl0PostInferEl7AsyncHwEl | inputs: PostInferEl7AsyncHwEl[0] | outputs: user
[2026-04-03 00:40:56.637] [36099] [HailoRT] [info] [pipeline.cpp:891] [print_deep_description] PushQEl8AsyncHwEl | inputs: AsyncHwEl[0] | outputs: PostInferEl8AsyncHwEl(running in thread_id: 36116)
[2026-04-03 00:40:56.637] [36099] [HailoRT] [info] [pipeline.cpp:891] [print_deep_description] PostInferEl8AsyncHwEl | inputs: PushQEl8AsyncHwEl[0] | outputs: LastAsyncEl0PostInferEl8AsyncHwEl
[2026-04-03 00:40:56.637] [36099] [HailoRT] [info] [pipeline.cpp:891] [print_deep_description] LastAsyncEl0PostInferEl8AsyncHwEl | inputs: PostInferEl8AsyncHwEl[0] | outputs: user
[2026-04-03 00:40:58.479] [36099] [HailoRT] [info] [async_infer_runner.cpp:86] [shutdown] Pipeline was aborted. Shutting it down
[2026-04-03 00:40:58.479] [36099] [HailoRT] [info] [async_infer_runner.cpp:86] [shutdown] Pipeline was aborted. Shutting it down
[2026-04-03 00:40:58.479] [36099] [HailoRT] [info] [queue_elements.cpp:570] [execute_deactivate] enqueue() in element PushQEl0AsyncHwEl was aborted, got status = HAILO_SHUTDOWN_EVENT_SIGNALED(57)
[2026-04-03 00:40:58.479] [36099] [HailoRT] [info] [queue_elements.cpp:570] [execute_deactivate] enqueue() in element PushQEl1AsyncHwEl was aborted, got status = HAILO_SHUTDOWN_EVENT_SIGNALED(57)
[2026-04-03 00:40:58.479] [36099] [HailoRT] [info] [queue_elements.cpp:570] [execute_deactivate] enqueue() in element PushQEl2AsyncHwEl was aborted, got status = HAILO_SHUTDOWN_EVENT_SIGNALED(57)
[2026-04-03 00:40:58.479] [36099] [HailoRT] [info] [queue_elements.cpp:570] [execute_deactivate] enqueue() in element PushQEl3AsyncHwEl was aborted, got status = HAILO_SHUTDOWN_EVENT_SIGNALED(57)
[2026-04-03 00:40:58.479] [36099] [HailoRT] [info] [queue_elements.cpp:570] [execute_deactivate] enqueue() in element PushQEl4AsyncHwEl was aborted, got status = HAILO_SHUTDOWN_EVENT_SIGNALED(57)
[2026-04-03 00:40:58.479] [36099] [HailoRT] [info] [queue_elements.cpp:570] [execute_deactivate] enqueue() in element PushQEl5AsyncHwEl was aborted, got status = HAILO_SHUTDOWN_EVENT_SIGNALED(57)
[2026-04-03 00:40:58.479] [36099] [HailoRT] [info] [queue_elements.cpp:570] [execute_deactivate] enqueue() in element PushQEl6AsyncHwEl was aborted, got status = HAILO_SHUTDOWN_EVENT_SIGNALED(57)
[2026-04-03 00:40:58.479] [36099] [HailoRT] [info] [queue_elements.cpp:570] [execute_deactivate] enqueue() in element PushQEl7AsyncHwEl was aborted, got status = HAILO_SHUTDOWN_EVENT_SIGNALED(57)
[2026-04-03 00:40:58.479] [36099] [HailoRT] [info] [queue_elements.cpp:570] [execute_deactivate] enqueue() in element PushQEl8AsyncHwEl was aborted, got status = HAILO_SHUTDOWN_EVENT_SIGNALED(57)
[2026-04-03 00:40:58.479] [36099] [HailoRT] [info] [queue_elements.cpp:570] [execute_deactivate] enqueue() in element EntryPushQEl0yolov8s_pose/input_layer1 was aborted, got status = HAILO_SHUTDOWN_EVENT_SIGNALED(57)
[2026-04-03 00:40:58.479] [36099] [HailoRT] [info] [queue_elements.cpp:46] [~BaseQueueElement] Queue element EntryPushQEl0yolov8s_pose/input_layer1 has 0 frames in his Queue on destruction
[2026-04-03 00:40:58.479] [36099] [HailoRT] [info] [queue_elements.cpp:46] [~BaseQueueElement] Queue element PushQEl3AsyncHwEl has 0 frames in his Queue on destruction
[2026-04-03 00:40:58.479] [36099] [HailoRT] [info] [queue_elements.cpp:46] [~BaseQueueElement] Queue element PushQEl4AsyncHwEl has 0 frames in his Queue on destruction
[2026-04-03 00:40:58.479] [36099] [HailoRT] [info] [queue_elements.cpp:46] [~BaseQueueElement] Queue element PushQEl5AsyncHwEl has 0 frames in his Queue on destruction
[2026-04-03 00:40:58.480] [36099] [HailoRT] [info] [queue_elements.cpp:46] [~BaseQueueElement] Queue element PushQEl0AsyncHwEl has 0 frames in his Queue on destruction
[2026-04-03 00:40:58.480] [36099] [HailoRT] [info] [queue_elements.cpp:46] [~BaseQueueElement] Queue element PushQEl1AsyncHwEl has 0 frames in his Queue on destruction
[2026-04-03 00:40:58.480] [36099] [HailoRT] [info] [queue_elements.cpp:46] [~BaseQueueElement] Queue element PushQEl2AsyncHwEl has 0 frames in his Queue on destruction
[2026-04-03 00:40:58.480] [36099] [HailoRT] [info] [queue_elements.cpp:46] [~BaseQueueElement] Queue element PushQEl7AsyncHwEl has 0 frames in his Queue on destruction
[2026-04-03 00:40:58.480] [36099] [HailoRT] [info] [queue_elements.cpp:46] [~BaseQueueElement] Queue element PushQEl8AsyncHwEl has 0 frames in his Queue on destruction
[2026-04-03 00:40:58.480] [36099] [HailoRT] [info] [queue_elements.cpp:46] [~BaseQueueElement] Queue element PushQEl6AsyncHwEl has 0 frames in his Queue on destruction
[2026-04-03 00:41:13.128] [36222] [HailoRT] [info] [vdevice.cpp:523] [create] Creating vdevice with params: device_count: 1, scheduling_algorithm: ROUND_ROBIN, multi_process_service: false
[2026-04-03 00:41:13.139] [36222] [HailoRT] [info] [device.cpp:49] [Device] OS Version: Linux 6.12.62+rpt-rpi-2712 #1 SMP PREEMPT Debian 1:6.12.62-1+rpt1~bookworm (2026-01-19) aarch64
[2026-04-03 00:41:13.140] [36222] [HailoRT] [info] [control.cpp:108] [control__parse_identify_results] firmware_version is: 4.20.0
[2026-04-03 00:41:13.140] [36222] [HailoRT] [info] [vdevice.cpp:651] [create] VDevice Infos: 0001:01:00.0
[2026-04-03 00:41:13.243] [36222] [HailoRT] [info] [hef.cpp:1929] [get_network_group_and_network_name] No name was given. Addressing all networks of default network_group: yolov8s_pose
[2026-04-03 00:41:13.243] [36222] [HailoRT] [info] [hef.cpp:1929] [get_network_group_and_network_name] No name was given. Addressing all networks of default network_group: yolov8s_pose
[2026-04-03 00:41:13.243] [36222] [HailoRT] [info] [hef.cpp:1929] [get_network_group_and_network_name] No name was given. Addressing all networks of default network_group: yolov8s_pose
[2026-04-03 00:41:13.243] [36222] [HailoRT] [info] [hef.cpp:1929] [get_network_group_and_network_name] No name was given. Addressing all networks of default network_group: yolov8s_pose
[2026-04-03 00:41:13.243] [36222] [HailoRT] [info] [hef.cpp:1929] [get_network_group_and_network_name] No name was given. Addressing all networks of default network_group: yolov8s_pose
[2026-04-03 00:41:13.244] [36222] [HailoRT] [warning] [device_internal.cpp:616] [check_hef_is_compatible] HEF was compiled for Hailo8L device, while the device itself is Hailo8. This will result in lower performance.
[2026-04-03 00:41:13.244] [36222] [HailoRT] [warning] [device_internal.cpp:616] [check_hef_is_compatible] HEF was compiled for Hailo8L device, while the device itself is Hailo8. This will result in lower performance.
[2026-04-03 00:41:13.250] [36222] [HailoRT] [info] [internal_buffer_manager.cpp:204] [print_execution_results] Planned internal buffer memory: CMA memory 0, user memory 3321344. memory to edge layer usage factor is 0.93083656
[2026-04-03 00:41:13.250] [36222] [HailoRT] [info] [internal_buffer_manager.cpp:212] [print_execution_results] Default Internal buffer planner executed successfully
[2026-04-03 00:41:13.275] [36222] [HailoRT] [info] [device_internal.cpp:57] [configure] Configuring HEF took 30.956283 milliseconds
[2026-04-03 00:41:13.275] [36222] [HailoRT] [info] [vdevice.cpp:749] [configure] Configuring HEF on VDevice took 31.491821 milliseconds
[2026-04-03 00:41:13.275] [36222] [HailoRT] [info] [infer_model.cpp:436] [configure] Configuring network group 'yolov8s_pose' with params: batch size: 1, power mode: PERFORMANCE, latency: NONE
[2026-04-03 00:41:13.275] [36222] [HailoRT] [info] [multi_io_elements.cpp:756] [create] Created (AsyncHwEl)
[2026-04-03 00:41:13.275] [36222] [HailoRT] [info] [queue_elements.cpp:450] [create] Created (EntryPushQEl0yolov8s_pose/input_layer1 | timeout: 10s)
[2026-04-03 00:41:13.276] [36222] [HailoRT] [info] [queue_elements.cpp:450] [create] Created (PushQEl3AsyncHwEl | timeout: 10s)
[2026-04-03 00:41:13.276] [36222] [HailoRT] [info] [filter_elements.cpp:375] [create] Created (PostInferEl3AsyncHwEl | Quantization - src_type: UINT8, dst_type FLOAT32, limvals_min: -6.02712, limvals_max: 11.844)
[2026-04-03 00:41:13.276] [36222] [HailoRT] [info] [edge_elements.cpp:187] [create] Created (LastAsyncEl0PostInferEl3AsyncHwEl)
[2026-04-03 00:41:13.276] [36222] [HailoRT] [info] [queue_elements.cpp:450] [create] Created (PushQEl4AsyncHwEl | timeout: 10s)
[2026-04-03 00:41:13.276] [36222] [HailoRT] [info] [filter_elements.cpp:375] [create] Created (PostInferEl4AsyncHwEl | Quantization - src_type: UINT8, dst_type FLOAT32, limvals_min: -9.25656, limvals_max: 9.32945 | Reorder - src_order: FCR, src_shape: (20, 20, 56), dst_order: FCR, dst_shape: (20, 20, 51))
[2026-04-03 00:41:13.276] [36222] [HailoRT] [info] [edge_elements.cpp:187] [create] Created (LastAsyncEl0PostInferEl4AsyncHwEl)
[2026-04-03 00:41:13.276] [36222] [HailoRT] [info] [queue_elements.cpp:450] [create] Created (PushQEl5AsyncHwEl | timeout: 10s)
[2026-04-03 00:41:13.276] [36222] [HailoRT] [info] [filter_elements.cpp:375] [create] Created (PostInferEl5AsyncHwEl | Quantization - src_type: UINT8, dst_type FLOAT32, limvals_min: -5.14938, limvals_max: 13.8809)
[2026-04-03 00:41:13.276] [36222] [HailoRT] [info] [edge_elements.cpp:187] [create] Created (LastAsyncEl0PostInferEl5AsyncHwEl)
[2026-04-03 00:41:13.276] [36222] [HailoRT] [info] [queue_elements.cpp:450] [create] Created (PushQEl0AsyncHwEl | timeout: 10s)
[2026-04-03 00:41:13.276] [36222] [HailoRT] [info] [filter_elements.cpp:375] [create] Created (PostInferEl0AsyncHwEl | Quantization - src_type: UINT8, dst_type FLOAT32, limvals_min: 0, limvals_max: 0.927867)
[2026-04-03 00:41:13.276] [36222] [HailoRT] [info] [edge_elements.cpp:187] [create] Created (LastAsyncEl0PostInferEl0AsyncHwEl)
[2026-04-03 00:41:13.276] [36222] [HailoRT] [info] [queue_elements.cpp:450] [create] Created (PushQEl1AsyncHwEl | timeout: 10s)
[2026-04-03 00:41:13.276] [36222] [HailoRT] [info] [filter_elements.cpp:375] [create] Created (PostInferEl1AsyncHwEl | Quantization - src_type: UINT8, dst_type FLOAT32, limvals_min: -5.39702, limvals_max: 12.7114)
[2026-04-03 00:41:13.276] [36222] [HailoRT] [info] [edge_elements.cpp:187] [create] Created (LastAsyncEl0PostInferEl1AsyncHwEl)
[2026-04-03 00:41:13.277] [36222] [HailoRT] [info] [queue_elements.cpp:450] [create] Created (PushQEl2AsyncHwEl | timeout: 10s)
[2026-04-03 00:41:13.277] [36222] [HailoRT] [info] [filter_elements.cpp:375] [create] Created (PostInferEl2AsyncHwEl | Quantization - src_type: UINT8, dst_type FLOAT32, limvals_min: 0, limvals_max: 0.820417)
[2026-04-03 00:41:13.277] [36222] [HailoRT] [info] [edge_elements.cpp:187] [create] Created (LastAsyncEl0PostInferEl2AsyncHwEl)
[2026-04-03 00:41:13.277] [36222] [HailoRT] [info] [queue_elements.cpp:450] [create] Created (PushQEl7AsyncHwEl | timeout: 10s)
[2026-04-03 00:41:13.277] [36222] [HailoRT] [info] [filter_elements.cpp:375] [create] Created (PostInferEl7AsyncHwEl | Quantization - src_type: UINT8, dst_type FLOAT32, limvals_min: -11.0503, limvals_max: 6.78402 | Reorder - src_order: FCR, src_shape: (40, 40, 56), dst_order: FCR, dst_shape: (40, 40, 51))
[2026-04-03 00:41:13.277] [36222] [HailoRT] [info] [edge_elements.cpp:187] [create] Created (LastAsyncEl0PostInferEl7AsyncHwEl)
[2026-04-03 00:41:13.277] [36222] [HailoRT] [info] [queue_elements.cpp:450] [create] Created (PushQEl8AsyncHwEl | timeout: 10s)
[2026-04-03 00:41:13.277] [36222] [HailoRT] [info] [filter_elements.cpp:375] [create] Created (PostInferEl8AsyncHwEl | Quantization - src_type: UINT8, dst_type FLOAT32, limvals_min: 0, limvals_max: 0.617845)
[2026-04-03 00:41:13.277] [36222] [HailoRT] [info] [edge_elements.cpp:187] [create] Created (LastAsyncEl0PostInferEl8AsyncHwEl)
[2026-04-03 00:41:13.277] [36222] [HailoRT] [info] [queue_elements.cpp:450] [create] Created (PushQEl6AsyncHwEl | timeout: 10s)
[2026-04-03 00:41:13.277] [36222] [HailoRT] [info] [filter_elements.cpp:375] [create] Created (PostInferEl6AsyncHwEl | Quantization - src_type: UINT8, dst_type FLOAT32, limvals_min: -7.42123, limvals_max: 5.81243 | Reorder - src_order: FCR, src_shape: (80, 80, 56), dst_order: FCR, dst_shape: (80, 80, 51))
[2026-04-03 00:41:13.277] [36222] [HailoRT] [info] [edge_elements.cpp:187] [create] Created (LastAsyncEl0PostInferEl6AsyncHwEl)
[2026-04-03 00:41:13.277] [36222] [HailoRT] [info] [pipeline.cpp:891] [print_deep_description] EntryPushQEl0yolov8s_pose/input_layer1 | inputs: user | outputs: AsyncHwEl(running in thread_id: 36231)
[2026-04-03 00:41:13.277] [36222] [HailoRT] [info] [pipeline.cpp:891] [print_deep_description] AsyncHwEl | inputs: EntryPushQEl0yolov8s_pose/input_layer1[0] | outputs: PushQEl0AsyncHwEl PushQEl1AsyncHwEl PushQEl2AsyncHwEl PushQEl3AsyncHwEl PushQEl4AsyncHwEl PushQEl5AsyncHwEl PushQEl6AsyncHwEl PushQEl7AsyncHwEl PushQEl8AsyncHwEl
[2026-04-03 00:41:13.277] [36222] [HailoRT] [info] [pipeline.cpp:891] [print_deep_description] PushQEl0AsyncHwEl | inputs: AsyncHwEl[0] | outputs: PostInferEl0AsyncHwEl(running in thread_id: 36235)
[2026-04-03 00:41:13.277] [36222] [HailoRT] [info] [pipeline.cpp:891] [print_deep_description] PostInferEl0AsyncHwEl | inputs: PushQEl0AsyncHwEl[0] | outputs: LastAsyncEl0PostInferEl0AsyncHwEl
[2026-04-03 00:41:13.277] [36222] [HailoRT] [info] [pipeline.cpp:891] [print_deep_description] LastAsyncEl0PostInferEl0AsyncHwEl | inputs: PostInferEl0AsyncHwEl[0] | outputs: user
[2026-04-03 00:41:13.277] [36222] [HailoRT] [info] [pipeline.cpp:891] [print_deep_description] PushQEl1AsyncHwEl | inputs: AsyncHwEl[0] | outputs: PostInferEl1AsyncHwEl(running in thread_id: 36236)
[2026-04-03 00:41:13.277] [36222] [HailoRT] [info] [pipeline.cpp:891] [print_deep_description] PostInferEl1AsyncHwEl | inputs: PushQEl1AsyncHwEl[0] | outputs: LastAsyncEl0PostInferEl1AsyncHwEl
[2026-04-03 00:41:13.277] [36222] [HailoRT] [info] [pipeline.cpp:891] [print_deep_description] LastAsyncEl0PostInferEl1AsyncHwEl | inputs: PostInferEl1AsyncHwEl[0] | outputs: user
[2026-04-03 00:41:13.277] [36222] [HailoRT] [info] [pipeline.cpp:891] [print_deep_description] PushQEl2AsyncHwEl | inputs: AsyncHwEl[0] | outputs: PostInferEl2AsyncHwEl(running in thread_id: 36237)
[2026-04-03 00:41:13.277] [36222] [HailoRT] [info] [pipeline.cpp:891] [print_deep_description] PostInferEl2AsyncHwEl | inputs: PushQEl2AsyncHwEl[0] | outputs: LastAsyncEl0PostInferEl2AsyncHwEl
[2026-04-03 00:41:13.277] [36222] [HailoRT] [info] [pipeline.cpp:891] [print_deep_description] LastAsyncEl0PostInferEl2AsyncHwEl | inputs: PostInferEl2AsyncHwEl[0] | outputs: user
[2026-04-03 00:41:13.277] [36222] [HailoRT] [info] [pipeline.cpp:891] [print_deep_description] PushQEl3AsyncHwEl | inputs: AsyncHwEl[0] | outputs: PostInferEl3AsyncHwEl(running in thread_id: 36232)
[2026-04-03 00:41:13.277] [36222] [HailoRT] [info] [pipeline.cpp:891] [print_deep_description] PostInferEl3AsyncHwEl | inputs: PushQEl3AsyncHwEl[0] | outputs: LastAsyncEl0PostInferEl3AsyncHwEl
[2026-04-03 00:41:13.277] [36222] [HailoRT] [info] [pipeline.cpp:891] [print_deep_description] LastAsyncEl0PostInferEl3AsyncHwEl | inputs: PostInferEl3AsyncHwEl[0] | outputs: user
[2026-04-03 00:41:13.277] [36222] [HailoRT] [info] [pipeline.cpp:891] [print_deep_description] PushQEl4AsyncHwEl | inputs: AsyncHwEl[0] | outputs: PostInferEl4AsyncHwEl(running in thread_id: 36233)
[2026-04-03 00:41:13.277] [36222] [HailoRT] [info] [pipeline.cpp:891] [print_deep_description] PostInferEl4AsyncHwEl | inputs: PushQEl4AsyncHwEl[0] | outputs: LastAsyncEl0PostInferEl4AsyncHwEl
[2026-04-03 00:41:13.277] [36222] [HailoRT] [info] [pipeline.cpp:891] [print_deep_description] LastAsyncEl0PostInferEl4AsyncHwEl | inputs: PostInferEl4AsyncHwEl[0] | outputs: user
[2026-04-03 00:41:13.277] [36222] [HailoRT] [info] [pipeline.cpp:891] [print_deep_description] PushQEl5AsyncHwEl | inputs: AsyncHwEl[0] | outputs: PostInferEl5AsyncHwEl(running in thread_id: 36234)
[2026-04-03 00:41:13.277] [36222] [HailoRT] [info] [pipeline.cpp:891] [print_deep_description] PostInferEl5AsyncHwEl | inputs: PushQEl5AsyncHwEl[0] | outputs: LastAsyncEl0PostInferEl5AsyncHwEl
[2026-04-03 00:41:13.277] [36222] [HailoRT] [info] [pipeline.cpp:891] [print_deep_description] LastAsyncEl0PostInferEl5AsyncHwEl | inputs: PostInferEl5AsyncHwEl[0] | outputs: user
[2026-04-03 00:41:13.277] [36222] [HailoRT] [info] [pipeline.cpp:891] [print_deep_description] PushQEl6AsyncHwEl | inputs: AsyncHwEl[0] | outputs: PostInferEl6AsyncHwEl(running in thread_id: 36240)
[2026-04-03 00:41:13.277] [36222] [HailoRT] [info] [pipeline.cpp:891] [print_deep_description] PostInferEl6AsyncHwEl | inputs: PushQEl6AsyncHwEl[0] | outputs: LastAsyncEl0PostInferEl6AsyncHwEl
[2026-04-03 00:41:13.277] [36222] [HailoRT] [info] [pipeline.cpp:891] [print_deep_description] LastAsyncEl0PostInferEl6AsyncHwEl | inputs: PostInferEl6AsyncHwEl[0] | outputs: user
[2026-04-03 00:41:13.277] [36222] [HailoRT] [info] [pipeline.cpp:891] [print_deep_description] PushQEl7AsyncHwEl | inputs: AsyncHwEl[0] | outputs: PostInferEl7AsyncHwEl(running in thread_id: 36238)
[2026-04-03 00:41:13.277] [36222] [HailoRT] [info] [pipeline.cpp:891] [print_deep_description] PostInferEl7AsyncHwEl | inputs: PushQEl7AsyncHwEl[0] | outputs: LastAsyncEl0PostInferEl7AsyncHwEl
[2026-04-03 00:41:13.277] [36222] [HailoRT] [info] [pipeline.cpp:891] [print_deep_description] LastAsyncEl0PostInferEl7AsyncHwEl | inputs: PostInferEl7AsyncHwEl[0] | outputs: user
[2026-04-03 00:41:13.277] [36222] [HailoRT] [info] [pipeline.cpp:891] [print_deep_description] PushQEl8AsyncHwEl | inputs: AsyncHwEl[0] | outputs: PostInferEl8AsyncHwEl(running in thread_id: 36239)
[2026-04-03 00:41:13.277] [36222] [HailoRT] [info] [pipeline.cpp:891] [print_deep_description] PostInferEl8AsyncHwEl | inputs: PushQEl8AsyncHwEl[0] | outputs: LastAsyncEl0PostInferEl8AsyncHwEl
[2026-04-03 00:41:13.277] [36222] [HailoRT] [info] [pipeline.cpp:891] [print_deep_description] LastAsyncEl0PostInferEl8AsyncHwEl | inputs: PostInferEl8AsyncHwEl[0] | outputs: user
[2026-04-03 00:41:19.271] [36222] [HailoRT] [info] [async_infer_runner.cpp:86] [shutdown] Pipeline was aborted. Shutting it down
[2026-04-03 00:41:19.272] [36222] [HailoRT] [info] [async_infer_runner.cpp:86] [shutdown] Pipeline was aborted. Shutting it down
[2026-04-03 00:41:19.272] [36222] [HailoRT] [info] [queue_elements.cpp:570] [execute_deactivate] enqueue() in element PushQEl0AsyncHwEl was aborted, got status = HAILO_SHUTDOWN_EVENT_SIGNALED(57)
[2026-04-03 00:41:19.272] [36222] [HailoRT] [info] [queue_elements.cpp:570] [execute_deactivate] enqueue() in element PushQEl1AsyncHwEl was aborted, got status = HAILO_SHUTDOWN_EVENT_SIGNALED(57)
[2026-04-03 00:41:19.272] [36222] [HailoRT] [info] [queue_elements.cpp:570] [execute_deactivate] enqueue() in element PushQEl2AsyncHwEl was aborted, got status = HAILO_SHUTDOWN_EVENT_SIGNALED(57)
[2026-04-03 00:41:19.272] [36222] [HailoRT] [info] [queue_elements.cpp:570] [execute_deactivate] enqueue() in element PushQEl3AsyncHwEl was aborted, got status = HAILO_SHUTDOWN_EVENT_SIGNALED(57)
[2026-04-03 00:41:19.272] [36222] [HailoRT] [info] [queue_elements.cpp:570] [execute_deactivate] enqueue() in element PushQEl4AsyncHwEl was aborted, got status = HAILO_SHUTDOWN_EVENT_SIGNALED(57)
[2026-04-03 00:41:19.272] [36222] [HailoRT] [info] [queue_elements.cpp:570] [execute_deactivate] enqueue() in element PushQEl5AsyncHwEl was aborted, got status = HAILO_SHUTDOWN_EVENT_SIGNALED(57)
[2026-04-03 00:41:19.272] [36222] [HailoRT] [info] [queue_elements.cpp:570] [execute_deactivate] enqueue() in element PushQEl6AsyncHwEl was aborted, got status = HAILO_SHUTDOWN_EVENT_SIGNALED(57)
[2026-04-03 00:41:19.272] [36222] [HailoRT] [info] [queue_elements.cpp:570] [execute_deactivate] enqueue() in element PushQEl7AsyncHwEl was aborted, got status = HAILO_SHUTDOWN_EVENT_SIGNALED(57)
[2026-04-03 00:41:19.272] [36222] [HailoRT] [info] [queue_elements.cpp:570] [execute_deactivate] enqueue() in element PushQEl8AsyncHwEl was aborted, got status = HAILO_SHUTDOWN_EVENT_SIGNALED(57)
[2026-04-03 00:41:19.272] [36222] [HailoRT] [info] [queue_elements.cpp:570] [execute_deactivate] enqueue() in element EntryPushQEl0yolov8s_pose/input_layer1 was aborted, got status = HAILO_SHUTDOWN_EVENT_SIGNALED(57)
[2026-04-03 00:41:19.272] [36222] [HailoRT] [info] [queue_elements.cpp:46] [~BaseQueueElement] Queue element EntryPushQEl0yolov8s_pose/input_layer1 has 0 frames in his Queue on destruction
[2026-04-03 00:41:19.272] [36222] [HailoRT] [info] [queue_elements.cpp:46] [~BaseQueueElement] Queue element PushQEl3AsyncHwEl has 0 frames in his Queue on destruction
[2026-04-03 00:41:19.272] [36222] [HailoRT] [info] [queue_elements.cpp:46] [~BaseQueueElement] Queue element PushQEl4AsyncHwEl has 0 frames in his Queue on destruction
[2026-04-03 00:41:19.272] [36222] [HailoRT] [info] [queue_elements.cpp:46] [~BaseQueueElement] Queue element PushQEl5AsyncHwEl has 0 frames in his Queue on destruction
[2026-04-03 00:41:19.272] [36222] [HailoRT] [info] [queue_elements.cpp:46] [~BaseQueueElement] Queue element PushQEl0AsyncHwEl has 0 frames in his Queue on destruction
[2026-04-03 00:41:19.272] [36222] [HailoRT] [info] [queue_elements.cpp:46] [~BaseQueueElement] Queue element PushQEl1AsyncHwEl has 0 frames in his Queue on destruction
[2026-04-03 00:41:19.272] [36222] [HailoRT] [info] [queue_elements.cpp:46] [~BaseQueueElement] Queue element PushQEl2AsyncHwEl has 0 frames in his Queue on destruction
[2026-04-03 00:41:19.272] [36222] [HailoRT] [info] [queue_elements.cpp:46] [~BaseQueueElement] Queue element PushQEl7AsyncHwEl has 0 frames in his Queue on destruction
[2026-04-03 00:41:19.273] [36222] [HailoRT] [info] [queue_elements.cpp:46] [~BaseQueueElement] Queue element PushQEl8AsyncHwEl has 0 frames in his Queue on destruction
[2026-04-03 00:41:19.273] [36222] [HailoRT] [info] [queue_elements.cpp:46] [~BaseQueueElement] Queue element PushQEl6AsyncHwEl has 0 frames in his Queue on destruction
[2026-04-05 21:30:13.357] [6273] [HailoRT] [info] [vdevice.cpp:523] [create] Creating vdevice with params: device_count: 1, scheduling_algorithm: ROUND_ROBIN, multi_process_service: false
[2026-04-05 21:30:13.368] [6273] [HailoRT] [info] [device.cpp:49] [Device] OS Version: Linux 6.12.75+rpt-rpi-2712 #1 SMP PREEMPT Debian 1:6.12.75-1+rpt1~bookworm (2026-03-11) aarch64
[2026-04-05 21:30:13.370] [6273] [HailoRT] [info] [control.cpp:108] [control__parse_identify_results] firmware_version is: 4.20.0
[2026-04-05 21:30:13.370] [6273] [HailoRT] [info] [vdevice.cpp:651] [create] VDevice Infos: 0001:01:00.0
[2026-04-05 21:30:13.491] [6273] [HailoRT] [info] [hef.cpp:1929] [get_network_group_and_network_name] No name was given. Addressing all networks of default network_group: yolov8s_pose
[2026-04-05 21:30:13.491] [6273] [HailoRT] [info] [hef.cpp:1929] [get_network_group_and_network_name] No name was given. Addressing all networks of default network_group: yolov8s_pose
[2026-04-05 21:30:13.492] [6273] [HailoRT] [info] [hef.cpp:1929] [get_network_group_and_network_name] No name was given. Addressing all networks of default network_group: yolov8s_pose
[2026-04-05 21:30:13.492] [6273] [HailoRT] [info] [hef.cpp:1929] [get_network_group_and_network_name] No name was given. Addressing all networks of default network_group: yolov8s_pose
[2026-04-05 21:30:13.492] [6273] [HailoRT] [info] [hef.cpp:1929] [get_network_group_and_network_name] No name was given. Addressing all networks of default network_group: yolov8s_pose
[2026-04-05 21:30:13.492] [6273] [HailoRT] [warning] [device_internal.cpp:616] [check_hef_is_compatible] HEF was compiled for Hailo8L device, while the device itself is Hailo8. This will result in lower performance.
[2026-04-05 21:30:13.493] [6273] [HailoRT] [warning] [device_internal.cpp:616] [check_hef_is_compatible] HEF was compiled for Hailo8L device, while the device itself is Hailo8. This will result in lower performance.
[2026-04-05 21:30:13.501] [6273] [HailoRT] [info] [internal_buffer_manager.cpp:204] [print_execution_results] Planned internal buffer memory: CMA memory 0, user memory 3321344. memory to edge layer usage factor is 0.93083656
[2026-04-05 21:30:13.501] [6273] [HailoRT] [info] [internal_buffer_manager.cpp:212] [print_execution_results] Default Internal buffer planner executed successfully
[2026-04-05 21:30:13.534] [6273] [HailoRT] [info] [device_internal.cpp:57] [configure] Configuring HEF took 41.014602 milliseconds
[2026-04-05 21:30:13.534] [6273] [HailoRT] [info] [vdevice.cpp:749] [configure] Configuring HEF on VDevice took 41.695128 milliseconds
[2026-04-05 21:30:13.534] [6273] [HailoRT] [info] [infer_model.cpp:436] [configure] Configuring network group 'yolov8s_pose' with params: batch size: 1, power mode: PERFORMANCE, latency: NONE
[2026-04-05 21:30:13.534] [6273] [HailoRT] [info] [multi_io_elements.cpp:756] [create] Created (AsyncHwEl)
[2026-04-05 21:30:13.534] [6273] [HailoRT] [info] [queue_elements.cpp:450] [create] Created (EntryPushQEl0yolov8s_pose/input_layer1 | timeout: 10s)
[2026-04-05 21:30:13.535] [6273] [HailoRT] [info] [queue_elements.cpp:450] [create] Created (PushQEl3AsyncHwEl | timeout: 10s)
[2026-04-05 21:30:13.535] [6273] [HailoRT] [info] [filter_elements.cpp:375] [create] Created (PostInferEl3AsyncHwEl | Quantization - src_type: UINT8, dst_type FLOAT32, limvals_min: -6.02712, limvals_max: 11.844)
[2026-04-05 21:30:13.535] [6273] [HailoRT] [info] [edge_elements.cpp:187] [create] Created (LastAsyncEl0PostInferEl3AsyncHwEl)
[2026-04-05 21:30:13.535] [6273] [HailoRT] [info] [queue_elements.cpp:450] [create] Created (PushQEl4AsyncHwEl | timeout: 10s)
[2026-04-05 21:30:13.535] [6273] [HailoRT] [info] [filter_elements.cpp:375] [create] Created (PostInferEl4AsyncHwEl | Quantization - src_type: UINT8, dst_type FLOAT32, limvals_min: -9.25656, limvals_max: 9.32945 | Reorder - src_order: FCR, src_shape: (20, 20, 56), dst_order: FCR, dst_shape: (20, 20, 51))
[2026-04-05 21:30:13.535] [6273] [HailoRT] [info] [edge_elements.cpp:187] [create] Created (LastAsyncEl0PostInferEl4AsyncHwEl)
[2026-04-05 21:30:13.535] [6273] [HailoRT] [info] [queue_elements.cpp:450] [create] Created (PushQEl5AsyncHwEl | timeout: 10s)
[2026-04-05 21:30:13.535] [6273] [HailoRT] [info] [filter_elements.cpp:375] [create] Created (PostInferEl5AsyncHwEl | Quantization - src_type: UINT8, dst_type FLOAT32, limvals_min: -5.14938, limvals_max: 13.8809)
[2026-04-05 21:30:13.535] [6273] [HailoRT] [info] [edge_elements.cpp:187] [create] Created (LastAsyncEl0PostInferEl5AsyncHwEl)
[2026-04-05 21:30:13.535] [6273] [HailoRT] [info] [queue_elements.cpp:450] [create] Created (PushQEl0AsyncHwEl | timeout: 10s)
[2026-04-05 21:30:13.535] [6273] [HailoRT] [info] [filter_elements.cpp:375] [create] Created (PostInferEl0AsyncHwEl | Quantization - src_type: UINT8, dst_type FLOAT32, limvals_min: 0, limvals_max: 0.927867)
[2026-04-05 21:30:13.535] [6273] [HailoRT] [info] [edge_elements.cpp:187] [create] Created (LastAsyncEl0PostInferEl0AsyncHwEl)
[2026-04-05 21:30:13.535] [6273] [HailoRT] [info] [queue_elements.cpp:450] [create] Created (PushQEl1AsyncHwEl | timeout: 10s)
[2026-04-05 21:30:13.535] [6273] [HailoRT] [info] [filter_elements.cpp:375] [create] Created (PostInferEl1AsyncHwEl | Quantization - src_type: UINT8, dst_type FLOAT32, limvals_min: -5.39702, limvals_max: 12.7114)
[2026-04-05 21:30:13.536] [6273] [HailoRT] [info] [edge_elements.cpp:187] [create] Created (LastAsyncEl0PostInferEl1AsyncHwEl)
[2026-04-05 21:30:13.536] [6273] [HailoRT] [info] [queue_elements.cpp:450] [create] Created (PushQEl2AsyncHwEl | timeout: 10s)
[2026-04-05 21:30:13.536] [6273] [HailoRT] [info] [filter_elements.cpp:375] [create] Created (PostInferEl2AsyncHwEl | Quantization - src_type: UINT8, dst_type FLOAT32, limvals_min: 0, limvals_max: 0.820417)
[2026-04-05 21:30:13.536] [6273] [HailoRT] [info] [edge_elements.cpp:187] [create] Created (LastAsyncEl0PostInferEl2AsyncHwEl)
[2026-04-05 21:30:13.536] [6273] [HailoRT] [info] [queue_elements.cpp:450] [create] Created (PushQEl7AsyncHwEl | timeout: 10s)
[2026-04-05 21:30:13.536] [6273] [HailoRT] [info] [filter_elements.cpp:375] [create] Created (PostInferEl7AsyncHwEl | Quantization - src_type: UINT8, dst_type FLOAT32, limvals_min: -11.0503, limvals_max: 6.78402 | Reorder - src_order: FCR, src_shape: (40, 40, 56), dst_order: FCR, dst_shape: (40, 40, 51))
[2026-04-05 21:30:13.536] [6273] [HailoRT] [info] [edge_elements.cpp:187] [create] Created (LastAsyncEl0PostInferEl7AsyncHwEl)
[2026-04-05 21:30:13.536] [6273] [HailoRT] [info] [queue_elements.cpp:450] [create] Created (PushQEl8AsyncHwEl | timeout: 10s)
[2026-04-05 21:30:13.536] [6273] [HailoRT] [info] [filter_elements.cpp:375] [create] Created (PostInferEl8AsyncHwEl | Quantization - src_type: UINT8, dst_type FLOAT32, limvals_min: 0, limvals_max: 0.617845)
[2026-04-05 21:30:13.536] [6273] [HailoRT] [info] [edge_elements.cpp:187] [create] Created (LastAsyncEl0PostInferEl8AsyncHwEl)
[2026-04-05 21:30:13.536] [6273] [HailoRT] [info] [queue_elements.cpp:450] [create] Created (PushQEl6AsyncHwEl | timeout: 10s)
[2026-04-05 21:30:13.536] [6273] [HailoRT] [info] [filter_elements.cpp:375] [create] Created (PostInferEl6AsyncHwEl | Quantization - src_type: UINT8, dst_type FLOAT32, limvals_min: -7.42123, limvals_max: 5.81243 | Reorder - src_order: FCR, src_shape: (80, 80, 56), dst_order: FCR, dst_shape: (80, 80, 51))
[2026-04-05 21:30:13.536] [6273] [HailoRT] [info] [edge_elements.cpp:187] [create] Created (LastAsyncEl0PostInferEl6AsyncHwEl)
[2026-04-05 21:30:13.536] [6273] [HailoRT] [info] [pipeline.cpp:891] [print_deep_description] EntryPushQEl0yolov8s_pose/input_layer1 | inputs: user | outputs: AsyncHwEl(running in thread_id: 6281)
[2026-04-05 21:30:13.536] [6273] [HailoRT] [info] [pipeline.cpp:891] [print_deep_description] AsyncHwEl | inputs: EntryPushQEl0yolov8s_pose/input_layer1[0] | outputs: PushQEl0AsyncHwEl PushQEl1AsyncHwEl PushQEl2AsyncHwEl PushQEl3AsyncHwEl PushQEl4AsyncHwEl PushQEl5AsyncHwEl PushQEl6AsyncHwEl PushQEl7AsyncHwEl PushQEl8AsyncHwEl
[2026-04-05 21:30:13.536] [6273] [HailoRT] [info] [pipeline.cpp:891] [print_deep_description] PushQEl0AsyncHwEl | inputs: AsyncHwEl[0] | outputs: PostInferEl0AsyncHwEl(running in thread_id: 6285)
[2026-04-05 21:30:13.536] [6273] [HailoRT] [info] [pipeline.cpp:891] [print_deep_description] PostInferEl0AsyncHwEl | inputs: PushQEl0AsyncHwEl[0] | outputs: LastAsyncEl0PostInferEl0AsyncHwEl
[2026-04-05 21:30:13.536] [6273] [HailoRT] [info] [pipeline.cpp:891] [print_deep_description] LastAsyncEl0PostInferEl0AsyncHwEl | inputs: PostInferEl0AsyncHwEl[0] | outputs: user
[2026-04-05 21:30:13.536] [6273] [HailoRT] [info] [pipeline.cpp:891] [print_deep_description] PushQEl1AsyncHwEl | inputs: AsyncHwEl[0] | outputs: PostInferEl1AsyncHwEl(running in thread_id: 6286)
[2026-04-05 21:30:13.536] [6273] [HailoRT] [info] [pipeline.cpp:891] [print_deep_description] PostInferEl1AsyncHwEl | inputs: PushQEl1AsyncHwEl[0] | outputs: LastAsyncEl0PostInferEl1AsyncHwEl
[2026-04-05 21:30:13.536] [6273] [HailoRT] [info] [pipeline.cpp:891] [print_deep_description] LastAsyncEl0PostInferEl1AsyncHwEl | inputs: PostInferEl1AsyncHwEl[0] | outputs: user
[2026-04-05 21:30:13.536] [6273] [HailoRT] [info] [pipeline.cpp:891] [print_deep_description] PushQEl2AsyncHwEl | inputs: AsyncHwEl[0] | outputs: PostInferEl2AsyncHwEl(running in thread_id: 6287)
[2026-04-05 21:30:13.536] [6273] [HailoRT] [info] [pipeline.cpp:891] [print_deep_description] PostInferEl2AsyncHwEl | inputs: PushQEl2AsyncHwEl[0] | outputs: LastAsyncEl0PostInferEl2AsyncHwEl
[2026-04-05 21:30:13.536] [6273] [HailoRT] [info] [pipeline.cpp:891] [print_deep_description] LastAsyncEl0PostInferEl2AsyncHwEl | inputs: PostInferEl2AsyncHwEl[0] | outputs: user
[2026-04-05 21:30:13.536] [6273] [HailoRT] [info] [pipeline.cpp:891] [print_deep_description] PushQEl3AsyncHwEl | inputs: AsyncHwEl[0] | outputs: PostInferEl3AsyncHwEl(running in thread_id: 6282)
[2026-04-05 21:30:13.536] [6273] [HailoRT] [info] [pipeline.cpp:891] [print_deep_description] PostInferEl3AsyncHwEl | inputs: PushQEl3AsyncHwEl[0] | outputs: LastAsyncEl0PostInferEl3AsyncHwEl
[2026-04-05 21:30:13.536] [6273] [HailoRT] [info] [pipeline.cpp:891] [print_deep_description] LastAsyncEl0PostInferEl3AsyncHwEl | inputs: PostInferEl3AsyncHwEl[0] | outputs: user
[2026-04-05 21:30:13.536] [6273] [HailoRT] [info] [pipeline.cpp:891] [print_deep_description] PushQEl4AsyncHwEl | inputs: AsyncHwEl[0] | outputs: PostInferEl4AsyncHwEl(running in thread_id: 6283)
[2026-04-05 21:30:13.536] [6273] [HailoRT] [info] [pipeline.cpp:891] [print_deep_description] PostInferEl4AsyncHwEl | inputs: PushQEl4AsyncHwEl[0] | outputs: LastAsyncEl0PostInferEl4AsyncHwEl
[2026-04-05 21:30:13.536] [6273] [HailoRT] [info] [pipeline.cpp:891] [print_deep_description] LastAsyncEl0PostInferEl4AsyncHwEl | inputs: PostInferEl4AsyncHwEl[0] | outputs: user
[2026-04-05 21:30:13.536] [6273] [HailoRT] [info] [pipeline.cpp:891] [print_deep_description] PushQEl5AsyncHwEl | inputs: AsyncHwEl[0] | outputs: PostInferEl5AsyncHwEl(running in thread_id: 6284)
[2026-04-05 21:30:13.536] [6273] [HailoRT] [info] [pipeline.cpp:891] [print_deep_description] PostInferEl5AsyncHwEl | inputs: PushQEl5AsyncHwEl[0] | outputs: LastAsyncEl0PostInferEl5AsyncHwEl
[2026-04-05 21:30:13.536] [6273] [HailoRT] [info] [pipeline.cpp:891] [print_deep_description] LastAsyncEl0PostInferEl5AsyncHwEl | inputs: PostInferEl5AsyncHwEl[0] | outputs: user
[2026-04-05 21:30:13.536] [6273] [HailoRT] [info] [pipeline.cpp:891] [print_deep_description] PushQEl6AsyncHwEl | inputs: AsyncHwEl[0] | outputs: PostInferEl6AsyncHwEl(running in thread_id: 6290)
[2026-04-05 21:30:13.536] [6273] [HailoRT] [info] [pipeline.cpp:891] [print_deep_description] PostInferEl6AsyncHwEl | inputs: PushQEl6AsyncHwEl[0] | outputs: LastAsyncEl0PostInferEl6AsyncHwEl
[2026-04-05 21:30:13.536] [6273] [HailoRT] [info] [pipeline.cpp:891] [print_deep_description] LastAsyncEl0PostInferEl6AsyncHwEl | inputs: PostInferEl6AsyncHwEl[0] | outputs: user
[2026-04-05 21:30:13.536] [6273] [HailoRT] [info] [pipeline.cpp:891] [print_deep_description] PushQEl7AsyncHwEl | inputs: AsyncHwEl[0] | outputs: PostInferEl7AsyncHwEl(running in thread_id: 6288)
[2026-04-05 21:30:13.536] [6273] [HailoRT] [info] [pipeline.cpp:891] [print_deep_description] PostInferEl7AsyncHwEl | inputs: PushQEl7AsyncHwEl[0] | outputs: LastAsyncEl0PostInferEl7AsyncHwEl
[2026-04-05 21:30:13.536] [6273] [HailoRT] [info] [pipeline.cpp:891] [print_deep_description] LastAsyncEl0PostInferEl7AsyncHwEl | inputs: PostInferEl7AsyncHwEl[0] | outputs: user
[2026-04-05 21:30:13.536] [6273] [HailoRT] [info] [pipeline.cpp:891] [print_deep_description] PushQEl8AsyncHwEl | inputs: AsyncHwEl[0] | outputs: PostInferEl8AsyncHwEl(running in thread_id: 6289)
[2026-04-05 21:30:13.536] [6273] [HailoRT] [info] [pipeline.cpp:891] [print_deep_description] PostInferEl8AsyncHwEl | inputs: PushQEl8AsyncHwEl[0] | outputs: LastAsyncEl0PostInferEl8AsyncHwEl
[2026-04-05 21:30:13.536] [6273] [HailoRT] [info] [pipeline.cpp:891] [print_deep_description] LastAsyncEl0PostInferEl8AsyncHwEl | inputs: PostInferEl8AsyncHwEl[0] | outputs: user
[2026-04-05 21:30:41.509] [6273] [HailoRT] [info] [async_infer_runner.cpp:86] [shutdown] Pipeline was aborted. Shutting it down
[2026-04-05 21:30:41.511] [6273] [HailoRT] [info] [async_infer_runner.cpp:86] [shutdown] Pipeline was aborted. Shutting it down
[2026-04-05 21:30:41.511] [6273] [HailoRT] [info] [queue_elements.cpp:570] [execute_deactivate] enqueue() in element PushQEl0AsyncHwEl was aborted, got status = HAILO_SHUTDOWN_EVENT_SIGNALED(57)
[2026-04-05 21:30:41.511] [6273] [HailoRT] [info] [queue_elements.cpp:570] [execute_deactivate] enqueue() in element PushQEl1AsyncHwEl was aborted, got status = HAILO_SHUTDOWN_EVENT_SIGNALED(57)
[2026-04-05 21:30:41.511] [6273] [HailoRT] [info] [queue_elements.cpp:570] [execute_deactivate] enqueue() in element PushQEl2AsyncHwEl was aborted, got status = HAILO_SHUTDOWN_EVENT_SIGNALED(57)
[2026-04-05 21:30:41.511] [6273] [HailoRT] [info] [queue_elements.cpp:570] [execute_deactivate] enqueue() in element PushQEl3AsyncHwEl was aborted, got status = HAILO_SHUTDOWN_EVENT_SIGNALED(57)
[2026-04-05 21:30:41.511] [6273] [HailoRT] [info] [queue_elements.cpp:570] [execute_deactivate] enqueue() in element PushQEl4AsyncHwEl was aborted, got status = HAILO_SHUTDOWN_EVENT_SIGNALED(57)
[2026-04-05 21:30:41.511] [6273] [HailoRT] [info] [queue_elements.cpp:570] [execute_deactivate] enqueue() in element PushQEl5AsyncHwEl was aborted, got status = HAILO_SHUTDOWN_EVENT_SIGNALED(57)
[2026-04-05 21:30:41.511] [6273] [HailoRT] [info] [queue_elements.cpp:570] [execute_deactivate] enqueue() in element PushQEl6AsyncHwEl was aborted, got status = HAILO_SHUTDOWN_EVENT_SIGNALED(57)
[2026-04-05 21:30:41.511] [6273] [HailoRT] [info] [queue_elements.cpp:570] [execute_deactivate] enqueue() in element PushQEl7AsyncHwEl was aborted, got status = HAILO_SHUTDOWN_EVENT_SIGNALED(57)
[2026-04-05 21:30:41.511] [6273] [HailoRT] [info] [queue_elements.cpp:570] [execute_deactivate] enqueue() in element PushQEl8AsyncHwEl was aborted, got status = HAILO_SHUTDOWN_EVENT_SIGNALED(57)
[2026-04-05 21:30:41.511] [6273] [HailoRT] [info] [queue_elements.cpp:570] [execute_deactivate] enqueue() in element EntryPushQEl0yolov8s_pose/input_layer1 was aborted, got status = HAILO_SHUTDOWN_EVENT_SIGNALED(57)
[2026-04-05 21:30:41.511] [6273] [HailoRT] [info] [queue_elements.cpp:46] [~BaseQueueElement] Queue element EntryPushQEl0yolov8s_pose/input_layer1 has 0 frames in his Queue on destruction
[2026-04-05 21:30:41.511] [6273] [HailoRT] [info] [queue_elements.cpp:46] [~BaseQueueElement] Queue element PushQEl3AsyncHwEl has 0 frames in his Queue on destruction
[2026-04-05 21:30:41.511] [6273] [HailoRT] [info] [queue_elements.cpp:46] [~BaseQueueElement] Queue element PushQEl4AsyncHwEl has 0 frames in his Queue on destruction
[2026-04-05 21:30:41.511] [6273] [HailoRT] [info] [queue_elements.cpp:46] [~BaseQueueElement] Queue element PushQEl5AsyncHwEl has 0 frames in his Queue on destruction
[2026-04-05 21:30:41.511] [6273] [HailoRT] [info] [queue_elements.cpp:46] [~BaseQueueElement] Queue element PushQEl0AsyncHwEl has 0 frames in his Queue on destruction
[2026-04-05 21:30:41.511] [6273] [HailoRT] [info] [queue_elements.cpp:46] [~BaseQueueElement] Queue element PushQEl1AsyncHwEl has 0 frames in his Queue on destruction
[2026-04-05 21:30:41.511] [6273] [HailoRT] [info] [queue_elements.cpp:46] [~BaseQueueElement] Queue element PushQEl2AsyncHwEl has 0 frames in his Queue on destruction
[2026-04-05 21:30:41.511] [6273] [HailoRT] [info] [queue_elements.cpp:46] [~BaseQueueElement] Queue element PushQEl7AsyncHwEl has 0 frames in his Queue on destruction
[2026-04-05 21:30:41.511] [6273] [HailoRT] [info] [queue_elements.cpp:46] [~BaseQueueElement] Queue element PushQEl8AsyncHwEl has 0 frames in his Queue on destruction
[2026-04-05 21:30:41.511] [6273] [HailoRT] [info] [queue_elements.cpp:46] [~BaseQueueElement] Queue element PushQEl6AsyncHwEl has 0 frames in his Queue on destruction
[2026-04-05 21:31:21.711] [6449] [HailoRT] [info] [vdevice.cpp:523] [create] Creating vdevice with params: device_count: 1, scheduling_algorithm: ROUND_ROBIN, multi_process_service: false
[2026-04-05 21:31:21.723] [6449] [HailoRT] [info] [device.cpp:49] [Device] OS Version: Linux 6.12.75+rpt-rpi-2712 #1 SMP PREEMPT Debian 1:6.12.75-1+rpt1~bookworm (2026-03-11) aarch64
[2026-04-05 21:31:21.724] [6449] [HailoRT] [info] [control.cpp:108] [control__parse_identify_results] firmware_version is: 4.20.0
[2026-04-05 21:31:21.724] [6449] [HailoRT] [info] [vdevice.cpp:651] [create] VDevice Infos: 0001:01:00.0
[2026-04-05 21:31:21.828] [6449] [HailoRT] [info] [hef.cpp:1929] [get_network_group_and_network_name] No name was given. Addressing all networks of default network_group: yolov8s_pose
[2026-04-05 21:31:21.828] [6449] [HailoRT] [info] [hef.cpp:1929] [get_network_group_and_network_name] No name was given. Addressing all networks of default network_group: yolov8s_pose
[2026-04-05 21:31:21.828] [6449] [HailoRT] [info] [hef.cpp:1929] [get_network_group_and_network_name] No name was given. Addressing all networks of default network_group: yolov8s_pose
[2026-04-05 21:31:21.828] [6449] [HailoRT] [info] [hef.cpp:1929] [get_network_group_and_network_name] No name was given. Addressing all networks of default network_group: yolov8s_pose
[2026-04-05 21:31:21.828] [6449] [HailoRT] [info] [hef.cpp:1929] [get_network_group_and_network_name] No name was given. Addressing all networks of default network_group: yolov8s_pose
[2026-04-05 21:31:21.828] [6449] [HailoRT] [warning] [device_internal.cpp:616] [check_hef_is_compatible] HEF was compiled for Hailo8L device, while the device itself is Hailo8. This will result in lower performance.
[2026-04-05 21:31:21.829] [6449] [HailoRT] [warning] [device_internal.cpp:616] [check_hef_is_compatible] HEF was compiled for Hailo8L device, while the device itself is Hailo8. This will result in lower performance.
[2026-04-05 21:31:21.835] [6449] [HailoRT] [info] [internal_buffer_manager.cpp:204] [print_execution_results] Planned internal buffer memory: CMA memory 0, user memory 3321344. memory to edge layer usage factor is 0.93083656
[2026-04-05 21:31:21.835] [6449] [HailoRT] [info] [internal_buffer_manager.cpp:212] [print_execution_results] Default Internal buffer planner executed successfully
[2026-04-05 21:31:21.857] [6449] [HailoRT] [info] [device_internal.cpp:57] [configure] Configuring HEF took 28.935773 milliseconds
[2026-04-05 21:31:21.858] [6449] [HailoRT] [info] [vdevice.cpp:749] [configure] Configuring HEF on VDevice took 29.559761 milliseconds
[2026-04-05 21:31:21.858] [6449] [HailoRT] [info] [infer_model.cpp:436] [configure] Configuring network group 'yolov8s_pose' with params: batch size: 1, power mode: PERFORMANCE, latency: NONE
[2026-04-05 21:31:21.860] [6449] [HailoRT] [info] [multi_io_elements.cpp:756] [create] Created (AsyncHwEl)
[2026-04-05 21:31:21.860] [6449] [HailoRT] [info] [queue_elements.cpp:450] [create] Created (EntryPushQEl0yolov8s_pose/input_layer1 | timeout: 10s)
[2026-04-05 21:31:21.860] [6449] [HailoRT] [info] [queue_elements.cpp:450] [create] Created (PushQEl3AsyncHwEl | timeout: 10s)
[2026-04-05 21:31:21.860] [6449] [HailoRT] [info] [filter_elements.cpp:375] [create] Created (PostInferEl3AsyncHwEl | Quantization - src_type: UINT8, dst_type FLOAT32, limvals_min: -6.02712, limvals_max: 11.844)
[2026-04-05 21:31:21.860] [6449] [HailoRT] [info] [edge_elements.cpp:187] [create] Created (LastAsyncEl0PostInferEl3AsyncHwEl)
[2026-04-05 21:31:21.860] [6449] [HailoRT] [info] [queue_elements.cpp:450] [create] Created (PushQEl4AsyncHwEl | timeout: 10s)
[2026-04-05 21:31:21.860] [6449] [HailoRT] [info] [filter_elements.cpp:375] [create] Created (PostInferEl4AsyncHwEl | Quantization - src_type: UINT8, dst_type FLOAT32, limvals_min: -9.25656, limvals_max: 9.32945 | Reorder - src_order: FCR, src_shape: (20, 20, 56), dst_order: FCR, dst_shape: (20, 20, 51))
[2026-04-05 21:31:21.860] [6449] [HailoRT] [info] [edge_elements.cpp:187] [create] Created (LastAsyncEl0PostInferEl4AsyncHwEl)
[2026-04-05 21:31:21.860] [6449] [HailoRT] [info] [queue_elements.cpp:450] [create] Created (PushQEl5AsyncHwEl | timeout: 10s)
[2026-04-05 21:31:21.860] [6449] [HailoRT] [info] [filter_elements.cpp:375] [create] Created (PostInferEl5AsyncHwEl | Quantization - src_type: UINT8, dst_type FLOAT32, limvals_min: -5.14938, limvals_max: 13.8809)
[2026-04-05 21:31:21.860] [6449] [HailoRT] [info] [edge_elements.cpp:187] [create] Created (LastAsyncEl0PostInferEl5AsyncHwEl)
[2026-04-05 21:31:21.861] [6449] [HailoRT] [info] [queue_elements.cpp:450] [create] Created (PushQEl0AsyncHwEl | timeout: 10s)
[2026-04-05 21:31:21.861] [6449] [HailoRT] [info] [filter_elements.cpp:375] [create] Created (PostInferEl0AsyncHwEl | Quantization - src_type: UINT8, dst_type FLOAT32, limvals_min: 0, limvals_max: 0.927867)
[2026-04-05 21:31:21.861] [6449] [HailoRT] [info] [edge_elements.cpp:187] [create] Created (LastAsyncEl0PostInferEl0AsyncHwEl)
[2026-04-05 21:31:21.861] [6449] [HailoRT] [info] [queue_elements.cpp:450] [create] Created (PushQEl1AsyncHwEl | timeout: 10s)
[2026-04-05 21:31:21.861] [6449] [HailoRT] [info] [filter_elements.cpp:375] [create] Created (PostInferEl1AsyncHwEl | Quantization - src_type: UINT8, dst_type FLOAT32, limvals_min: -5.39702, limvals_max: 12.7114)
[2026-04-05 21:31:21.861] [6449] [HailoRT] [info] [edge_elements.cpp:187] [create] Created (LastAsyncEl0PostInferEl1AsyncHwEl)
[2026-04-05 21:31:21.861] [6449] [HailoRT] [info] [queue_elements.cpp:450] [create] Created (PushQEl2AsyncHwEl | timeout: 10s)
[2026-04-05 21:31:21.861] [6449] [HailoRT] [info] [filter_elements.cpp:375] [create] Created (PostInferEl2AsyncHwEl | Quantization - src_type: UINT8, dst_type FLOAT32, limvals_min: 0, limvals_max: 0.820417)
[2026-04-05 21:31:21.861] [6449] [HailoRT] [info] [edge_elements.cpp:187] [create] Created (LastAsyncEl0PostInferEl2AsyncHwEl)
[2026-04-05 21:31:21.861] [6449] [HailoRT] [info] [queue_elements.cpp:450] [create] Created (PushQEl7AsyncHwEl | timeout: 10s)
[2026-04-05 21:31:21.861] [6449] [HailoRT] [info] [filter_elements.cpp:375] [create] Created (PostInferEl7AsyncHwEl | Quantization - src_type: UINT8, dst_type FLOAT32, limvals_min: -11.0503, limvals_max: 6.78402 | Reorder - src_order: FCR, src_shape: (40, 40, 56), dst_order: FCR, dst_shape: (40, 40, 51))
[2026-04-05 21:31:21.861] [6449] [HailoRT] [info] [edge_elements.cpp:187] [create] Created (LastAsyncEl0PostInferEl7AsyncHwEl)
[2026-04-05 21:31:21.861] [6449] [HailoRT] [info] [queue_elements.cpp:450] [create] Created (PushQEl8AsyncHwEl | timeout: 10s)
[2026-04-05 21:31:21.861] [6449] [HailoRT] [info] [filter_elements.cpp:375] [create] Created (PostInferEl8AsyncHwEl | Quantization - src_type: UINT8, dst_type FLOAT32, limvals_min: 0, limvals_max: 0.617845)
[2026-04-05 21:31:21.861] [6449] [HailoRT] [info] [edge_elements.cpp:187] [create] Created (LastAsyncEl0PostInferEl8AsyncHwEl)
[2026-04-05 21:31:21.862] [6449] [HailoRT] [info] [queue_elements.cpp:450] [create] Created (PushQEl6AsyncHwEl | timeout: 10s)
[2026-04-05 21:31:21.862] [6449] [HailoRT] [info] [filter_elements.cpp:375] [create] Created (PostInferEl6AsyncHwEl | Quantization - src_type: UINT8, dst_type FLOAT32, limvals_min: -7.42123, limvals_max: 5.81243 | Reorder - src_order: FCR, src_shape: (80, 80, 56), dst_order: FCR, dst_shape: (80, 80, 51))
[2026-04-05 21:31:21.862] [6449] [HailoRT] [info] [edge_elements.cpp:187] [create] Created (LastAsyncEl0PostInferEl6AsyncHwEl)
[2026-04-05 21:31:21.862] [6449] [HailoRT] [info] [pipeline.cpp:891] [print_deep_description] EntryPushQEl0yolov8s_pose/input_layer1 | inputs: user | outputs: AsyncHwEl(running in thread_id: 6457)
[2026-04-05 21:31:21.862] [6449] [HailoRT] [info] [pipeline.cpp:891] [print_deep_description] AsyncHwEl | inputs: EntryPushQEl0yolov8s_pose/input_layer1[0] | outputs: PushQEl0AsyncHwEl PushQEl1AsyncHwEl PushQEl2AsyncHwEl PushQEl3AsyncHwEl PushQEl4AsyncHwEl PushQEl5AsyncHwEl PushQEl6AsyncHwEl PushQEl7AsyncHwEl PushQEl8AsyncHwEl
[2026-04-05 21:31:21.862] [6449] [HailoRT] [info] [pipeline.cpp:891] [print_deep_description] PushQEl0AsyncHwEl | inputs: AsyncHwEl[0] | outputs: PostInferEl0AsyncHwEl(running in thread_id: 6461)
[2026-04-05 21:31:21.862] [6449] [HailoRT] [info] [pipeline.cpp:891] [print_deep_description] PostInferEl0AsyncHwEl | inputs: PushQEl0AsyncHwEl[0] | outputs: LastAsyncEl0PostInferEl0AsyncHwEl
[2026-04-05 21:31:21.862] [6449] [HailoRT] [info] [pipeline.cpp:891] [print_deep_description] LastAsyncEl0PostInferEl0AsyncHwEl | inputs: PostInferEl0AsyncHwEl[0] | outputs: user
[2026-04-05 21:31:21.862] [6449] [HailoRT] [info] [pipeline.cpp:891] [print_deep_description] PushQEl1AsyncHwEl | inputs: AsyncHwEl[0] | outputs: PostInferEl1AsyncHwEl(running in thread_id: 6462)
[2026-04-05 21:31:21.862] [6449] [HailoRT] [info] [pipeline.cpp:891] [print_deep_description] PostInferEl1AsyncHwEl | inputs: PushQEl1AsyncHwEl[0] | outputs: LastAsyncEl0PostInferEl1AsyncHwEl
[2026-04-05 21:31:21.862] [6449] [HailoRT] [info] [pipeline.cpp:891] [print_deep_description] LastAsyncEl0PostInferEl1AsyncHwEl | inputs: PostInferEl1AsyncHwEl[0] | outputs: user
[2026-04-05 21:31:21.862] [6449] [HailoRT] [info] [pipeline.cpp:891] [print_deep_description] PushQEl2AsyncHwEl | inputs: AsyncHwEl[0] | outputs: PostInferEl2AsyncHwEl(running in thread_id: 6463)
[2026-04-05 21:31:21.862] [6449] [HailoRT] [info] [pipeline.cpp:891] [print_deep_description] PostInferEl2AsyncHwEl | inputs: PushQEl2AsyncHwEl[0] | outputs: LastAsyncEl0PostInferEl2AsyncHwEl
[2026-04-05 21:31:21.862] [6449] [HailoRT] [info] [pipeline.cpp:891] [print_deep_description] LastAsyncEl0PostInferEl2AsyncHwEl | inputs: PostInferEl2AsyncHwEl[0] | outputs: user
[2026-04-05 21:31:21.862] [6449] [HailoRT] [info] [pipeline.cpp:891] [print_deep_description] PushQEl3AsyncHwEl | inputs: AsyncHwEl[0] | outputs: PostInferEl3AsyncHwEl(running in thread_id: 6458)
[2026-04-05 21:31:21.862] [6449] [HailoRT] [info] [pipeline.cpp:891] [print_deep_description] PostInferEl3AsyncHwEl | inputs: PushQEl3AsyncHwEl[0] | outputs: LastAsyncEl0PostInferEl3AsyncHwEl
[2026-04-05 21:31:21.862] [6449] [HailoRT] [info] [pipeline.cpp:891] [print_deep_description] LastAsyncEl0PostInferEl3AsyncHwEl | inputs: PostInferEl3AsyncHwEl[0] | outputs: user
[2026-04-05 21:31:21.862] [6449] [HailoRT] [info] [pipeline.cpp:891] [print_deep_description] PushQEl4AsyncHwEl | inputs: AsyncHwEl[0] | outputs: PostInferEl4AsyncHwEl(running in thread_id: 6459)
[2026-04-05 21:31:21.862] [6449] [HailoRT] [info] [pipeline.cpp:891] [print_deep_description] PostInferEl4AsyncHwEl | inputs: PushQEl4AsyncHwEl[0] | outputs: LastAsyncEl0PostInferEl4AsyncHwEl
[2026-04-05 21:31:21.862] [6449] [HailoRT] [info] [pipeline.cpp:891] [print_deep_description] LastAsyncEl0PostInferEl4AsyncHwEl | inputs: PostInferEl4AsyncHwEl[0] | outputs: user
[2026-04-05 21:31:21.862] [6449] [HailoRT] [info] [pipeline.cpp:891] [print_deep_description] PushQEl5AsyncHwEl | inputs: AsyncHwEl[0] | outputs: PostInferEl5AsyncHwEl(running in thread_id: 6460)
[2026-04-05 21:31:21.862] [6449] [HailoRT] [info] [pipeline.cpp:891] [print_deep_description] PostInferEl5AsyncHwEl | inputs: PushQEl5AsyncHwEl[0] | outputs: LastAsyncEl0PostInferEl5AsyncHwEl
[2026-04-05 21:31:21.862] [6449] [HailoRT] [info] [pipeline.cpp:891] [print_deep_description] LastAsyncEl0PostInferEl5AsyncHwEl | inputs: PostInferEl5AsyncHwEl[0] | outputs: user
[2026-04-05 21:31:21.862] [6449] [HailoRT] [info] [pipeline.cpp:891] [print_deep_description] PushQEl6AsyncHwEl | inputs: AsyncHwEl[0] | outputs: PostInferEl6AsyncHwEl(running in thread_id: 6466)
[2026-04-05 21:31:21.862] [6449] [HailoRT] [info] [pipeline.cpp:891] [print_deep_description] PostInferEl6AsyncHwEl | inputs: PushQEl6AsyncHwEl[0] | outputs: LastAsyncEl0PostInferEl6AsyncHwEl
[2026-04-05 21:31:21.862] [6449] [HailoRT] [info] [pipeline.cpp:891] [print_deep_description] LastAsyncEl0PostInferEl6AsyncHwEl | inputs: PostInferEl6AsyncHwEl[0] | outputs: user
[2026-04-05 21:31:21.862] [6449] [HailoRT] [info] [pipeline.cpp:891] [print_deep_description] PushQEl7AsyncHwEl | inputs: AsyncHwEl[0] | outputs: PostInferEl7AsyncHwEl(running in thread_id: 6464)
[2026-04-05 21:31:21.862] [6449] [HailoRT] [info] [pipeline.cpp:891] [print_deep_description] PostInferEl7AsyncHwEl | inputs: PushQEl7AsyncHwEl[0] | outputs: LastAsyncEl0PostInferEl7AsyncHwEl
[2026-04-05 21:31:21.862] [6449] [HailoRT] [info] [pipeline.cpp:891] [print_deep_description] LastAsyncEl0PostInferEl7AsyncHwEl | inputs: PostInferEl7AsyncHwEl[0] | outputs: user
[2026-04-05 21:31:21.862] [6449] [HailoRT] [info] [pipeline.cpp:891] [print_deep_description] PushQEl8AsyncHwEl | inputs: AsyncHwEl[0] | outputs: PostInferEl8AsyncHwEl(running in thread_id: 6465)
[2026-04-05 21:31:21.862] [6449] [HailoRT] [info] [pipeline.cpp:891] [print_deep_description] PostInferEl8AsyncHwEl | inputs: PushQEl8AsyncHwEl[0] | outputs: LastAsyncEl0PostInferEl8AsyncHwEl
[2026-04-05 21:31:21.862] [6449] [HailoRT] [info] [pipeline.cpp:891] [print_deep_description] LastAsyncEl0PostInferEl8AsyncHwEl | inputs: PostInferEl8AsyncHwEl[0] | outputs: user
[2026-04-05 21:31:30.251] [6449] [HailoRT] [info] [async_infer_runner.cpp:86] [shutdown] Pipeline was aborted. Shutting it down
[2026-04-05 21:31:30.252] [6449] [HailoRT] [info] [async_infer_runner.cpp:86] [shutdown] Pipeline was aborted. Shutting it down
[2026-04-05 21:31:30.252] [6449] [HailoRT] [info] [queue_elements.cpp:570] [execute_deactivate] enqueue() in element PushQEl0AsyncHwEl was aborted, got status = HAILO_SHUTDOWN_EVENT_SIGNALED(57)
[2026-04-05 21:31:30.252] [6449] [HailoRT] [info] [queue_elements.cpp:570] [execute_deactivate] enqueue() in element PushQEl1AsyncHwEl was aborted, got status = HAILO_SHUTDOWN_EVENT_SIGNALED(57)
[2026-04-05 21:31:30.252] [6449] [HailoRT] [info] [queue_elements.cpp:570] [execute_deactivate] enqueue() in element PushQEl2AsyncHwEl was aborted, got status = HAILO_SHUTDOWN_EVENT_SIGNALED(57)
[2026-04-05 21:31:30.252] [6449] [HailoRT] [info] [queue_elements.cpp:570] [execute_deactivate] enqueue() in element PushQEl3AsyncHwEl was aborted, got status = HAILO_SHUTDOWN_EVENT_SIGNALED(57)
[2026-04-05 21:31:30.252] [6449] [HailoRT] [info] [queue_elements.cpp:570] [execute_deactivate] enqueue() in element PushQEl4AsyncHwEl was aborted, got status = HAILO_SHUTDOWN_EVENT_SIGNALED(57)
[2026-04-05 21:31:30.252] [6449] [HailoRT] [info] [queue_elements.cpp:570] [execute_deactivate] enqueue() in element PushQEl5AsyncHwEl was aborted, got status = HAILO_SHUTDOWN_EVENT_SIGNALED(57)
[2026-04-05 21:31:30.252] [6449] [HailoRT] [info] [queue_elements.cpp:570] [execute_deactivate] enqueue() in element PushQEl6AsyncHwEl was aborted, got status = HAILO_SHUTDOWN_EVENT_SIGNALED(57)
[2026-04-05 21:31:30.252] [6449] [HailoRT] [info] [queue_elements.cpp:570] [execute_deactivate] enqueue() in element PushQEl7AsyncHwEl was aborted, got status = HAILO_SHUTDOWN_EVENT_SIGNALED(57)
[2026-04-05 21:31:30.252] [6449] [HailoRT] [info] [queue_elements.cpp:570] [execute_deactivate] enqueue() in element PushQEl8AsyncHwEl was aborted, got status = HAILO_SHUTDOWN_EVENT_SIGNALED(57)
[2026-04-05 21:31:30.252] [6449] [HailoRT] [info] [queue_elements.cpp:570] [execute_deactivate] enqueue() in element EntryPushQEl0yolov8s_pose/input_layer1 was aborted, got status = HAILO_SHUTDOWN_EVENT_SIGNALED(57)
[2026-04-05 21:31:30.252] [6449] [HailoRT] [info] [queue_elements.cpp:46] [~BaseQueueElement] Queue element EntryPushQEl0yolov8s_pose/input_layer1 has 0 frames in his Queue on destruction
[2026-04-05 21:31:30.252] [6449] [HailoRT] [info] [queue_elements.cpp:46] [~BaseQueueElement] Queue element PushQEl3AsyncHwEl has 0 frames in his Queue on destruction
[2026-04-05 21:31:30.253] [6449] [HailoRT] [info] [queue_elements.cpp:46] [~BaseQueueElement] Queue element PushQEl4AsyncHwEl has 0 frames in his Queue on destruction
[2026-04-05 21:31:30.253] [6449] [HailoRT] [info] [queue_elements.cpp:46] [~BaseQueueElement] Queue element PushQEl5AsyncHwEl has 0 frames in his Queue on destruction
[2026-04-05 21:31:30.253] [6449] [HailoRT] [info] [queue_elements.cpp:46] [~BaseQueueElement] Queue element PushQEl0AsyncHwEl has 0 frames in his Queue on destruction
[2026-04-05 21:31:30.253] [6449] [HailoRT] [info] [queue_elements.cpp:46] [~BaseQueueElement] Queue element PushQEl1AsyncHwEl has 0 frames in his Queue on destruction
[2026-04-05 21:31:30.253] [6449] [HailoRT] [info] [queue_elements.cpp:46] [~BaseQueueElement] Queue element PushQEl2AsyncHwEl has 0 frames in his Queue on destruction
[2026-04-05 21:31:30.253] [6449] [HailoRT] [info] [queue_elements.cpp:46] [~BaseQueueElement] Queue element PushQEl7AsyncHwEl has 0 frames in his Queue on destruction
[2026-04-05 21:31:30.253] [6449] [HailoRT] [info] [queue_elements.cpp:46] [~BaseQueueElement] Queue element PushQEl8AsyncHwEl has 0 frames in his Queue on destruction
[2026-04-05 21:31:30.253] [6449] [HailoRT] [info] [queue_elements.cpp:46] [~BaseQueueElement] Queue element PushQEl6AsyncHwEl has 0 frames in his Queue on destruction
[2026-04-05 21:31:56.241] [6587] [HailoRT] [info] [vdevice.cpp:523] [create] Creating vdevice with params: device_count: 1, scheduling_algorithm: ROUND_ROBIN, multi_process_service: false
[2026-04-05 21:31:56.252] [6587] [HailoRT] [info] [device.cpp:49] [Device] OS Version: Linux 6.12.75+rpt-rpi-2712 #1 SMP PREEMPT Debian 1:6.12.75-1+rpt1~bookworm (2026-03-11) aarch64
[2026-04-05 21:31:56.254] [6587] [HailoRT] [info] [control.cpp:108] [control__parse_identify_results] firmware_version is: 4.20.0
[2026-04-05 21:31:56.254] [6587] [HailoRT] [info] [vdevice.cpp:651] [create] VDevice Infos: 0001:01:00.0
[2026-04-05 21:31:56.362] [6587] [HailoRT] [info] [hef.cpp:1929] [get_network_group_and_network_name] No name was given. Addressing all networks of default network_group: yolov8s_pose
[2026-04-05 21:31:56.363] [6587] [HailoRT] [info] [hef.cpp:1929] [get_network_group_and_network_name] No name was given. Addressing all networks of default network_group: yolov8s_pose
[2026-04-05 21:31:56.363] [6587] [HailoRT] [info] [hef.cpp:1929] [get_network_group_and_network_name] No name was given. Addressing all networks of default network_group: yolov8s_pose
[2026-04-05 21:31:56.363] [6587] [HailoRT] [info] [hef.cpp:1929] [get_network_group_and_network_name] No name was given. Addressing all networks of default network_group: yolov8s_pose
[2026-04-05 21:31:56.363] [6587] [HailoRT] [info] [hef.cpp:1929] [get_network_group_and_network_name] No name was given. Addressing all networks of default network_group: yolov8s_pose
[2026-04-05 21:31:56.363] [6587] [HailoRT] [warning] [device_internal.cpp:616] [check_hef_is_compatible] HEF was compiled for Hailo8L device, while the device itself is Hailo8. This will result in lower performance.
[2026-04-05 21:31:56.363] [6587] [HailoRT] [warning] [device_internal.cpp:616] [check_hef_is_compatible] HEF was compiled for Hailo8L device, while the device itself is Hailo8. This will result in lower performance.
[2026-04-05 21:31:56.374] [6587] [HailoRT] [info] [internal_buffer_manager.cpp:204] [print_execution_results] Planned internal buffer memory: CMA memory 0, user memory 3321344. memory to edge layer usage factor is 0.93083656
[2026-04-05 21:31:56.374] [6587] [HailoRT] [info] [internal_buffer_manager.cpp:212] [print_execution_results] Default Internal buffer planner executed successfully
[2026-04-05 21:31:56.401] [6587] [HailoRT] [info] [device_internal.cpp:57] [configure] Configuring HEF took 38.183596 milliseconds
[2026-04-05 21:31:56.402] [6587] [HailoRT] [info] [vdevice.cpp:749] [configure] Configuring HEF on VDevice took 38.70412 milliseconds
[2026-04-05 21:31:56.402] [6587] [HailoRT] [info] [infer_model.cpp:436] [configure] Configuring network group 'yolov8s_pose' with params: batch size: 1, power mode: PERFORMANCE, latency: NONE
[2026-04-05 21:31:56.402] [6587] [HailoRT] [info] [multi_io_elements.cpp:756] [create] Created (AsyncHwEl)
[2026-04-05 21:31:56.402] [6587] [HailoRT] [info] [queue_elements.cpp:450] [create] Created (EntryPushQEl0yolov8s_pose/input_layer1 | timeout: 10s)
[2026-04-05 21:31:56.402] [6587] [HailoRT] [info] [queue_elements.cpp:450] [create] Created (PushQEl3AsyncHwEl | timeout: 10s)
[2026-04-05 21:31:56.402] [6587] [HailoRT] [info] [filter_elements.cpp:375] [create] Created (PostInferEl3AsyncHwEl | Quantization - src_type: UINT8, dst_type FLOAT32, limvals_min: -6.02712, limvals_max: 11.844)
[2026-04-05 21:31:56.402] [6587] [HailoRT] [info] [edge_elements.cpp:187] [create] Created (LastAsyncEl0PostInferEl3AsyncHwEl)
[2026-04-05 21:31:56.402] [6587] [HailoRT] [info] [queue_elements.cpp:450] [create] Created (PushQEl4AsyncHwEl | timeout: 10s)
[2026-04-05 21:31:56.402] [6587] [HailoRT] [info] [filter_elements.cpp:375] [create] Created (PostInferEl4AsyncHwEl | Quantization - src_type: UINT8, dst_type FLOAT32, limvals_min: -9.25656, limvals_max: 9.32945 | Reorder - src_order: FCR, src_shape: (20, 20, 56), dst_order: FCR, dst_shape: (20, 20, 51))
[2026-04-05 21:31:56.402] [6587] [HailoRT] [info] [edge_elements.cpp:187] [create] Created (LastAsyncEl0PostInferEl4AsyncHwEl)
[2026-04-05 21:31:56.402] [6587] [HailoRT] [info] [queue_elements.cpp:450] [create] Created (PushQEl5AsyncHwEl | timeout: 10s)
[2026-04-05 21:31:56.402] [6587] [HailoRT] [info] [filter_elements.cpp:375] [create] Created (PostInferEl5AsyncHwEl | Quantization - src_type: UINT8, dst_type FLOAT32, limvals_min: -5.14938, limvals_max: 13.8809)
[2026-04-05 21:31:56.402] [6587] [HailoRT] [info] [edge_elements.cpp:187] [create] Created (LastAsyncEl0PostInferEl5AsyncHwEl)
[2026-04-05 21:31:56.403] [6587] [HailoRT] [info] [queue_elements.cpp:450] [create] Created (PushQEl0AsyncHwEl | timeout: 10s)
[2026-04-05 21:31:56.403] [6587] [HailoRT] [info] [filter_elements.cpp:375] [create] Created (PostInferEl0AsyncHwEl | Quantization - src_type: UINT8, dst_type FLOAT32, limvals_min: 0, limvals_max: 0.927867)
[2026-04-05 21:31:56.403] [6587] [HailoRT] [info] [edge_elements.cpp:187] [create] Created (LastAsyncEl0PostInferEl0AsyncHwEl)
[2026-04-05 21:31:56.403] [6587] [HailoRT] [info] [queue_elements.cpp:450] [create] Created (PushQEl1AsyncHwEl | timeout: 10s)
[2026-04-05 21:31:56.403] [6587] [HailoRT] [info] [filter_elements.cpp:375] [create] Created (PostInferEl1AsyncHwEl | Quantization - src_type: UINT8, dst_type FLOAT32, limvals_min: -5.39702, limvals_max: 12.7114)
[2026-04-05 21:31:56.403] [6587] [HailoRT] [info] [edge_elements.cpp:187] [create] Created (LastAsyncEl0PostInferEl1AsyncHwEl)
[2026-04-05 21:31:56.403] [6587] [HailoRT] [info] [queue_elements.cpp:450] [create] Created (PushQEl2AsyncHwEl | timeout: 10s)
[2026-04-05 21:31:56.403] [6587] [HailoRT] [info] [filter_elements.cpp:375] [create] Created (PostInferEl2AsyncHwEl | Quantization - src_type: UINT8, dst_type FLOAT32, limvals_min: 0, limvals_max: 0.820417)
[2026-04-05 21:31:56.403] [6587] [HailoRT] [info] [edge_elements.cpp:187] [create] Created (LastAsyncEl0PostInferEl2AsyncHwEl)
[2026-04-05 21:31:56.403] [6587] [HailoRT] [info] [queue_elements.cpp:450] [create] Created (PushQEl7AsyncHwEl | timeout: 10s)
[2026-04-05 21:31:56.403] [6587] [HailoRT] [info] [filter_elements.cpp:375] [create] Created (PostInferEl7AsyncHwEl | Quantization - src_type: UINT8, dst_type FLOAT32, limvals_min: -11.0503, limvals_max: 6.78402 | Reorder - src_order: FCR, src_shape: (40, 40, 56), dst_order: FCR, dst_shape: (40, 40, 51))
[2026-04-05 21:31:56.403] [6587] [HailoRT] [info] [edge_elements.cpp:187] [create] Created (LastAsyncEl0PostInferEl7AsyncHwEl)
[2026-04-05 21:31:56.403] [6587] [HailoRT] [info] [queue_elements.cpp:450] [create] Created (PushQEl8AsyncHwEl | timeout: 10s)
[2026-04-05 21:31:56.403] [6587] [HailoRT] [info] [filter_elements.cpp:375] [create] Created (PostInferEl8AsyncHwEl | Quantization - src_type: UINT8, dst_type FLOAT32, limvals_min: 0, limvals_max: 0.617845)
[2026-04-05 21:31:56.404] [6587] [HailoRT] [info] [edge_elements.cpp:187] [create] Created (LastAsyncEl0PostInferEl8AsyncHwEl)
[2026-04-05 21:31:56.404] [6587] [HailoRT] [info] [queue_elements.cpp:450] [create] Created (PushQEl6AsyncHwEl | timeout: 10s)
[2026-04-05 21:31:56.404] [6587] [HailoRT] [info] [filter_elements.cpp:375] [create] Created (PostInferEl6AsyncHwEl | Quantization - src_type: UINT8, dst_type FLOAT32, limvals_min: -7.42123, limvals_max: 5.81243 | Reorder - src_order: FCR, src_shape: (80, 80, 56), dst_order: FCR, dst_shape: (80, 80, 51))
[2026-04-05 21:31:56.404] [6587] [HailoRT] [info] [edge_elements.cpp:187] [create] Created (LastAsyncEl0PostInferEl6AsyncHwEl)
[2026-04-05 21:31:56.404] [6587] [HailoRT] [info] [pipeline.cpp:891] [print_deep_description] EntryPushQEl0yolov8s_pose/input_layer1 | inputs: user | outputs: AsyncHwEl(running in thread_id: 6595)
[2026-04-05 21:31:56.404] [6587] [HailoRT] [info] [pipeline.cpp:891] [print_deep_description] AsyncHwEl | inputs: EntryPushQEl0yolov8s_pose/input_layer1[0] | outputs: PushQEl0AsyncHwEl PushQEl1AsyncHwEl PushQEl2AsyncHwEl PushQEl3AsyncHwEl PushQEl4AsyncHwEl PushQEl5AsyncHwEl PushQEl6AsyncHwEl PushQEl7AsyncHwEl PushQEl8AsyncHwEl
[2026-04-05 21:31:56.404] [6587] [HailoRT] [info] [pipeline.cpp:891] [print_deep_description] PushQEl0AsyncHwEl | inputs: AsyncHwEl[0] | outputs: PostInferEl0AsyncHwEl(running in thread_id: 6599)
[2026-04-05 21:31:56.404] [6587] [HailoRT] [info] [pipeline.cpp:891] [print_deep_description] PostInferEl0AsyncHwEl | inputs: PushQEl0AsyncHwEl[0] | outputs: LastAsyncEl0PostInferEl0AsyncHwEl
[2026-04-05 21:31:56.404] [6587] [HailoRT] [info] [pipeline.cpp:891] [print_deep_description] LastAsyncEl0PostInferEl0AsyncHwEl | inputs: PostInferEl0AsyncHwEl[0] | outputs: user
[2026-04-05 21:31:56.404] [6587] [HailoRT] [info] [pipeline.cpp:891] [print_deep_description] PushQEl1AsyncHwEl | inputs: AsyncHwEl[0] | outputs: PostInferEl1AsyncHwEl(running in thread_id: 6600)
[2026-04-05 21:31:56.404] [6587] [HailoRT] [info] [pipeline.cpp:891] [print_deep_description] PostInferEl1AsyncHwEl | inputs: PushQEl1AsyncHwEl[0] | outputs: LastAsyncEl0PostInferEl1AsyncHwEl
[2026-04-05 21:31:56.404] [6587] [HailoRT] [info] [pipeline.cpp:891] [print_deep_description] LastAsyncEl0PostInferEl1AsyncHwEl | inputs: PostInferEl1AsyncHwEl[0] | outputs: user
[2026-04-05 21:31:56.404] [6587] [HailoRT] [info] [pipeline.cpp:891] [print_deep_description] PushQEl2AsyncHwEl | inputs: AsyncHwEl[0] | outputs: PostInferEl2AsyncHwEl(running in thread_id: 6601)
[2026-04-05 21:31:56.404] [6587] [HailoRT] [info] [pipeline.cpp:891] [print_deep_description] PostInferEl2AsyncHwEl | inputs: PushQEl2AsyncHwEl[0] | outputs: LastAsyncEl0PostInferEl2AsyncHwEl
[2026-04-05 21:31:56.404] [6587] [HailoRT] [info] [pipeline.cpp:891] [print_deep_description] LastAsyncEl0PostInferEl2AsyncHwEl | inputs: PostInferEl2AsyncHwEl[0] | outputs: user
[2026-04-05 21:31:56.404] [6587] [HailoRT] [info] [pipeline.cpp:891] [print_deep_description] PushQEl3AsyncHwEl | inputs: AsyncHwEl[0] | outputs: PostInferEl3AsyncHwEl(running in thread_id: 6596)
[2026-04-05 21:31:56.404] [6587] [HailoRT] [info] [pipeline.cpp:891] [print_deep_description] PostInferEl3AsyncHwEl | inputs: PushQEl3AsyncHwEl[0] | outputs: LastAsyncEl0PostInferEl3AsyncHwEl
[2026-04-05 21:31:56.404] [6587] [HailoRT] [info] [pipeline.cpp:891] [print_deep_description] LastAsyncEl0PostInferEl3AsyncHwEl | inputs: PostInferEl3AsyncHwEl[0] | outputs: user
[2026-04-05 21:31:56.404] [6587] [HailoRT] [info] [pipeline.cpp:891] [print_deep_description] PushQEl4AsyncHwEl | inputs: AsyncHwEl[0] | outputs: PostInferEl4AsyncHwEl(running in thread_id: 6597)
[2026-04-05 21:31:56.404] [6587] [HailoRT] [info] [pipeline.cpp:891] [print_deep_description] PostInferEl4AsyncHwEl | inputs: PushQEl4AsyncHwEl[0] | outputs: LastAsyncEl0PostInferEl4AsyncHwEl
[2026-04-05 21:31:56.404] [6587] [HailoRT] [info] [pipeline.cpp:891] [print_deep_description] LastAsyncEl0PostInferEl4AsyncHwEl | inputs: PostInferEl4AsyncHwEl[0] | outputs: user
[2026-04-05 21:31:56.404] [6587] [HailoRT] [info] [pipeline.cpp:891] [print_deep_description] PushQEl5AsyncHwEl | inputs: AsyncHwEl[0] | outputs: PostInferEl5AsyncHwEl(running in thread_id: 6598)
[2026-04-05 21:31:56.404] [6587] [HailoRT] [info] [pipeline.cpp:891] [print_deep_description] PostInferEl5AsyncHwEl | inputs: PushQEl5AsyncHwEl[0] | outputs: LastAsyncEl0PostInferEl5AsyncHwEl
[2026-04-05 21:31:56.404] [6587] [HailoRT] [info] [pipeline.cpp:891] [print_deep_description] LastAsyncEl0PostInferEl5AsyncHwEl | inputs: PostInferEl5AsyncHwEl[0] | outputs: user
[2026-04-05 21:31:56.404] [6587] [HailoRT] [info] [pipeline.cpp:891] [print_deep_description] PushQEl6AsyncHwEl | inputs: AsyncHwEl[0] | outputs: PostInferEl6AsyncHwEl(running in thread_id: 6604)
[2026-04-05 21:31:56.404] [6587] [HailoRT] [info] [pipeline.cpp:891] [print_deep_description] PostInferEl6AsyncHwEl | inputs: PushQEl6AsyncHwEl[0] | outputs: LastAsyncEl0PostInferEl6AsyncHwEl
[2026-04-05 21:31:56.404] [6587] [HailoRT] [info] [pipeline.cpp:891] [print_deep_description] LastAsyncEl0PostInferEl6AsyncHwEl | inputs: PostInferEl6AsyncHwEl[0] | outputs: user
[2026-04-05 21:31:56.404] [6587] [HailoRT] [info] [pipeline.cpp:891] [print_deep_description] PushQEl7AsyncHwEl | inputs: AsyncHwEl[0] | outputs: PostInferEl7AsyncHwEl(running in thread_id: 6602)
[2026-04-05 21:31:56.404] [6587] [HailoRT] [info] [pipeline.cpp:891] [print_deep_description] PostInferEl7AsyncHwEl | inputs: PushQEl7AsyncHwEl[0] | outputs: LastAsyncEl0PostInferEl7AsyncHwEl
[2026-04-05 21:31:56.404] [6587] [HailoRT] [info] [pipeline.cpp:891] [print_deep_description] LastAsyncEl0PostInferEl7AsyncHwEl | inputs: PostInferEl7AsyncHwEl[0] | outputs: user
[2026-04-05 21:31:56.404] [6587] [HailoRT] [info] [pipeline.cpp:891] [print_deep_description] PushQEl8AsyncHwEl | inputs: AsyncHwEl[0] | outputs: PostInferEl8AsyncHwEl(running in thread_id: 6603)
[2026-04-05 21:31:56.404] [6587] [HailoRT] [info] [pipeline.cpp:891] [print_deep_description] PostInferEl8AsyncHwEl | inputs: PushQEl8AsyncHwEl[0] | outputs: LastAsyncEl0PostInferEl8AsyncHwEl
[2026-04-05 21:31:56.404] [6587] [HailoRT] [info] [pipeline.cpp:891] [print_deep_description] LastAsyncEl0PostInferEl8AsyncHwEl | inputs: PostInferEl8AsyncHwEl[0] | outputs: user
[2026-04-05 21:32:03.209] [6587] [HailoRT] [info] [async_infer_runner.cpp:86] [shutdown] Pipeline was aborted. Shutting it down
[2026-04-05 21:32:03.209] [6587] [HailoRT] [info] [async_infer_runner.cpp:86] [shutdown] Pipeline was aborted. Shutting it down
[2026-04-05 21:32:03.209] [6587] [HailoRT] [info] [queue_elements.cpp:570] [execute_deactivate] enqueue() in element PushQEl0AsyncHwEl was aborted, got status = HAILO_SHUTDOWN_EVENT_SIGNALED(57)
[2026-04-05 21:32:03.209] [6587] [HailoRT] [info] [queue_elements.cpp:570] [execute_deactivate] enqueue() in element PushQEl1AsyncHwEl was aborted, got status = HAILO_SHUTDOWN_EVENT_SIGNALED(57)
[2026-04-05 21:32:03.209] [6587] [HailoRT] [info] [queue_elements.cpp:570] [execute_deactivate] enqueue() in element PushQEl2AsyncHwEl was aborted, got status = HAILO_SHUTDOWN_EVENT_SIGNALED(57)
[2026-04-05 21:32:03.209] [6587] [HailoRT] [info] [queue_elements.cpp:570] [execute_deactivate] enqueue() in element PushQEl3AsyncHwEl was aborted, got status = HAILO_SHUTDOWN_EVENT_SIGNALED(57)
[2026-04-05 21:32:03.209] [6587] [HailoRT] [info] [queue_elements.cpp:570] [execute_deactivate] enqueue() in element PushQEl4AsyncHwEl was aborted, got status = HAILO_SHUTDOWN_EVENT_SIGNALED(57)
[2026-04-05 21:32:03.209] [6587] [HailoRT] [info] [queue_elements.cpp:570] [execute_deactivate] enqueue() in element PushQEl5AsyncHwEl was aborted, got status = HAILO_SHUTDOWN_EVENT_SIGNALED(57)
[2026-04-05 21:32:03.209] [6587] [HailoRT] [info] [queue_elements.cpp:570] [execute_deactivate] enqueue() in element PushQEl6AsyncHwEl was aborted, got status = HAILO_SHUTDOWN_EVENT_SIGNALED(57)
[2026-04-05 21:32:03.209] [6587] [HailoRT] [info] [queue_elements.cpp:570] [execute_deactivate] enqueue() in element PushQEl7AsyncHwEl was aborted, got status = HAILO_SHUTDOWN_EVENT_SIGNALED(57)
[2026-04-05 21:32:03.209] [6587] [HailoRT] [info] [queue_elements.cpp:570] [execute_deactivate] enqueue() in element PushQEl8AsyncHwEl was aborted, got status = HAILO_SHUTDOWN_EVENT_SIGNALED(57)
[2026-04-05 21:32:03.209] [6587] [HailoRT] [info] [queue_elements.cpp:570] [execute_deactivate] enqueue() in element EntryPushQEl0yolov8s_pose/input_layer1 was aborted, got status = HAILO_SHUTDOWN_EVENT_SIGNALED(57)
[2026-04-05 21:32:03.209] [6587] [HailoRT] [info] [queue_elements.cpp:46] [~BaseQueueElement] Queue element EntryPushQEl0yolov8s_pose/input_layer1 has 0 frames in his Queue on destruction
[2026-04-05 21:32:03.209] [6587] [HailoRT] [info] [queue_elements.cpp:46] [~BaseQueueElement] Queue element PushQEl3AsyncHwEl has 0 frames in his Queue on destruction
[2026-04-05 21:32:03.209] [6587] [HailoRT] [info] [queue_elements.cpp:46] [~BaseQueueElement] Queue element PushQEl4AsyncHwEl has 0 frames in his Queue on destruction
[2026-04-05 21:32:03.209] [6587] [HailoRT] [info] [queue_elements.cpp:46] [~BaseQueueElement] Queue element PushQEl5AsyncHwEl has 0 frames in his Queue on destruction
[2026-04-05 21:32:03.210] [6587] [HailoRT] [info] [queue_elements.cpp:46] [~BaseQueueElement] Queue element PushQEl0AsyncHwEl has 0 frames in his Queue on destruction
[2026-04-05 21:32:03.210] [6587] [HailoRT] [info] [queue_elements.cpp:46] [~BaseQueueElement] Queue element PushQEl1AsyncHwEl has 0 frames in his Queue on destruction
[2026-04-05 21:32:03.210] [6587] [HailoRT] [info] [queue_elements.cpp:46] [~BaseQueueElement] Queue element PushQEl2AsyncHwEl has 0 frames in his Queue on destruction
[2026-04-05 21:32:03.210] [6587] [HailoRT] [info] [queue_elements.cpp:46] [~BaseQueueElement] Queue element PushQEl7AsyncHwEl has 0 frames in his Queue on destruction
[2026-04-05 21:32:03.210] [6587] [HailoRT] [info] [queue_elements.cpp:46] [~BaseQueueElement] Queue element PushQEl8AsyncHwEl has 0 frames in his Queue on destruction
[2026-04-05 21:32:03.210] [6587] [HailoRT] [info] [queue_elements.cpp:46] [~BaseQueueElement] Queue element PushQEl6AsyncHwEl has 0 frames in his Queue on destruction
[2026-04-05 21:42:58.774] [7400] [HailoRT] [info] [vdevice.cpp:523] [create] Creating vdevice with params: device_count: 1, scheduling_algorithm: ROUND_ROBIN, multi_process_service: false
[2026-04-05 21:42:58.787] [7400] [HailoRT] [info] [device.cpp:49] [Device] OS Version: Linux 6.12.75+rpt-rpi-2712 #1 SMP PREEMPT Debian 1:6.12.75-1+rpt1~bookworm (2026-03-11) aarch64
[2026-04-05 21:42:58.788] [7400] [HailoRT] [info] [control.cpp:108] [control__parse_identify_results] firmware_version is: 4.20.0
[2026-04-05 21:42:58.788] [7400] [HailoRT] [info] [vdevice.cpp:651] [create] VDevice Infos: 0001:01:00.0
[2026-04-05 21:42:58.908] [7400] [HailoRT] [info] [hef.cpp:1929] [get_network_group_and_network_name] No name was given. Addressing all networks of default network_group: yolov8s_pose
[2026-04-05 21:42:58.908] [7400] [HailoRT] [info] [hef.cpp:1929] [get_network_group_and_network_name] No name was given. Addressing all networks of default network_group: yolov8s_pose
[2026-04-05 21:42:58.908] [7400] [HailoRT] [info] [hef.cpp:1929] [get_network_group_and_network_name] No name was given. Addressing all networks of default network_group: yolov8s_pose
[2026-04-05 21:42:58.909] [7400] [HailoRT] [info] [hef.cpp:1929] [get_network_group_and_network_name] No name was given. Addressing all networks of default network_group: yolov8s_pose
[2026-04-05 21:42:58.909] [7400] [HailoRT] [info] [hef.cpp:1929] [get_network_group_and_network_name] No name was given. Addressing all networks of default network_group: yolov8s_pose
[2026-04-05 21:42:58.909] [7400] [HailoRT] [warning] [device_internal.cpp:616] [check_hef_is_compatible] HEF was compiled for Hailo8L device, while the device itself is Hailo8. This will result in lower performance.
[2026-04-05 21:42:58.909] [7400] [HailoRT] [warning] [device_internal.cpp:616] [check_hef_is_compatible] HEF was compiled for Hailo8L device, while the device itself is Hailo8. This will result in lower performance.
[2026-04-05 21:42:58.915] [7400] [HailoRT] [info] [internal_buffer_manager.cpp:204] [print_execution_results] Planned internal buffer memory: CMA memory 0, user memory 3321344. memory to edge layer usage factor is 0.93083656
[2026-04-05 21:42:58.915] [7400] [HailoRT] [info] [internal_buffer_manager.cpp:212] [print_execution_results] Default Internal buffer planner executed successfully
[2026-04-05 21:42:58.939] [7400] [HailoRT] [info] [device_internal.cpp:57] [configure] Configuring HEF took 30.01124 milliseconds
[2026-04-05 21:42:58.939] [7400] [HailoRT] [info] [vdevice.cpp:749] [configure] Configuring HEF on VDevice took 30.518733 milliseconds
[2026-04-05 21:42:58.939] [7400] [HailoRT] [info] [infer_model.cpp:436] [configure] Configuring network group 'yolov8s_pose' with params: batch size: 1, power mode: PERFORMANCE, latency: NONE
[2026-04-05 21:42:58.939] [7400] [HailoRT] [info] [multi_io_elements.cpp:756] [create] Created (AsyncHwEl)
[2026-04-05 21:42:58.940] [7400] [HailoRT] [info] [queue_elements.cpp:450] [create] Created (EntryPushQEl0yolov8s_pose/input_layer1 | timeout: 10s)
[2026-04-05 21:42:58.940] [7400] [HailoRT] [info] [queue_elements.cpp:450] [create] Created (PushQEl3AsyncHwEl | timeout: 10s)
[2026-04-05 21:42:58.940] [7400] [HailoRT] [info] [filter_elements.cpp:375] [create] Created (PostInferEl3AsyncHwEl | Quantization - src_type: UINT8, dst_type FLOAT32, limvals_min: -6.02712, limvals_max: 11.844)
[2026-04-05 21:42:58.940] [7400] [HailoRT] [info] [edge_elements.cpp:187] [create] Created (LastAsyncEl0PostInferEl3AsyncHwEl)
[2026-04-05 21:42:58.940] [7400] [HailoRT] [info] [queue_elements.cpp:450] [create] Created (PushQEl4AsyncHwEl | timeout: 10s)
[2026-04-05 21:42:58.940] [7400] [HailoRT] [info] [filter_elements.cpp:375] [create] Created (PostInferEl4AsyncHwEl | Quantization - src_type: UINT8, dst_type FLOAT32, limvals_min: -9.25656, limvals_max: 9.32945 | Reorder - src_order: FCR, src_shape: (20, 20, 56), dst_order: FCR, dst_shape: (20, 20, 51))
[2026-04-05 21:42:58.940] [7400] [HailoRT] [info] [edge_elements.cpp:187] [create] Created (LastAsyncEl0PostInferEl4AsyncHwEl)
[2026-04-05 21:42:58.941] [7400] [HailoRT] [info] [queue_elements.cpp:450] [create] Created (PushQEl5AsyncHwEl | timeout: 10s)
[2026-04-05 21:42:58.941] [7400] [HailoRT] [info] [filter_elements.cpp:375] [create] Created (PostInferEl5AsyncHwEl | Quantization - src_type: UINT8, dst_type FLOAT32, limvals_min: -5.14938, limvals_max: 13.8809)
[2026-04-05 21:42:58.941] [7400] [HailoRT] [info] [edge_elements.cpp:187] [create] Created (LastAsyncEl0PostInferEl5AsyncHwEl)
[2026-04-05 21:42:58.942] [7400] [HailoRT] [info] [queue_elements.cpp:450] [create] Created (PushQEl0AsyncHwEl | timeout: 10s)
[2026-04-05 21:42:58.942] [7400] [HailoRT] [info] [filter_elements.cpp:375] [create] Created (PostInferEl0AsyncHwEl | Quantization - src_type: UINT8, dst_type FLOAT32, limvals_min: 0, limvals_max: 0.927867)
[2026-04-05 21:42:58.942] [7400] [HailoRT] [info] [edge_elements.cpp:187] [create] Created (LastAsyncEl0PostInferEl0AsyncHwEl)
[2026-04-05 21:42:58.942] [7400] [HailoRT] [info] [queue_elements.cpp:450] [create] Created (PushQEl1AsyncHwEl | timeout: 10s)
[2026-04-05 21:42:58.942] [7400] [HailoRT] [info] [filter_elements.cpp:375] [create] Created (PostInferEl1AsyncHwEl | Quantization - src_type: UINT8, dst_type FLOAT32, limvals_min: -5.39702, limvals_max: 12.7114)
[2026-04-05 21:42:58.942] [7400] [HailoRT] [info] [edge_elements.cpp:187] [create] Created (LastAsyncEl0PostInferEl1AsyncHwEl)
[2026-04-05 21:42:58.942] [7400] [HailoRT] [info] [queue_elements.cpp:450] [create] Created (PushQEl2AsyncHwEl | timeout: 10s)
[2026-04-05 21:42:58.942] [7400] [HailoRT] [info] [filter_elements.cpp:375] [create] Created (PostInferEl2AsyncHwEl | Quantization - src_type: UINT8, dst_type FLOAT32, limvals_min: 0, limvals_max: 0.820417)
[2026-04-05 21:42:58.942] [7400] [HailoRT] [info] [edge_elements.cpp:187] [create] Created (LastAsyncEl0PostInferEl2AsyncHwEl)
[2026-04-05 21:42:58.942] [7400] [HailoRT] [info] [queue_elements.cpp:450] [create] Created (PushQEl7AsyncHwEl | timeout: 10s)
[2026-04-05 21:42:58.942] [7400] [HailoRT] [info] [filter_elements.cpp:375] [create] Created (PostInferEl7AsyncHwEl | Quantization - src_type: UINT8, dst_type FLOAT32, limvals_min: -11.0503, limvals_max: 6.78402 | Reorder - src_order: FCR, src_shape: (40, 40, 56), dst_order: FCR, dst_shape: (40, 40, 51))
[2026-04-05 21:42:58.942] [7400] [HailoRT] [info] [edge_elements.cpp:187] [create] Created (LastAsyncEl0PostInferEl7AsyncHwEl)
[2026-04-05 21:42:58.943] [7400] [HailoRT] [info] [queue_elements.cpp:450] [create] Created (PushQEl8AsyncHwEl | timeout: 10s)
[2026-04-05 21:42:58.943] [7400] [HailoRT] [info] [filter_elements.cpp:375] [create] Created (PostInferEl8AsyncHwEl | Quantization - src_type: UINT8, dst_type FLOAT32, limvals_min: 0, limvals_max: 0.617845)
[2026-04-05 21:42:58.943] [7400] [HailoRT] [info] [edge_elements.cpp:187] [create] Created (LastAsyncEl0PostInferEl8AsyncHwEl)
[2026-04-05 21:42:58.943] [7400] [HailoRT] [info] [queue_elements.cpp:450] [create] Created (PushQEl6AsyncHwEl | timeout: 10s)
[2026-04-05 21:42:58.943] [7400] [HailoRT] [info] [filter_elements.cpp:375] [create] Created (PostInferEl6AsyncHwEl | Quantization - src_type: UINT8, dst_type FLOAT32, limvals_min: -7.42123, limvals_max: 5.81243 | Reorder - src_order: FCR, src_shape: (80, 80, 56), dst_order: FCR, dst_shape: (80, 80, 51))
[2026-04-05 21:42:58.943] [7400] [HailoRT] [info] [edge_elements.cpp:187] [create] Created (LastAsyncEl0PostInferEl6AsyncHwEl)
[2026-04-05 21:42:58.943] [7400] [HailoRT] [info] [pipeline.cpp:891] [print_deep_description] EntryPushQEl0yolov8s_pose/input_layer1 | inputs: user | outputs: AsyncHwEl(running in thread_id: 7408)
[2026-04-05 21:42:58.943] [7400] [HailoRT] [info] [pipeline.cpp:891] [print_deep_description] AsyncHwEl | inputs: EntryPushQEl0yolov8s_pose/input_layer1[0] | outputs: PushQEl0AsyncHwEl PushQEl1AsyncHwEl PushQEl2AsyncHwEl PushQEl3AsyncHwEl PushQEl4AsyncHwEl PushQEl5AsyncHwEl PushQEl6AsyncHwEl PushQEl7AsyncHwEl PushQEl8AsyncHwEl
[2026-04-05 21:42:58.943] [7400] [HailoRT] [info] [pipeline.cpp:891] [print_deep_description] PushQEl0AsyncHwEl | inputs: AsyncHwEl[0] | outputs: PostInferEl0AsyncHwEl(running in thread_id: 7412)
[2026-04-05 21:42:58.943] [7400] [HailoRT] [info] [pipeline.cpp:891] [print_deep_description] PostInferEl0AsyncHwEl | inputs: PushQEl0AsyncHwEl[0] | outputs: LastAsyncEl0PostInferEl0AsyncHwEl
[2026-04-05 21:42:58.943] [7400] [HailoRT] [info] [pipeline.cpp:891] [print_deep_description] LastAsyncEl0PostInferEl0AsyncHwEl | inputs: PostInferEl0AsyncHwEl[0] | outputs: user
[2026-04-05 21:42:58.943] [7400] [HailoRT] [info] [pipeline.cpp:891] [print_deep_description] PushQEl1AsyncHwEl | inputs: AsyncHwEl[0] | outputs: PostInferEl1AsyncHwEl(running in thread_id: 7413)
[2026-04-05 21:42:58.943] [7400] [HailoRT] [info] [pipeline.cpp:891] [print_deep_description] PostInferEl1AsyncHwEl | inputs: PushQEl1AsyncHwEl[0] | outputs: LastAsyncEl0PostInferEl1AsyncHwEl
[2026-04-05 21:42:58.943] [7400] [HailoRT] [info] [pipeline.cpp:891] [print_deep_description] LastAsyncEl0PostInferEl1AsyncHwEl | inputs: PostInferEl1AsyncHwEl[0] | outputs: user
[2026-04-05 21:42:58.943] [7400] [HailoRT] [info] [pipeline.cpp:891] [print_deep_description] PushQEl2AsyncHwEl | inputs: AsyncHwEl[0] | outputs: PostInferEl2AsyncHwEl(running in thread_id: 7414)
[2026-04-05 21:42:58.943] [7400] [HailoRT] [info] [pipeline.cpp:891] [print_deep_description] PostInferEl2AsyncHwEl | inputs: PushQEl2AsyncHwEl[0] | outputs: LastAsyncEl0PostInferEl2AsyncHwEl
[2026-04-05 21:42:58.943] [7400] [HailoRT] [info] [pipeline.cpp:891] [print_deep_description] LastAsyncEl0PostInferEl2AsyncHwEl | inputs: PostInferEl2AsyncHwEl[0] | outputs: user
[2026-04-05 21:42:58.943] [7400] [HailoRT] [info] [pipeline.cpp:891] [print_deep_description] PushQEl3AsyncHwEl | inputs: AsyncHwEl[0] | outputs: PostInferEl3AsyncHwEl(running in thread_id: 7409)
[2026-04-05 21:42:58.943] [7400] [HailoRT] [info] [pipeline.cpp:891] [print_deep_description] PostInferEl3AsyncHwEl | inputs: PushQEl3AsyncHwEl[0] | outputs: LastAsyncEl0PostInferEl3AsyncHwEl
[2026-04-05 21:42:58.943] [7400] [HailoRT] [info] [pipeline.cpp:891] [print_deep_description] LastAsyncEl0PostInferEl3AsyncHwEl | inputs: PostInferEl3AsyncHwEl[0] | outputs: user
[2026-04-05 21:42:58.943] [7400] [HailoRT] [info] [pipeline.cpp:891] [print_deep_description] PushQEl4AsyncHwEl | inputs: AsyncHwEl[0] | outputs: PostInferEl4AsyncHwEl(running in thread_id: 7410)
[2026-04-05 21:42:58.943] [7400] [HailoRT] [info] [pipeline.cpp:891] [print_deep_description] PostInferEl4AsyncHwEl | inputs: PushQEl4AsyncHwEl[0] | outputs: LastAsyncEl0PostInferEl4AsyncHwEl
[2026-04-05 21:42:58.943] [7400] [HailoRT] [info] [pipeline.cpp:891] [print_deep_description] LastAsyncEl0PostInferEl4AsyncHwEl | inputs: PostInferEl4AsyncHwEl[0] | outputs: user
[2026-04-05 21:42:58.943] [7400] [HailoRT] [info] [pipeline.cpp:891] [print_deep_description] PushQEl5AsyncHwEl | inputs: AsyncHwEl[0] | outputs: PostInferEl5AsyncHwEl(running in thread_id: 7411)
[2026-04-05 21:42:58.943] [7400] [HailoRT] [info] [pipeline.cpp:891] [print_deep_description] PostInferEl5AsyncHwEl | inputs: PushQEl5AsyncHwEl[0] | outputs: LastAsyncEl0PostInferEl5AsyncHwEl
[2026-04-05 21:42:58.943] [7400] [HailoRT] [info] [pipeline.cpp:891] [print_deep_description] LastAsyncEl0PostInferEl5AsyncHwEl | inputs: PostInferEl5AsyncHwEl[0] | outputs: user
[2026-04-05 21:42:58.943] [7400] [HailoRT] [info] [pipeline.cpp:891] [print_deep_description] PushQEl6AsyncHwEl | inputs: AsyncHwEl[0] | outputs: PostInferEl6AsyncHwEl(running in thread_id: 7417)
[2026-04-05 21:42:58.943] [7400] [HailoRT] [info] [pipeline.cpp:891] [print_deep_description] PostInferEl6AsyncHwEl | inputs: PushQEl6AsyncHwEl[0] | outputs: LastAsyncEl0PostInferEl6AsyncHwEl
[2026-04-05 21:42:58.943] [7400] [HailoRT] [info] [pipeline.cpp:891] [print_deep_description] LastAsyncEl0PostInferEl6AsyncHwEl | inputs: PostInferEl6AsyncHwEl[0] | outputs: user
[2026-04-05 21:42:58.943] [7400] [HailoRT] [info] [pipeline.cpp:891] [print_deep_description] PushQEl7AsyncHwEl | inputs: AsyncHwEl[0] | outputs: PostInferEl7AsyncHwEl(running in thread_id: 7415)
[2026-04-05 21:42:58.943] [7400] [HailoRT] [info] [pipeline.cpp:891] [print_deep_description] PostInferEl7AsyncHwEl | inputs: PushQEl7AsyncHwEl[0] | outputs: LastAsyncEl0PostInferEl7AsyncHwEl
[2026-04-05 21:42:58.943] [7400] [HailoRT] [info] [pipeline.cpp:891] [print_deep_description] LastAsyncEl0PostInferEl7AsyncHwEl | inputs: PostInferEl7AsyncHwEl[0] | outputs: user
[2026-04-05 21:42:58.943] [7400] [HailoRT] [info] [pipeline.cpp:891] [print_deep_description] PushQEl8AsyncHwEl | inputs: AsyncHwEl[0] | outputs: PostInferEl8AsyncHwEl(running in thread_id: 7416)
[2026-04-05 21:42:58.943] [7400] [HailoRT] [info] [pipeline.cpp:891] [print_deep_description] PostInferEl8AsyncHwEl | inputs: PushQEl8AsyncHwEl[0] | outputs: LastAsyncEl0PostInferEl8AsyncHwEl
[2026-04-05 21:42:58.943] [7400] [HailoRT] [info] [pipeline.cpp:891] [print_deep_description] LastAsyncEl0PostInferEl8AsyncHwEl | inputs: PostInferEl8AsyncHwEl[0] | outputs: user
[2026-04-05 21:43:08.029] [7400] [HailoRT] [info] [async_infer_runner.cpp:86] [shutdown] Pipeline was aborted. Shutting it down
[2026-04-05 21:43:08.029] [7400] [HailoRT] [info] [async_infer_runner.cpp:86] [shutdown] Pipeline was aborted. Shutting it down
[2026-04-05 21:43:08.030] [7400] [HailoRT] [info] [queue_elements.cpp:570] [execute_deactivate] enqueue() in element PushQEl0AsyncHwEl was aborted, got status = HAILO_SHUTDOWN_EVENT_SIGNALED(57)
[2026-04-05 21:43:08.030] [7400] [HailoRT] [info] [queue_elements.cpp:570] [execute_deactivate] enqueue() in element PushQEl1AsyncHwEl was aborted, got status = HAILO_SHUTDOWN_EVENT_SIGNALED(57)
[2026-04-05 21:43:08.030] [7400] [HailoRT] [info] [queue_elements.cpp:570] [execute_deactivate] enqueue() in element PushQEl2AsyncHwEl was aborted, got status = HAILO_SHUTDOWN_EVENT_SIGNALED(57)
[2026-04-05 21:43:08.030] [7400] [HailoRT] [info] [queue_elements.cpp:570] [execute_deactivate] enqueue() in element PushQEl3AsyncHwEl was aborted, got status = HAILO_SHUTDOWN_EVENT_SIGNALED(57)
[2026-04-05 21:43:08.030] [7400] [HailoRT] [info] [queue_elements.cpp:570] [execute_deactivate] enqueue() in element PushQEl4AsyncHwEl was aborted, got status = HAILO_SHUTDOWN_EVENT_SIGNALED(57)
[2026-04-05 21:43:08.030] [7400] [HailoRT] [info] [queue_elements.cpp:570] [execute_deactivate] enqueue() in element PushQEl5AsyncHwEl was aborted, got status = HAILO_SHUTDOWN_EVENT_SIGNALED(57)
[2026-04-05 21:43:08.030] [7400] [HailoRT] [info] [queue_elements.cpp:570] [execute_deactivate] enqueue() in element PushQEl6AsyncHwEl was aborted, got status = HAILO_SHUTDOWN_EVENT_SIGNALED(57)
[2026-04-05 21:43:08.030] [7400] [HailoRT] [info] [queue_elements.cpp:570] [execute_deactivate] enqueue() in element PushQEl7AsyncHwEl was aborted, got status = HAILO_SHUTDOWN_EVENT_SIGNALED(57)
[2026-04-05 21:43:08.030] [7400] [HailoRT] [info] [queue_elements.cpp:570] [execute_deactivate] enqueue() in element PushQEl8AsyncHwEl was aborted, got status = HAILO_SHUTDOWN_EVENT_SIGNALED(57)
[2026-04-05 21:43:08.030] [7400] [HailoRT] [info] [queue_elements.cpp:570] [execute_deactivate] enqueue() in element EntryPushQEl0yolov8s_pose/input_layer1 was aborted, got status = HAILO_SHUTDOWN_EVENT_SIGNALED(57)
[2026-04-05 21:43:08.030] [7400] [HailoRT] [info] [queue_elements.cpp:46] [~BaseQueueElement] Queue element EntryPushQEl0yolov8s_pose/input_layer1 has 0 frames in his Queue on destruction
[2026-04-05 21:43:08.030] [7400] [HailoRT] [info] [queue_elements.cpp:46] [~BaseQueueElement] Queue element PushQEl3AsyncHwEl has 0 frames in his Queue on destruction
[2026-04-05 21:43:08.030] [7400] [HailoRT] [info] [queue_elements.cpp:46] [~BaseQueueElement] Queue element PushQEl4AsyncHwEl has 0 frames in his Queue on destruction
[2026-04-05 21:43:08.030] [7400] [HailoRT] [info] [queue_elements.cpp:46] [~BaseQueueElement] Queue element PushQEl5AsyncHwEl has 0 frames in his Queue on destruction
[2026-04-05 21:43:08.030] [7400] [HailoRT] [info] [queue_elements.cpp:46] [~BaseQueueElement] Queue element PushQEl0AsyncHwEl has 0 frames in his Queue on destruction
[2026-04-05 21:43:08.030] [7400] [HailoRT] [info] [queue_elements.cpp:46] [~BaseQueueElement] Queue element PushQEl1AsyncHwEl has 0 frames in his Queue on destruction
[2026-04-05 21:43:08.030] [7400] [HailoRT] [info] [queue_elements.cpp:46] [~BaseQueueElement] Queue element PushQEl2AsyncHwEl has 0 frames in his Queue on destruction
[2026-04-05 21:43:08.030] [7400] [HailoRT] [info] [queue_elements.cpp:46] [~BaseQueueElement] Queue element PushQEl7AsyncHwEl has 0 frames in his Queue on destruction
[2026-04-05 21:43:08.030] [7400] [HailoRT] [info] [queue_elements.cpp:46] [~BaseQueueElement] Queue element PushQEl8AsyncHwEl has 0 frames in his Queue on destruction
[2026-04-05 21:43:08.030] [7400] [HailoRT] [info] [queue_elements.cpp:46] [~BaseQueueElement] Queue element PushQEl6AsyncHwEl has 0 frames in his Queue on destruction
[2026-04-05 21:45:38.298] [7717] [HailoRT] [info] [vdevice.cpp:523] [create] Creating vdevice with params: device_count: 1, scheduling_algorithm: ROUND_ROBIN, multi_process_service: false
[2026-04-05 21:45:38.311] [7717] [HailoRT] [info] [device.cpp:49] [Device] OS Version: Linux 6.12.75+rpt-rpi-2712 #1 SMP PREEMPT Debian 1:6.12.75-1+rpt1~bookworm (2026-03-11) aarch64
[2026-04-05 21:45:38.312] [7717] [HailoRT] [info] [control.cpp:108] [control__parse_identify_results] firmware_version is: 4.20.0
[2026-04-05 21:45:38.312] [7717] [HailoRT] [info] [vdevice.cpp:651] [create] VDevice Infos: 0001:01:00.0
[2026-04-05 21:45:38.424] [7717] [HailoRT] [info] [hef.cpp:1929] [get_network_group_and_network_name] No name was given. Addressing all networks of default network_group: yolov8s_pose
[2026-04-05 21:45:38.424] [7717] [HailoRT] [info] [hef.cpp:1929] [get_network_group_and_network_name] No name was given. Addressing all networks of default network_group: yolov8s_pose
[2026-04-05 21:45:38.425] [7717] [HailoRT] [info] [hef.cpp:1929] [get_network_group_and_network_name] No name was given. Addressing all networks of default network_group: yolov8s_pose
[2026-04-05 21:45:38.426] [7717] [HailoRT] [info] [hef.cpp:1929] [get_network_group_and_network_name] No name was given. Addressing all networks of default network_group: yolov8s_pose
[2026-04-05 21:45:38.426] [7717] [HailoRT] [info] [hef.cpp:1929] [get_network_group_and_network_name] No name was given. Addressing all networks of default network_group: yolov8s_pose
[2026-04-05 21:45:38.426] [7717] [HailoRT] [warning] [device_internal.cpp:616] [check_hef_is_compatible] HEF was compiled for Hailo8L device, while the device itself is Hailo8. This will result in lower performance.
[2026-04-05 21:45:38.426] [7717] [HailoRT] [warning] [device_internal.cpp:616] [check_hef_is_compatible] HEF was compiled for Hailo8L device, while the device itself is Hailo8. This will result in lower performance.
[2026-04-05 21:45:38.437] [7717] [HailoRT] [info] [internal_buffer_manager.cpp:204] [print_execution_results] Planned internal buffer memory: CMA memory 0, user memory 3321344. memory to edge layer usage factor is 0.93083656
[2026-04-05 21:45:38.437] [7717] [HailoRT] [info] [internal_buffer_manager.cpp:212] [print_execution_results] Default Internal buffer planner executed successfully
[2026-04-05 21:45:38.467] [7717] [HailoRT] [info] [device_internal.cpp:57] [configure] Configuring HEF took 40.522979 milliseconds
[2026-04-05 21:45:38.467] [7717] [HailoRT] [info] [vdevice.cpp:749] [configure] Configuring HEF on VDevice took 41.171158 milliseconds
[2026-04-05 21:45:38.467] [7717] [HailoRT] [info] [infer_model.cpp:436] [configure] Configuring network group 'yolov8s_pose' with params: batch size: 1, power mode: PERFORMANCE, latency: NONE
[2026-04-05 21:45:38.467] [7717] [HailoRT] [info] [multi_io_elements.cpp:756] [create] Created (AsyncHwEl)
[2026-04-05 21:45:38.467] [7717] [HailoRT] [info] [queue_elements.cpp:450] [create] Created (EntryPushQEl0yolov8s_pose/input_layer1 | timeout: 10s)
[2026-04-05 21:45:38.468] [7717] [HailoRT] [info] [queue_elements.cpp:450] [create] Created (PushQEl3AsyncHwEl | timeout: 10s)
[2026-04-05 21:45:38.468] [7717] [HailoRT] [info] [filter_elements.cpp:375] [create] Created (PostInferEl3AsyncHwEl | Quantization - src_type: UINT8, dst_type FLOAT32, limvals_min: -6.02712, limvals_max: 11.844)
[2026-04-05 21:45:38.468] [7717] [HailoRT] [info] [edge_elements.cpp:187] [create] Created (LastAsyncEl0PostInferEl3AsyncHwEl)
[2026-04-05 21:45:38.468] [7717] [HailoRT] [info] [queue_elements.cpp:450] [create] Created (PushQEl4AsyncHwEl | timeout: 10s)
[2026-04-05 21:45:38.468] [7717] [HailoRT] [info] [filter_elements.cpp:375] [create] Created (PostInferEl4AsyncHwEl | Quantization - src_type: UINT8, dst_type FLOAT32, limvals_min: -9.25656, limvals_max: 9.32945 | Reorder - src_order: FCR, src_shape: (20, 20, 56), dst_order: FCR, dst_shape: (20, 20, 51))
[2026-04-05 21:45:38.468] [7717] [HailoRT] [info] [edge_elements.cpp:187] [create] Created (LastAsyncEl0PostInferEl4AsyncHwEl)
[2026-04-05 21:45:38.468] [7717] [HailoRT] [info] [queue_elements.cpp:450] [create] Created (PushQEl5AsyncHwEl | timeout: 10s)
[2026-04-05 21:45:38.468] [7717] [HailoRT] [info] [filter_elements.cpp:375] [create] Created (PostInferEl5AsyncHwEl | Quantization - src_type: UINT8, dst_type FLOAT32, limvals_min: -5.14938, limvals_max: 13.8809)
[2026-04-05 21:45:38.468] [7717] [HailoRT] [info] [edge_elements.cpp:187] [create] Created (LastAsyncEl0PostInferEl5AsyncHwEl)
[2026-04-05 21:45:38.468] [7717] [HailoRT] [info] [queue_elements.cpp:450] [create] Created (PushQEl0AsyncHwEl | timeout: 10s)
[2026-04-05 21:45:38.468] [7717] [HailoRT] [info] [filter_elements.cpp:375] [create] Created (PostInferEl0AsyncHwEl | Quantization - src_type: UINT8, dst_type FLOAT32, limvals_min: 0, limvals_max: 0.927867)
[2026-04-05 21:45:38.468] [7717] [HailoRT] [info] [edge_elements.cpp:187] [create] Created (LastAsyncEl0PostInferEl0AsyncHwEl)
[2026-04-05 21:45:38.468] [7717] [HailoRT] [info] [queue_elements.cpp:450] [create] Created (PushQEl1AsyncHwEl | timeout: 10s)
[2026-04-05 21:45:38.468] [7717] [HailoRT] [info] [filter_elements.cpp:375] [create] Created (PostInferEl1AsyncHwEl | Quantization - src_type: UINT8, dst_type FLOAT32, limvals_min: -5.39702, limvals_max: 12.7114)
[2026-04-05 21:45:38.468] [7717] [HailoRT] [info] [edge_elements.cpp:187] [create] Created (LastAsyncEl0PostInferEl1AsyncHwEl)
[2026-04-05 21:45:38.468] [7717] [HailoRT] [info] [queue_elements.cpp:450] [create] Created (PushQEl2AsyncHwEl | timeout: 10s)
[2026-04-05 21:45:38.468] [7717] [HailoRT] [info] [filter_elements.cpp:375] [create] Created (PostInferEl2AsyncHwEl | Quantization - src_type: UINT8, dst_type FLOAT32, limvals_min: 0, limvals_max: 0.820417)
[2026-04-05 21:45:38.468] [7717] [HailoRT] [info] [edge_elements.cpp:187] [create] Created (LastAsyncEl0PostInferEl2AsyncHwEl)
[2026-04-05 21:45:38.469] [7717] [HailoRT] [info] [queue_elements.cpp:450] [create] Created (PushQEl7AsyncHwEl | timeout: 10s)
[2026-04-05 21:45:38.469] [7717] [HailoRT] [info] [filter_elements.cpp:375] [create] Created (PostInferEl7AsyncHwEl | Quantization - src_type: UINT8, dst_type FLOAT32, limvals_min: -11.0503, limvals_max: 6.78402 | Reorder - src_order: FCR, src_shape: (40, 40, 56), dst_order: FCR, dst_shape: (40, 40, 51))
[2026-04-05 21:45:38.469] [7717] [HailoRT] [info] [edge_elements.cpp:187] [create] Created (LastAsyncEl0PostInferEl7AsyncHwEl)
[2026-04-05 21:45:38.469] [7717] [HailoRT] [info] [queue_elements.cpp:450] [create] Created (PushQEl8AsyncHwEl | timeout: 10s)
[2026-04-05 21:45:38.469] [7717] [HailoRT] [info] [filter_elements.cpp:375] [create] Created (PostInferEl8AsyncHwEl | Quantization - src_type: UINT8, dst_type FLOAT32, limvals_min: 0, limvals_max: 0.617845)
[2026-04-05 21:45:38.469] [7717] [HailoRT] [info] [edge_elements.cpp:187] [create] Created (LastAsyncEl0PostInferEl8AsyncHwEl)
[2026-04-05 21:45:38.469] [7717] [HailoRT] [info] [queue_elements.cpp:450] [create] Created (PushQEl6AsyncHwEl | timeout: 10s)
[2026-04-05 21:45:38.469] [7717] [HailoRT] [info] [filter_elements.cpp:375] [create] Created (PostInferEl6AsyncHwEl | Quantization - src_type: UINT8, dst_type FLOAT32, limvals_min: -7.42123, limvals_max: 5.81243 | Reorder - src_order: FCR, src_shape: (80, 80, 56), dst_order: FCR, dst_shape: (80, 80, 51))
[2026-04-05 21:45:38.469] [7717] [HailoRT] [info] [edge_elements.cpp:187] [create] Created (LastAsyncEl0PostInferEl6AsyncHwEl)
[2026-04-05 21:45:38.469] [7717] [HailoRT] [info] [pipeline.cpp:891] [print_deep_description] EntryPushQEl0yolov8s_pose/input_layer1 | inputs: user | outputs: AsyncHwEl(running in thread_id: 7725)
[2026-04-05 21:45:38.469] [7717] [HailoRT] [info] [pipeline.cpp:891] [print_deep_description] AsyncHwEl | inputs: EntryPushQEl0yolov8s_pose/input_layer1[0] | outputs: PushQEl0AsyncHwEl PushQEl1AsyncHwEl PushQEl2AsyncHwEl PushQEl3AsyncHwEl PushQEl4AsyncHwEl PushQEl5AsyncHwEl PushQEl6AsyncHwEl PushQEl7AsyncHwEl PushQEl8AsyncHwEl
[2026-04-05 21:45:38.469] [7717] [HailoRT] [info] [pipeline.cpp:891] [print_deep_description] PushQEl0AsyncHwEl | inputs: AsyncHwEl[0] | outputs: PostInferEl0AsyncHwEl(running in thread_id: 7729)
[2026-04-05 21:45:38.469] [7717] [HailoRT] [info] [pipeline.cpp:891] [print_deep_description] PostInferEl0AsyncHwEl | inputs: PushQEl0AsyncHwEl[0] | outputs: LastAsyncEl0PostInferEl0AsyncHwEl
[2026-04-05 21:45:38.469] [7717] [HailoRT] [info] [pipeline.cpp:891] [print_deep_description] LastAsyncEl0PostInferEl0AsyncHwEl | inputs: PostInferEl0AsyncHwEl[0] | outputs: user
[2026-04-05 21:45:38.469] [7717] [HailoRT] [info] [pipeline.cpp:891] [print_deep_description] PushQEl1AsyncHwEl | inputs: AsyncHwEl[0] | outputs: PostInferEl1AsyncHwEl(running in thread_id: 7730)
[2026-04-05 21:45:38.469] [7717] [HailoRT] [info] [pipeline.cpp:891] [print_deep_description] PostInferEl1AsyncHwEl | inputs: PushQEl1AsyncHwEl[0] | outputs: LastAsyncEl0PostInferEl1AsyncHwEl
[2026-04-05 21:45:38.469] [7717] [HailoRT] [info] [pipeline.cpp:891] [print_deep_description] LastAsyncEl0PostInferEl1AsyncHwEl | inputs: PostInferEl1AsyncHwEl[0] | outputs: user
[2026-04-05 21:45:38.469] [7717] [HailoRT] [info] [pipeline.cpp:891] [print_deep_description] PushQEl2AsyncHwEl | inputs: AsyncHwEl[0] | outputs: PostInferEl2AsyncHwEl(running in thread_id: 7731)
[2026-04-05 21:45:38.469] [7717] [HailoRT] [info] [pipeline.cpp:891] [print_deep_description] PostInferEl2AsyncHwEl | inputs: PushQEl2AsyncHwEl[0] | outputs: LastAsyncEl0PostInferEl2AsyncHwEl
[2026-04-05 21:45:38.469] [7717] [HailoRT] [info] [pipeline.cpp:891] [print_deep_description] LastAsyncEl0PostInferEl2AsyncHwEl | inputs: PostInferEl2AsyncHwEl[0] | outputs: user
[2026-04-05 21:45:38.469] [7717] [HailoRT] [info] [pipeline.cpp:891] [print_deep_description] PushQEl3AsyncHwEl | inputs: AsyncHwEl[0] | outputs: PostInferEl3AsyncHwEl(running in thread_id: 7726)
[2026-04-05 21:45:38.469] [7717] [HailoRT] [info] [pipeline.cpp:891] [print_deep_description] PostInferEl3AsyncHwEl | inputs: PushQEl3AsyncHwEl[0] | outputs: LastAsyncEl0PostInferEl3AsyncHwEl
[2026-04-05 21:45:38.469] [7717] [HailoRT] [info] [pipeline.cpp:891] [print_deep_description] LastAsyncEl0PostInferEl3AsyncHwEl | inputs: PostInferEl3AsyncHwEl[0] | outputs: user
[2026-04-05 21:45:38.469] [7717] [HailoRT] [info] [pipeline.cpp:891] [print_deep_description] PushQEl4AsyncHwEl | inputs: AsyncHwEl[0] | outputs: PostInferEl4AsyncHwEl(running in thread_id: 7727)
[2026-04-05 21:45:38.469] [7717] [HailoRT] [info] [pipeline.cpp:891] [print_deep_description] PostInferEl4AsyncHwEl | inputs: PushQEl4AsyncHwEl[0] | outputs: LastAsyncEl0PostInferEl4AsyncHwEl
[2026-04-05 21:45:38.469] [7717] [HailoRT] [info] [pipeline.cpp:891] [print_deep_description] LastAsyncEl0PostInferEl4AsyncHwEl | inputs: PostInferEl4AsyncHwEl[0] | outputs: user
[2026-04-05 21:45:38.469] [7717] [HailoRT] [info] [pipeline.cpp:891] [print_deep_description] PushQEl5AsyncHwEl | inputs: AsyncHwEl[0] | outputs: PostInferEl5AsyncHwEl(running in thread_id: 7728)
[2026-04-05 21:45:38.469] [7717] [HailoRT] [info] [pipeline.cpp:891] [print_deep_description] PostInferEl5AsyncHwEl | inputs: PushQEl5AsyncHwEl[0] | outputs: LastAsyncEl0PostInferEl5AsyncHwEl
[2026-04-05 21:45:38.469] [7717] [HailoRT] [info] [pipeline.cpp:891] [print_deep_description] LastAsyncEl0PostInferEl5AsyncHwEl | inputs: PostInferEl5AsyncHwEl[0] | outputs: user
[2026-04-05 21:45:38.469] [7717] [HailoRT] [info] [pipeline.cpp:891] [print_deep_description] PushQEl6AsyncHwEl | inputs: AsyncHwEl[0] | outputs: PostInferEl6AsyncHwEl(running in thread_id: 7734)
[2026-04-05 21:45:38.469] [7717] [HailoRT] [info] [pipeline.cpp:891] [print_deep_description] PostInferEl6AsyncHwEl | inputs: PushQEl6AsyncHwEl[0] | outputs: LastAsyncEl0PostInferEl6AsyncHwEl
[2026-04-05 21:45:38.469] [7717] [HailoRT] [info] [pipeline.cpp:891] [print_deep_description] LastAsyncEl0PostInferEl6AsyncHwEl | inputs: PostInferEl6AsyncHwEl[0] | outputs: user
[2026-04-05 21:45:38.469] [7717] [HailoRT] [info] [pipeline.cpp:891] [print_deep_description] PushQEl7AsyncHwEl | inputs: AsyncHwEl[0] | outputs: PostInferEl7AsyncHwEl(running in thread_id: 7732)
[2026-04-05 21:45:38.469] [7717] [HailoRT] [info] [pipeline.cpp:891] [print_deep_description] PostInferEl7AsyncHwEl | inputs: PushQEl7AsyncHwEl[0] | outputs: LastAsyncEl0PostInferEl7AsyncHwEl
[2026-04-05 21:45:38.469] [7717] [HailoRT] [info] [pipeline.cpp:891] [print_deep_description] LastAsyncEl0PostInferEl7AsyncHwEl | inputs: PostInferEl7AsyncHwEl[0] | outputs: user
[2026-04-05 21:45:38.469] [7717] [HailoRT] [info] [pipeline.cpp:891] [print_deep_description] PushQEl8AsyncHwEl | inputs: AsyncHwEl[0] | outputs: PostInferEl8AsyncHwEl(running in thread_id: 7733)
[2026-04-05 21:45:38.469] [7717] [HailoRT] [info] [pipeline.cpp:891] [print_deep_description] PostInferEl8AsyncHwEl | inputs: PushQEl8AsyncHwEl[0] | outputs: LastAsyncEl0PostInferEl8AsyncHwEl
[2026-04-05 21:45:38.469] [7717] [HailoRT] [info] [pipeline.cpp:891] [print_deep_description] LastAsyncEl0PostInferEl8AsyncHwEl | inputs: PostInferEl8AsyncHwEl[0] | outputs: user
[2026-04-05 21:45:46.438] [7717] [HailoRT] [info] [async_infer_runner.cpp:86] [shutdown] Pipeline was aborted. Shutting it down
[2026-04-05 21:45:46.438] [7717] [HailoRT] [info] [async_infer_runner.cpp:86] [shutdown] Pipeline was aborted. Shutting it down
[2026-04-05 21:45:46.438] [7717] [HailoRT] [info] [queue_elements.cpp:570] [execute_deactivate] enqueue() in element PushQEl0AsyncHwEl was aborted, got status = HAILO_SHUTDOWN_EVENT_SIGNALED(57)
[2026-04-05 21:45:46.438] [7717] [HailoRT] [info] [queue_elements.cpp:570] [execute_deactivate] enqueue() in element PushQEl1AsyncHwEl was aborted, got status = HAILO_SHUTDOWN_EVENT_SIGNALED(57)
[2026-04-05 21:45:46.438] [7717] [HailoRT] [info] [queue_elements.cpp:570] [execute_deactivate] enqueue() in element PushQEl2AsyncHwEl was aborted, got status = HAILO_SHUTDOWN_EVENT_SIGNALED(57)
[2026-04-05 21:45:46.438] [7717] [HailoRT] [info] [queue_elements.cpp:570] [execute_deactivate] enqueue() in element PushQEl3AsyncHwEl was aborted, got status = HAILO_SHUTDOWN_EVENT_SIGNALED(57)
[2026-04-05 21:45:46.438] [7717] [HailoRT] [info] [queue_elements.cpp:570] [execute_deactivate] enqueue() in element PushQEl4AsyncHwEl was aborted, got status = HAILO_SHUTDOWN_EVENT_SIGNALED(57)
[2026-04-05 21:45:46.438] [7717] [HailoRT] [info] [queue_elements.cpp:570] [execute_deactivate] enqueue() in element PushQEl5AsyncHwEl was aborted, got status = HAILO_SHUTDOWN_EVENT_SIGNALED(57)
[2026-04-05 21:45:46.439] [7717] [HailoRT] [info] [queue_elements.cpp:570] [execute_deactivate] enqueue() in element PushQEl6AsyncHwEl was aborted, got status = HAILO_SHUTDOWN_EVENT_SIGNALED(57)
[2026-04-05 21:45:46.439] [7717] [HailoRT] [info] [queue_elements.cpp:570] [execute_deactivate] enqueue() in element PushQEl7AsyncHwEl was aborted, got status = HAILO_SHUTDOWN_EVENT_SIGNALED(57)
[2026-04-05 21:45:46.439] [7717] [HailoRT] [info] [queue_elements.cpp:570] [execute_deactivate] enqueue() in element PushQEl8AsyncHwEl was aborted, got status = HAILO_SHUTDOWN_EVENT_SIGNALED(57)
[2026-04-05 21:45:46.439] [7717] [HailoRT] [info] [queue_elements.cpp:570] [execute_deactivate] enqueue() in element EntryPushQEl0yolov8s_pose/input_layer1 was aborted, got status = HAILO_SHUTDOWN_EVENT_SIGNALED(57)
[2026-04-05 21:45:46.439] [7717] [HailoRT] [info] [queue_elements.cpp:46] [~BaseQueueElement] Queue element EntryPushQEl0yolov8s_pose/input_layer1 has 0 frames in his Queue on destruction
[2026-04-05 21:45:46.439] [7717] [HailoRT] [info] [queue_elements.cpp:46] [~BaseQueueElement] Queue element PushQEl3AsyncHwEl has 0 frames in his Queue on destruction
[2026-04-05 21:45:46.439] [7717] [HailoRT] [info] [queue_elements.cpp:46] [~BaseQueueElement] Queue element PushQEl4AsyncHwEl has 0 frames in his Queue on destruction
[2026-04-05 21:45:46.439] [7717] [HailoRT] [info] [queue_elements.cpp:46] [~BaseQueueElement] Queue element PushQEl5AsyncHwEl has 0 frames in his Queue on destruction
[2026-04-05 21:45:46.439] [7717] [HailoRT] [info] [queue_elements.cpp:46] [~BaseQueueElement] Queue element PushQEl0AsyncHwEl has 0 frames in his Queue on destruction
[2026-04-05 21:45:46.439] [7717] [HailoRT] [info] [queue_elements.cpp:46] [~BaseQueueElement] Queue element PushQEl1AsyncHwEl has 0 frames in his Queue on destruction
[2026-04-05 21:45:46.439] [7717] [HailoRT] [info] [queue_elements.cpp:46] [~BaseQueueElement] Queue element PushQEl2AsyncHwEl has 0 frames in his Queue on destruction
[2026-04-05 21:45:46.439] [7717] [HailoRT] [info] [queue_elements.cpp:46] [~BaseQueueElement] Queue element PushQEl7AsyncHwEl has 0 frames in his Queue on destruction
[2026-04-05 21:45:46.439] [7717] [HailoRT] [info] [queue_elements.cpp:46] [~BaseQueueElement] Queue element PushQEl8AsyncHwEl has 0 frames in his Queue on destruction
[2026-04-05 21:45:46.439] [7717] [HailoRT] [info] [queue_elements.cpp:46] [~BaseQueueElement] Queue element PushQEl6AsyncHwEl has 0 frames in his Queue on destruction
[2026-04-05 21:47:44.870] [7955] [HailoRT] [info] [vdevice.cpp:523] [create] Creating vdevice with params: device_count: 1, scheduling_algorithm: ROUND_ROBIN, multi_process_service: false
[2026-04-05 21:47:44.883] [7955] [HailoRT] [info] [device.cpp:49] [Device] OS Version: Linux 6.12.75+rpt-rpi-2712 #1 SMP PREEMPT Debian 1:6.12.75-1+rpt1~bookworm (2026-03-11) aarch64
[2026-04-05 21:47:44.885] [7955] [HailoRT] [info] [control.cpp:108] [control__parse_identify_results] firmware_version is: 4.20.0
[2026-04-05 21:47:44.885] [7955] [HailoRT] [info] [vdevice.cpp:651] [create] VDevice Infos: 0001:01:00.0
[2026-04-05 21:47:44.994] [7955] [HailoRT] [info] [hef.cpp:1929] [get_network_group_and_network_name] No name was given. Addressing all networks of default network_group: yolov8s_pose
[2026-04-05 21:47:44.994] [7955] [HailoRT] [info] [hef.cpp:1929] [get_network_group_and_network_name] No name was given. Addressing all networks of default network_group: yolov8s_pose
[2026-04-05 21:47:44.994] [7955] [HailoRT] [info] [hef.cpp:1929] [get_network_group_and_network_name] No name was given. Addressing all networks of default network_group: yolov8s_pose
[2026-04-05 21:47:44.994] [7955] [HailoRT] [info] [hef.cpp:1929] [get_network_group_and_network_name] No name was given. Addressing all networks of default network_group: yolov8s_pose
[2026-04-05 21:47:44.994] [7955] [HailoRT] [info] [hef.cpp:1929] [get_network_group_and_network_name] No name was given. Addressing all networks of default network_group: yolov8s_pose
[2026-04-05 21:47:44.994] [7955] [HailoRT] [warning] [device_internal.cpp:616] [check_hef_is_compatible] HEF was compiled for Hailo8L device, while the device itself is Hailo8. This will result in lower performance.
[2026-04-05 21:47:44.995] [7955] [HailoRT] [warning] [device_internal.cpp:616] [check_hef_is_compatible] HEF was compiled for Hailo8L device, while the device itself is Hailo8. This will result in lower performance.
[2026-04-05 21:47:45.004] [7955] [HailoRT] [info] [internal_buffer_manager.cpp:204] [print_execution_results] Planned internal buffer memory: CMA memory 0, user memory 3321344. memory to edge layer usage factor is 0.93083656
[2026-04-05 21:47:45.004] [7955] [HailoRT] [info] [internal_buffer_manager.cpp:212] [print_execution_results] Default Internal buffer planner executed successfully
[2026-04-05 21:47:45.033] [7955] [HailoRT] [info] [device_internal.cpp:57] [configure] Configuring HEF took 37.512097 milliseconds
[2026-04-05 21:47:45.033] [7955] [HailoRT] [info] [vdevice.cpp:749] [configure] Configuring HEF on VDevice took 38.797698 milliseconds
[2026-04-05 21:47:45.033] [7955] [HailoRT] [info] [infer_model.cpp:436] [configure] Configuring network group 'yolov8s_pose' with params: batch size: 1, power mode: PERFORMANCE, latency: NONE
[2026-04-05 21:47:45.033] [7955] [HailoRT] [info] [multi_io_elements.cpp:756] [create] Created (AsyncHwEl)
[2026-04-05 21:47:45.033] [7955] [HailoRT] [info] [queue_elements.cpp:450] [create] Created (EntryPushQEl0yolov8s_pose/input_layer1 | timeout: 10s)
[2026-04-05 21:47:45.033] [7955] [HailoRT] [info] [queue_elements.cpp:450] [create] Created (PushQEl3AsyncHwEl | timeout: 10s)
[2026-04-05 21:47:45.033] [7955] [HailoRT] [info] [filter_elements.cpp:375] [create] Created (PostInferEl3AsyncHwEl | Quantization - src_type: UINT8, dst_type FLOAT32, limvals_min: -6.02712, limvals_max: 11.844)
[2026-04-05 21:47:45.033] [7955] [HailoRT] [info] [edge_elements.cpp:187] [create] Created (LastAsyncEl0PostInferEl3AsyncHwEl)
[2026-04-05 21:47:45.034] [7955] [HailoRT] [info] [queue_elements.cpp:450] [create] Created (PushQEl4AsyncHwEl | timeout: 10s)
[2026-04-05 21:47:45.034] [7955] [HailoRT] [info] [filter_elements.cpp:375] [create] Created (PostInferEl4AsyncHwEl | Quantization - src_type: UINT8, dst_type FLOAT32, limvals_min: -9.25656, limvals_max: 9.32945 | Reorder - src_order: FCR, src_shape: (20, 20, 56), dst_order: FCR, dst_shape: (20, 20, 51))
[2026-04-05 21:47:45.034] [7955] [HailoRT] [info] [edge_elements.cpp:187] [create] Created (LastAsyncEl0PostInferEl4AsyncHwEl)
[2026-04-05 21:47:45.034] [7955] [HailoRT] [info] [queue_elements.cpp:450] [create] Created (PushQEl5AsyncHwEl | timeout: 10s)
[2026-04-05 21:47:45.034] [7955] [HailoRT] [info] [filter_elements.cpp:375] [create] Created (PostInferEl5AsyncHwEl | Quantization - src_type: UINT8, dst_type FLOAT32, limvals_min: -5.14938, limvals_max: 13.8809)
[2026-04-05 21:47:45.034] [7955] [HailoRT] [info] [edge_elements.cpp:187] [create] Created (LastAsyncEl0PostInferEl5AsyncHwEl)
[2026-04-05 21:47:45.034] [7955] [HailoRT] [info] [queue_elements.cpp:450] [create] Created (PushQEl0AsyncHwEl | timeout: 10s)
[2026-04-05 21:47:45.034] [7955] [HailoRT] [info] [filter_elements.cpp:375] [create] Created (PostInferEl0AsyncHwEl | Quantization - src_type: UINT8, dst_type FLOAT32, limvals_min: 0, limvals_max: 0.927867)
[2026-04-05 21:47:45.034] [7955] [HailoRT] [info] [edge_elements.cpp:187] [create] Created (LastAsyncEl0PostInferEl0AsyncHwEl)
[2026-04-05 21:47:45.034] [7955] [HailoRT] [info] [queue_elements.cpp:450] [create] Created (PushQEl1AsyncHwEl | timeout: 10s)
[2026-04-05 21:47:45.034] [7955] [HailoRT] [info] [filter_elements.cpp:375] [create] Created (PostInferEl1AsyncHwEl | Quantization - src_type: UINT8, dst_type FLOAT32, limvals_min: -5.39702, limvals_max: 12.7114)
[2026-04-05 21:47:45.034] [7955] [HailoRT] [info] [edge_elements.cpp:187] [create] Created (LastAsyncEl0PostInferEl1AsyncHwEl)
[2026-04-05 21:47:45.034] [7955] [HailoRT] [info] [queue_elements.cpp:450] [create] Created (PushQEl2AsyncHwEl | timeout: 10s)
[2026-04-05 21:47:45.034] [7955] [HailoRT] [info] [filter_elements.cpp:375] [create] Created (PostInferEl2AsyncHwEl | Quantization - src_type: UINT8, dst_type FLOAT32, limvals_min: 0, limvals_max: 0.820417)
[2026-04-05 21:47:45.034] [7955] [HailoRT] [info] [edge_elements.cpp:187] [create] Created (LastAsyncEl0PostInferEl2AsyncHwEl)
[2026-04-05 21:47:45.035] [7955] [HailoRT] [info] [queue_elements.cpp:450] [create] Created (PushQEl7AsyncHwEl | timeout: 10s)
[2026-04-05 21:47:45.035] [7955] [HailoRT] [info] [filter_elements.cpp:375] [create] Created (PostInferEl7AsyncHwEl | Quantization - src_type: UINT8, dst_type FLOAT32, limvals_min: -11.0503, limvals_max: 6.78402 | Reorder - src_order: FCR, src_shape: (40, 40, 56), dst_order: FCR, dst_shape: (40, 40, 51))
[2026-04-05 21:47:45.035] [7955] [HailoRT] [info] [edge_elements.cpp:187] [create] Created (LastAsyncEl0PostInferEl7AsyncHwEl)
[2026-04-05 21:47:45.035] [7955] [HailoRT] [info] [queue_elements.cpp:450] [create] Created (PushQEl8AsyncHwEl | timeout: 10s)
[2026-04-05 21:47:45.035] [7955] [HailoRT] [info] [filter_elements.cpp:375] [create] Created (PostInferEl8AsyncHwEl | Quantization - src_type: UINT8, dst_type FLOAT32, limvals_min: 0, limvals_max: 0.617845)
[2026-04-05 21:47:45.035] [7955] [HailoRT] [info] [edge_elements.cpp:187] [create] Created (LastAsyncEl0PostInferEl8AsyncHwEl)
[2026-04-05 21:47:45.035] [7955] [HailoRT] [info] [queue_elements.cpp:450] [create] Created (PushQEl6AsyncHwEl | timeout: 10s)
[2026-04-05 21:47:45.035] [7955] [HailoRT] [info] [filter_elements.cpp:375] [create] Created (PostInferEl6AsyncHwEl | Quantization - src_type: UINT8, dst_type FLOAT32, limvals_min: -7.42123, limvals_max: 5.81243 | Reorder - src_order: FCR, src_shape: (80, 80, 56), dst_order: FCR, dst_shape: (80, 80, 51))
[2026-04-05 21:47:45.035] [7955] [HailoRT] [info] [edge_elements.cpp:187] [create] Created (LastAsyncEl0PostInferEl6AsyncHwEl)
[2026-04-05 21:47:45.035] [7955] [HailoRT] [info] [pipeline.cpp:891] [print_deep_description] EntryPushQEl0yolov8s_pose/input_layer1 | inputs: user | outputs: AsyncHwEl(running in thread_id: 7963)
[2026-04-05 21:47:45.035] [7955] [HailoRT] [info] [pipeline.cpp:891] [print_deep_description] AsyncHwEl | inputs: EntryPushQEl0yolov8s_pose/input_layer1[0] | outputs: PushQEl0AsyncHwEl PushQEl1AsyncHwEl PushQEl2AsyncHwEl PushQEl3AsyncHwEl PushQEl4AsyncHwEl PushQEl5AsyncHwEl PushQEl6AsyncHwEl PushQEl7AsyncHwEl PushQEl8AsyncHwEl
[2026-04-05 21:47:45.035] [7955] [HailoRT] [info] [pipeline.cpp:891] [print_deep_description] PushQEl0AsyncHwEl | inputs: AsyncHwEl[0] | outputs: PostInferEl0AsyncHwEl(running in thread_id: 7967)
[2026-04-05 21:47:45.035] [7955] [HailoRT] [info] [pipeline.cpp:891] [print_deep_description] PostInferEl0AsyncHwEl | inputs: PushQEl0AsyncHwEl[0] | outputs: LastAsyncEl0PostInferEl0AsyncHwEl
[2026-04-05 21:47:45.035] [7955] [HailoRT] [info] [pipeline.cpp:891] [print_deep_description] LastAsyncEl0PostInferEl0AsyncHwEl | inputs: PostInferEl0AsyncHwEl[0] | outputs: user
[2026-04-05 21:47:45.035] [7955] [HailoRT] [info] [pipeline.cpp:891] [print_deep_description] PushQEl1AsyncHwEl | inputs: AsyncHwEl[0] | outputs: PostInferEl1AsyncHwEl(running in thread_id: 7968)
[2026-04-05 21:47:45.035] [7955] [HailoRT] [info] [pipeline.cpp:891] [print_deep_description] PostInferEl1AsyncHwEl | inputs: PushQEl1AsyncHwEl[0] | outputs: LastAsyncEl0PostInferEl1AsyncHwEl
[2026-04-05 21:47:45.035] [7955] [HailoRT] [info] [pipeline.cpp:891] [print_deep_description] LastAsyncEl0PostInferEl1AsyncHwEl | inputs: PostInferEl1AsyncHwEl[0] | outputs: user
[2026-04-05 21:47:45.035] [7955] [HailoRT] [info] [pipeline.cpp:891] [print_deep_description] PushQEl2AsyncHwEl | inputs: AsyncHwEl[0] | outputs: PostInferEl2AsyncHwEl(running in thread_id: 7969)
[2026-04-05 21:47:45.035] [7955] [HailoRT] [info] [pipeline.cpp:891] [print_deep_description] PostInferEl2AsyncHwEl | inputs: PushQEl2AsyncHwEl[0] | outputs: LastAsyncEl0PostInferEl2AsyncHwEl
[2026-04-05 21:47:45.035] [7955] [HailoRT] [info] [pipeline.cpp:891] [print_deep_description] LastAsyncEl0PostInferEl2AsyncHwEl | inputs: PostInferEl2AsyncHwEl[0] | outputs: user
[2026-04-05 21:47:45.035] [7955] [HailoRT] [info] [pipeline.cpp:891] [print_deep_description] PushQEl3AsyncHwEl | inputs: AsyncHwEl[0] | outputs: PostInferEl3AsyncHwEl(running in thread_id: 7964)
[2026-04-05 21:47:45.035] [7955] [HailoRT] [info] [pipeline.cpp:891] [print_deep_description] PostInferEl3AsyncHwEl | inputs: PushQEl3AsyncHwEl[0] | outputs: LastAsyncEl0PostInferEl3AsyncHwEl
[2026-04-05 21:47:45.035] [7955] [HailoRT] [info] [pipeline.cpp:891] [print_deep_description] LastAsyncEl0PostInferEl3AsyncHwEl | inputs: PostInferEl3AsyncHwEl[0] | outputs: user
[2026-04-05 21:47:45.035] [7955] [HailoRT] [info] [pipeline.cpp:891] [print_deep_description] PushQEl4AsyncHwEl | inputs: AsyncHwEl[0] | outputs: PostInferEl4AsyncHwEl(running in thread_id: 7965)
[2026-04-05 21:47:45.035] [7955] [HailoRT] [info] [pipeline.cpp:891] [print_deep_description] PostInferEl4AsyncHwEl | inputs: PushQEl4AsyncHwEl[0] | outputs: LastAsyncEl0PostInferEl4AsyncHwEl
[2026-04-05 21:47:45.035] [7955] [HailoRT] [info] [pipeline.cpp:891] [print_deep_description] LastAsyncEl0PostInferEl4AsyncHwEl | inputs: PostInferEl4AsyncHwEl[0] | outputs: user
[2026-04-05 21:47:45.035] [7955] [HailoRT] [info] [pipeline.cpp:891] [print_deep_description] PushQEl5AsyncHwEl | inputs: AsyncHwEl[0] | outputs: PostInferEl5AsyncHwEl(running in thread_id: 7966)
[2026-04-05 21:47:45.035] [7955] [HailoRT] [info] [pipeline.cpp:891] [print_deep_description] PostInferEl5AsyncHwEl | inputs: PushQEl5AsyncHwEl[0] | outputs: LastAsyncEl0PostInferEl5AsyncHwEl
[2026-04-05 21:47:45.035] [7955] [HailoRT] [info] [pipeline.cpp:891] [print_deep_description] LastAsyncEl0PostInferEl5AsyncHwEl | inputs: PostInferEl5AsyncHwEl[0] | outputs: user
[2026-04-05 21:47:45.035] [7955] [HailoRT] [info] [pipeline.cpp:891] [print_deep_description] PushQEl6AsyncHwEl | inputs: AsyncHwEl[0] | outputs: PostInferEl6AsyncHwEl(running in thread_id: 7972)
[2026-04-05 21:47:45.035] [7955] [HailoRT] [info] [pipeline.cpp:891] [print_deep_description] PostInferEl6AsyncHwEl | inputs: PushQEl6AsyncHwEl[0] | outputs: LastAsyncEl0PostInferEl6AsyncHwEl
[2026-04-05 21:47:45.035] [7955] [HailoRT] [info] [pipeline.cpp:891] [print_deep_description] LastAsyncEl0PostInferEl6AsyncHwEl | inputs: PostInferEl6AsyncHwEl[0] | outputs: user
[2026-04-05 21:47:45.035] [7955] [HailoRT] [info] [pipeline.cpp:891] [print_deep_description] PushQEl7AsyncHwEl | inputs: AsyncHwEl[0] | outputs: PostInferEl7AsyncHwEl(running in thread_id: 7970)
[2026-04-05 21:47:45.035] [7955] [HailoRT] [info] [pipeline.cpp:891] [print_deep_description] PostInferEl7AsyncHwEl | inputs: PushQEl7AsyncHwEl[0] | outputs: LastAsyncEl0PostInferEl7AsyncHwEl
[2026-04-05 21:47:45.035] [7955] [HailoRT] [info] [pipeline.cpp:891] [print_deep_description] LastAsyncEl0PostInferEl7AsyncHwEl | inputs: PostInferEl7AsyncHwEl[0] | outputs: user
[2026-04-05 21:47:45.035] [7955] [HailoRT] [info] [pipeline.cpp:891] [print_deep_description] PushQEl8AsyncHwEl | inputs: AsyncHwEl[0] | outputs: PostInferEl8AsyncHwEl(running in thread_id: 7971)
[2026-04-05 21:47:45.035] [7955] [HailoRT] [info] [pipeline.cpp:891] [print_deep_description] PostInferEl8AsyncHwEl | inputs: PushQEl8AsyncHwEl[0] | outputs: LastAsyncEl0PostInferEl8AsyncHwEl
[2026-04-05 21:47:45.035] [7955] [HailoRT] [info] [pipeline.cpp:891] [print_deep_description] LastAsyncEl0PostInferEl8AsyncHwEl | inputs: PostInferEl8AsyncHwEl[0] | outputs: user
[2026-04-05 21:51:15.934] [8144] [HailoRT] [info] [vdevice.cpp:523] [create] Creating vdevice with params: device_count: 1, scheduling_algorithm: ROUND_ROBIN, multi_process_service: false
[2026-04-05 21:51:15.946] [8144] [HailoRT] [info] [device.cpp:49] [Device] OS Version: Linux 6.12.75+rpt-rpi-2712 #1 SMP PREEMPT Debian 1:6.12.75-1+rpt1~bookworm (2026-03-11) aarch64
[2026-04-05 21:51:15.947] [8144] [HailoRT] [info] [control.cpp:108] [control__parse_identify_results] firmware_version is: 4.20.0
[2026-04-05 21:51:15.947] [8144] [HailoRT] [info] [vdevice.cpp:651] [create] VDevice Infos: 0001:01:00.0
[2026-04-05 21:51:16.054] [8144] [HailoRT] [info] [hef.cpp:1929] [get_network_group_and_network_name] No name was given. Addressing all networks of default network_group: yolov8s_pose
[2026-04-05 21:51:16.054] [8144] [HailoRT] [info] [hef.cpp:1929] [get_network_group_and_network_name] No name was given. Addressing all networks of default network_group: yolov8s_pose
[2026-04-05 21:51:16.054] [8144] [HailoRT] [info] [hef.cpp:1929] [get_network_group_and_network_name] No name was given. Addressing all networks of default network_group: yolov8s_pose
[2026-04-05 21:51:16.054] [8144] [HailoRT] [info] [hef.cpp:1929] [get_network_group_and_network_name] No name was given. Addressing all networks of default network_group: yolov8s_pose
[2026-04-05 21:51:16.054] [8144] [HailoRT] [info] [hef.cpp:1929] [get_network_group_and_network_name] No name was given. Addressing all networks of default network_group: yolov8s_pose
[2026-04-05 21:51:16.054] [8144] [HailoRT] [warning] [device_internal.cpp:616] [check_hef_is_compatible] HEF was compiled for Hailo8L device, while the device itself is Hailo8. This will result in lower performance.
[2026-04-05 21:51:16.054] [8144] [HailoRT] [warning] [device_internal.cpp:616] [check_hef_is_compatible] HEF was compiled for Hailo8L device, while the device itself is Hailo8. This will result in lower performance.
[2026-04-05 21:51:16.061] [8144] [HailoRT] [info] [internal_buffer_manager.cpp:204] [print_execution_results] Planned internal buffer memory: CMA memory 0, user memory 3321344. memory to edge layer usage factor is 0.93083656
[2026-04-05 21:51:16.061] [8144] [HailoRT] [info] [internal_buffer_manager.cpp:212] [print_execution_results] Default Internal buffer planner executed successfully
[2026-04-05 21:51:16.097] [8144] [HailoRT] [info] [device_internal.cpp:57] [configure] Configuring HEF took 42.451778 milliseconds
[2026-04-05 21:51:16.097] [8144] [HailoRT] [info] [vdevice.cpp:749] [configure] Configuring HEF on VDevice took 43.016276 milliseconds
[2026-04-05 21:51:16.097] [8144] [HailoRT] [info] [infer_model.cpp:436] [configure] Configuring network group 'yolov8s_pose' with params: batch size: 1, power mode: PERFORMANCE, latency: NONE
[2026-04-05 21:51:16.097] [8144] [HailoRT] [info] [multi_io_elements.cpp:756] [create] Created (AsyncHwEl)
[2026-04-05 21:51:16.098] [8144] [HailoRT] [info] [queue_elements.cpp:450] [create] Created (EntryPushQEl0yolov8s_pose/input_layer1 | timeout: 10s)
[2026-04-05 21:51:16.098] [8144] [HailoRT] [info] [queue_elements.cpp:450] [create] Created (PushQEl3AsyncHwEl | timeout: 10s)
[2026-04-05 21:51:16.098] [8144] [HailoRT] [info] [filter_elements.cpp:375] [create] Created (PostInferEl3AsyncHwEl | Quantization - src_type: UINT8, dst_type FLOAT32, limvals_min: -6.02712, limvals_max: 11.844)
[2026-04-05 21:51:16.098] [8144] [HailoRT] [info] [edge_elements.cpp:187] [create] Created (LastAsyncEl0PostInferEl3AsyncHwEl)
[2026-04-05 21:51:16.098] [8144] [HailoRT] [info] [queue_elements.cpp:450] [create] Created (PushQEl4AsyncHwEl | timeout: 10s)
[2026-04-05 21:51:16.098] [8144] [HailoRT] [info] [filter_elements.cpp:375] [create] Created (PostInferEl4AsyncHwEl | Quantization - src_type: UINT8, dst_type FLOAT32, limvals_min: -9.25656, limvals_max: 9.32945 | Reorder - src_order: FCR, src_shape: (20, 20, 56), dst_order: FCR, dst_shape: (20, 20, 51))
[2026-04-05 21:51:16.098] [8144] [HailoRT] [info] [edge_elements.cpp:187] [create] Created (LastAsyncEl0PostInferEl4AsyncHwEl)
[2026-04-05 21:51:16.099] [8144] [HailoRT] [info] [queue_elements.cpp:450] [create] Created (PushQEl5AsyncHwEl | timeout: 10s)
[2026-04-05 21:51:16.099] [8144] [HailoRT] [info] [filter_elements.cpp:375] [create] Created (PostInferEl5AsyncHwEl | Quantization - src_type: UINT8, dst_type FLOAT32, limvals_min: -5.14938, limvals_max: 13.8809)
[2026-04-05 21:51:16.099] [8144] [HailoRT] [info] [edge_elements.cpp:187] [create] Created (LastAsyncEl0PostInferEl5AsyncHwEl)
[2026-04-05 21:51:16.099] [8144] [HailoRT] [info] [queue_elements.cpp:450] [create] Created (PushQEl0AsyncHwEl | timeout: 10s)
[2026-04-05 21:51:16.099] [8144] [HailoRT] [info] [filter_elements.cpp:375] [create] Created (PostInferEl0AsyncHwEl | Quantization - src_type: UINT8, dst_type FLOAT32, limvals_min: 0, limvals_max: 0.927867)
[2026-04-05 21:51:16.099] [8144] [HailoRT] [info] [edge_elements.cpp:187] [create] Created (LastAsyncEl0PostInferEl0AsyncHwEl)
[2026-04-05 21:51:16.099] [8144] [HailoRT] [info] [queue_elements.cpp:450] [create] Created (PushQEl1AsyncHwEl | timeout: 10s)
[2026-04-05 21:51:16.099] [8144] [HailoRT] [info] [filter_elements.cpp:375] [create] Created (PostInferEl1AsyncHwEl | Quantization - src_type: UINT8, dst_type FLOAT32, limvals_min: -5.39702, limvals_max: 12.7114)
[2026-04-05 21:51:16.099] [8144] [HailoRT] [info] [edge_elements.cpp:187] [create] Created (LastAsyncEl0PostInferEl1AsyncHwEl)
[2026-04-05 21:51:16.099] [8144] [HailoRT] [info] [queue_elements.cpp:450] [create] Created (PushQEl2AsyncHwEl | timeout: 10s)
[2026-04-05 21:51:16.099] [8144] [HailoRT] [info] [filter_elements.cpp:375] [create] Created (PostInferEl2AsyncHwEl | Quantization - src_type: UINT8, dst_type FLOAT32, limvals_min: 0, limvals_max: 0.820417)
[2026-04-05 21:51:16.099] [8144] [HailoRT] [info] [edge_elements.cpp:187] [create] Created (LastAsyncEl0PostInferEl2AsyncHwEl)
[2026-04-05 21:51:16.099] [8144] [HailoRT] [info] [queue_elements.cpp:450] [create] Created (PushQEl7AsyncHwEl | timeout: 10s)
[2026-04-05 21:51:16.099] [8144] [HailoRT] [info] [filter_elements.cpp:375] [create] Created (PostInferEl7AsyncHwEl | Quantization - src_type: UINT8, dst_type FLOAT32, limvals_min: -11.0503, limvals_max: 6.78402 | Reorder - src_order: FCR, src_shape: (40, 40, 56), dst_order: FCR, dst_shape: (40, 40, 51))
[2026-04-05 21:51:16.099] [8144] [HailoRT] [info] [edge_elements.cpp:187] [create] Created (LastAsyncEl0PostInferEl7AsyncHwEl)
[2026-04-05 21:51:16.099] [8144] [HailoRT] [info] [queue_elements.cpp:450] [create] Created (PushQEl8AsyncHwEl | timeout: 10s)
[2026-04-05 21:51:16.099] [8144] [HailoRT] [info] [filter_elements.cpp:375] [create] Created (PostInferEl8AsyncHwEl | Quantization - src_type: UINT8, dst_type FLOAT32, limvals_min: 0, limvals_max: 0.617845)
[2026-04-05 21:51:16.099] [8144] [HailoRT] [info] [edge_elements.cpp:187] [create] Created (LastAsyncEl0PostInferEl8AsyncHwEl)
[2026-04-05 21:51:16.100] [8144] [HailoRT] [info] [queue_elements.cpp:450] [create] Created (PushQEl6AsyncHwEl | timeout: 10s)
[2026-04-05 21:51:16.100] [8144] [HailoRT] [info] [filter_elements.cpp:375] [create] Created (PostInferEl6AsyncHwEl | Quantization - src_type: UINT8, dst_type FLOAT32, limvals_min: -7.42123, limvals_max: 5.81243 | Reorder - src_order: FCR, src_shape: (80, 80, 56), dst_order: FCR, dst_shape: (80, 80, 51))
[2026-04-05 21:51:16.100] [8144] [HailoRT] [info] [edge_elements.cpp:187] [create] Created (LastAsyncEl0PostInferEl6AsyncHwEl)
[2026-04-05 21:51:16.100] [8144] [HailoRT] [info] [pipeline.cpp:891] [print_deep_description] EntryPushQEl0yolov8s_pose/input_layer1 | inputs: user | outputs: AsyncHwEl(running in thread_id: 8157)
[2026-04-05 21:51:16.100] [8144] [HailoRT] [info] [pipeline.cpp:891] [print_deep_description] AsyncHwEl | inputs: EntryPushQEl0yolov8s_pose/input_layer1[0] | outputs: PushQEl0AsyncHwEl PushQEl1AsyncHwEl PushQEl2AsyncHwEl PushQEl3AsyncHwEl PushQEl4AsyncHwEl PushQEl5AsyncHwEl PushQEl6AsyncHwEl PushQEl7AsyncHwEl PushQEl8AsyncHwEl
[2026-04-05 21:51:16.100] [8144] [HailoRT] [info] [pipeline.cpp:891] [print_deep_description] PushQEl0AsyncHwEl | inputs: AsyncHwEl[0] | outputs: PostInferEl0AsyncHwEl(running in thread_id: 8161)
[2026-04-05 21:51:16.100] [8144] [HailoRT] [info] [pipeline.cpp:891] [print_deep_description] PostInferEl0AsyncHwEl | inputs: PushQEl0AsyncHwEl[0] | outputs: LastAsyncEl0PostInferEl0AsyncHwEl
[2026-04-05 21:51:16.100] [8144] [HailoRT] [info] [pipeline.cpp:891] [print_deep_description] LastAsyncEl0PostInferEl0AsyncHwEl | inputs: PostInferEl0AsyncHwEl[0] | outputs: user
[2026-04-05 21:51:16.100] [8144] [HailoRT] [info] [pipeline.cpp:891] [print_deep_description] PushQEl1AsyncHwEl | inputs: AsyncHwEl[0] | outputs: PostInferEl1AsyncHwEl(running in thread_id: 8162)
[2026-04-05 21:51:16.100] [8144] [HailoRT] [info] [pipeline.cpp:891] [print_deep_description] PostInferEl1AsyncHwEl | inputs: PushQEl1AsyncHwEl[0] | outputs: LastAsyncEl0PostInferEl1AsyncHwEl
[2026-04-05 21:51:16.100] [8144] [HailoRT] [info] [pipeline.cpp:891] [print_deep_description] LastAsyncEl0PostInferEl1AsyncHwEl | inputs: PostInferEl1AsyncHwEl[0] | outputs: user
[2026-04-05 21:51:16.100] [8144] [HailoRT] [info] [pipeline.cpp:891] [print_deep_description] PushQEl2AsyncHwEl | inputs: AsyncHwEl[0] | outputs: PostInferEl2AsyncHwEl(running in thread_id: 8163)
[2026-04-05 21:51:16.100] [8144] [HailoRT] [info] [pipeline.cpp:891] [print_deep_description] PostInferEl2AsyncHwEl | inputs: PushQEl2AsyncHwEl[0] | outputs: LastAsyncEl0PostInferEl2AsyncHwEl
[2026-04-05 21:51:16.100] [8144] [HailoRT] [info] [pipeline.cpp:891] [print_deep_description] LastAsyncEl0PostInferEl2AsyncHwEl | inputs: PostInferEl2AsyncHwEl[0] | outputs: user
[2026-04-05 21:51:16.100] [8144] [HailoRT] [info] [pipeline.cpp:891] [print_deep_description] PushQEl3AsyncHwEl | inputs: AsyncHwEl[0] | outputs: PostInferEl3AsyncHwEl(running in thread_id: 8158)
[2026-04-05 21:51:16.100] [8144] [HailoRT] [info] [pipeline.cpp:891] [print_deep_description] PostInferEl3AsyncHwEl | inputs: PushQEl3AsyncHwEl[0] | outputs: LastAsyncEl0PostInferEl3AsyncHwEl
[2026-04-05 21:51:16.100] [8144] [HailoRT] [info] [pipeline.cpp:891] [print_deep_description] LastAsyncEl0PostInferEl3AsyncHwEl | inputs: PostInferEl3AsyncHwEl[0] | outputs: user
[2026-04-05 21:51:16.100] [8144] [HailoRT] [info] [pipeline.cpp:891] [print_deep_description] PushQEl4AsyncHwEl | inputs: AsyncHwEl[0] | outputs: PostInferEl4AsyncHwEl(running in thread_id: 8159)
[2026-04-05 21:51:16.100] [8144] [HailoRT] [info] [pipeline.cpp:891] [print_deep_description] PostInferEl4AsyncHwEl | inputs: PushQEl4AsyncHwEl[0] | outputs: LastAsyncEl0PostInferEl4AsyncHwEl
[2026-04-05 21:51:16.100] [8144] [HailoRT] [info] [pipeline.cpp:891] [print_deep_description] LastAsyncEl0PostInferEl4AsyncHwEl | inputs: PostInferEl4AsyncHwEl[0] | outputs: user
[2026-04-05 21:51:16.100] [8144] [HailoRT] [info] [pipeline.cpp:891] [print_deep_description] PushQEl5AsyncHwEl | inputs: AsyncHwEl[0] | outputs: PostInferEl5AsyncHwEl(running in thread_id: 8160)
[2026-04-05 21:51:16.100] [8144] [HailoRT] [info] [pipeline.cpp:891] [print_deep_description] PostInferEl5AsyncHwEl | inputs: PushQEl5AsyncHwEl[0] | outputs: LastAsyncEl0PostInferEl5AsyncHwEl
[2026-04-05 21:51:16.100] [8144] [HailoRT] [info] [pipeline.cpp:891] [print_deep_description] LastAsyncEl0PostInferEl5AsyncHwEl | inputs: PostInferEl5AsyncHwEl[0] | outputs: user
[2026-04-05 21:51:16.100] [8144] [HailoRT] [info] [pipeline.cpp:891] [print_deep_description] PushQEl6AsyncHwEl | inputs: AsyncHwEl[0] | outputs: PostInferEl6AsyncHwEl(running in thread_id: 8166)
[2026-04-05 21:51:16.100] [8144] [HailoRT] [info] [pipeline.cpp:891] [print_deep_description] PostInferEl6AsyncHwEl | inputs: PushQEl6AsyncHwEl[0] | outputs: LastAsyncEl0PostInferEl6AsyncHwEl
[2026-04-05 21:51:16.100] [8144] [HailoRT] [info] [pipeline.cpp:891] [print_deep_description] LastAsyncEl0PostInferEl6AsyncHwEl | inputs: PostInferEl6AsyncHwEl[0] | outputs: user
[2026-04-05 21:51:16.100] [8144] [HailoRT] [info] [pipeline.cpp:891] [print_deep_description] PushQEl7AsyncHwEl | inputs: AsyncHwEl[0] | outputs: PostInferEl7AsyncHwEl(running in thread_id: 8164)
[2026-04-05 21:51:16.100] [8144] [HailoRT] [info] [pipeline.cpp:891] [print_deep_description] PostInferEl7AsyncHwEl | inputs: PushQEl7AsyncHwEl[0] | outputs: LastAsyncEl0PostInferEl7AsyncHwEl
[2026-04-05 21:51:16.100] [8144] [HailoRT] [info] [pipeline.cpp:891] [print_deep_description] LastAsyncEl0PostInferEl7AsyncHwEl | inputs: PostInferEl7AsyncHwEl[0] | outputs: user
[2026-04-05 21:51:16.100] [8144] [HailoRT] [info] [pipeline.cpp:891] [print_deep_description] PushQEl8AsyncHwEl | inputs: AsyncHwEl[0] | outputs: PostInferEl8AsyncHwEl(running in thread_id: 8165)
[2026-04-05 21:51:16.100] [8144] [HailoRT] [info] [pipeline.cpp:891] [print_deep_description] PostInferEl8AsyncHwEl | inputs: PushQEl8AsyncHwEl[0] | outputs: LastAsyncEl0PostInferEl8AsyncHwEl
[2026-04-05 21:51:16.100] [8144] [HailoRT] [info] [pipeline.cpp:891] [print_deep_description] LastAsyncEl0PostInferEl8AsyncHwEl | inputs: PostInferEl8AsyncHwEl[0] | outputs: user
[2026-04-05 21:51:21.933] [8144] [HailoRT] [info] [async_infer_runner.cpp:86] [shutdown] Pipeline was aborted. Shutting it down
[2026-04-05 21:51:21.934] [8144] [HailoRT] [info] [async_infer_runner.cpp:86] [shutdown] Pipeline was aborted. Shutting it down
[2026-04-05 21:51:21.934] [8144] [HailoRT] [info] [queue_elements.cpp:570] [execute_deactivate] enqueue() in element PushQEl0AsyncHwEl was aborted, got status = HAILO_SHUTDOWN_EVENT_SIGNALED(57)
[2026-04-05 21:51:21.934] [8144] [HailoRT] [info] [queue_elements.cpp:570] [execute_deactivate] enqueue() in element PushQEl1AsyncHwEl was aborted, got status = HAILO_SHUTDOWN_EVENT_SIGNALED(57)
[2026-04-05 21:51:21.934] [8144] [HailoRT] [info] [queue_elements.cpp:570] [execute_deactivate] enqueue() in element PushQEl2AsyncHwEl was aborted, got status = HAILO_SHUTDOWN_EVENT_SIGNALED(57)
[2026-04-05 21:51:21.934] [8144] [HailoRT] [info] [queue_elements.cpp:570] [execute_deactivate] enqueue() in element PushQEl3AsyncHwEl was aborted, got status = HAILO_SHUTDOWN_EVENT_SIGNALED(57)
[2026-04-05 21:51:21.934] [8144] [HailoRT] [info] [queue_elements.cpp:570] [execute_deactivate] enqueue() in element PushQEl4AsyncHwEl was aborted, got status = HAILO_SHUTDOWN_EVENT_SIGNALED(57)
[2026-04-05 21:51:21.934] [8144] [HailoRT] [info] [queue_elements.cpp:570] [execute_deactivate] enqueue() in element PushQEl5AsyncHwEl was aborted, got status = HAILO_SHUTDOWN_EVENT_SIGNALED(57)
[2026-04-05 21:51:21.934] [8144] [HailoRT] [info] [queue_elements.cpp:570] [execute_deactivate] enqueue() in element PushQEl6AsyncHwEl was aborted, got status = HAILO_SHUTDOWN_EVENT_SIGNALED(57)
[2026-04-05 21:51:21.934] [8144] [HailoRT] [info] [queue_elements.cpp:570] [execute_deactivate] enqueue() in element PushQEl7AsyncHwEl was aborted, got status = HAILO_SHUTDOWN_EVENT_SIGNALED(57)
[2026-04-05 21:51:21.934] [8144] [HailoRT] [info] [queue_elements.cpp:570] [execute_deactivate] enqueue() in element PushQEl8AsyncHwEl was aborted, got status = HAILO_SHUTDOWN_EVENT_SIGNALED(57)
[2026-04-05 21:51:21.934] [8144] [HailoRT] [info] [queue_elements.cpp:570] [execute_deactivate] enqueue() in element EntryPushQEl0yolov8s_pose/input_layer1 was aborted, got status = HAILO_SHUTDOWN_EVENT_SIGNALED(57)
[2026-04-05 21:51:21.934] [8144] [HailoRT] [info] [queue_elements.cpp:46] [~BaseQueueElement] Queue element EntryPushQEl0yolov8s_pose/input_layer1 has 0 frames in his Queue on destruction
[2026-04-05 21:51:21.934] [8144] [HailoRT] [info] [queue_elements.cpp:46] [~BaseQueueElement] Queue element PushQEl3AsyncHwEl has 0 frames in his Queue on destruction
[2026-04-05 21:51:21.934] [8144] [HailoRT] [info] [queue_elements.cpp:46] [~BaseQueueElement] Queue element PushQEl4AsyncHwEl has 0 frames in his Queue on destruction
[2026-04-05 21:51:21.935] [8144] [HailoRT] [info] [queue_elements.cpp:46] [~BaseQueueElement] Queue element PushQEl5AsyncHwEl has 0 frames in his Queue on destruction
[2026-04-05 21:51:21.935] [8144] [HailoRT] [info] [queue_elements.cpp:46] [~BaseQueueElement] Queue element PushQEl0AsyncHwEl has 0 frames in his Queue on destruction
[2026-04-05 21:51:21.935] [8144] [HailoRT] [info] [queue_elements.cpp:46] [~BaseQueueElement] Queue element PushQEl1AsyncHwEl has 0 frames in his Queue on destruction
[2026-04-05 21:51:21.935] [8144] [HailoRT] [info] [queue_elements.cpp:46] [~BaseQueueElement] Queue element PushQEl2AsyncHwEl has 0 frames in his Queue on destruction
[2026-04-05 21:51:21.935] [8144] [HailoRT] [info] [queue_elements.cpp:46] [~BaseQueueElement] Queue element PushQEl7AsyncHwEl has 0 frames in his Queue on destruction
[2026-04-05 21:51:21.935] [8144] [HailoRT] [info] [queue_elements.cpp:46] [~BaseQueueElement] Queue element PushQEl8AsyncHwEl has 0 frames in his Queue on destruction
[2026-04-05 21:51:21.935] [8144] [HailoRT] [info] [queue_elements.cpp:46] [~BaseQueueElement] Queue element PushQEl6AsyncHwEl has 0 frames in his Queue on destruction
[2026-04-05 21:52:08.642] [8289] [HailoRT] [info] [vdevice.cpp:523] [create] Creating vdevice with params: device_count: 1, scheduling_algorithm: ROUND_ROBIN, multi_process_service: false
[2026-04-05 21:52:08.652] [8289] [HailoRT] [info] [device.cpp:49] [Device] OS Version: Linux 6.12.75+rpt-rpi-2712 #1 SMP PREEMPT Debian 1:6.12.75-1+rpt1~bookworm (2026-03-11) aarch64
[2026-04-05 21:52:08.653] [8289] [HailoRT] [info] [control.cpp:108] [control__parse_identify_results] firmware_version is: 4.20.0
[2026-04-05 21:52:08.653] [8289] [HailoRT] [info] [vdevice.cpp:651] [create] VDevice Infos: 0001:01:00.0
[2026-04-05 21:52:08.757] [8289] [HailoRT] [info] [hef.cpp:1929] [get_network_group_and_network_name] No name was given. Addressing all networks of default network_group: yolov8s_pose
[2026-04-05 21:52:08.758] [8289] [HailoRT] [info] [hef.cpp:1929] [get_network_group_and_network_name] No name was given. Addressing all networks of default network_group: yolov8s_pose
[2026-04-05 21:52:08.758] [8289] [HailoRT] [info] [hef.cpp:1929] [get_network_group_and_network_name] No name was given. Addressing all networks of default network_group: yolov8s_pose
[2026-04-05 21:52:08.758] [8289] [HailoRT] [info] [hef.cpp:1929] [get_network_group_and_network_name] No name was given. Addressing all networks of default network_group: yolov8s_pose
[2026-04-05 21:52:08.758] [8289] [HailoRT] [info] [hef.cpp:1929] [get_network_group_and_network_name] No name was given. Addressing all networks of default network_group: yolov8s_pose
[2026-04-05 21:52:08.758] [8289] [HailoRT] [warning] [device_internal.cpp:616] [check_hef_is_compatible] HEF was compiled for Hailo8L device, while the device itself is Hailo8. This will result in lower performance.
[2026-04-05 21:52:08.758] [8289] [HailoRT] [warning] [device_internal.cpp:616] [check_hef_is_compatible] HEF was compiled for Hailo8L device, while the device itself is Hailo8. This will result in lower performance.
[2026-04-05 21:52:08.765] [8289] [HailoRT] [info] [internal_buffer_manager.cpp:204] [print_execution_results] Planned internal buffer memory: CMA memory 0, user memory 3321344. memory to edge layer usage factor is 0.93083656
[2026-04-05 21:52:08.765] [8289] [HailoRT] [info] [internal_buffer_manager.cpp:212] [print_execution_results] Default Internal buffer planner executed successfully
[2026-04-05 21:52:08.789] [8289] [HailoRT] [info] [device_internal.cpp:57] [configure] Configuring HEF took 31.347194 milliseconds
[2026-04-05 21:52:08.790] [8289] [HailoRT] [info] [vdevice.cpp:749] [configure] Configuring HEF on VDevice took 31.871303 milliseconds
[2026-04-05 21:52:08.790] [8289] [HailoRT] [info] [infer_model.cpp:436] [configure] Configuring network group 'yolov8s_pose' with params: batch size: 1, power mode: PERFORMANCE, latency: NONE
[2026-04-05 21:52:08.790] [8289] [HailoRT] [info] [multi_io_elements.cpp:756] [create] Created (AsyncHwEl)
[2026-04-05 21:52:08.790] [8289] [HailoRT] [info] [queue_elements.cpp:450] [create] Created (EntryPushQEl0yolov8s_pose/input_layer1 | timeout: 10s)
[2026-04-05 21:52:08.791] [8289] [HailoRT] [info] [queue_elements.cpp:450] [create] Created (PushQEl3AsyncHwEl | timeout: 10s)
[2026-04-05 21:52:08.791] [8289] [HailoRT] [info] [filter_elements.cpp:375] [create] Created (PostInferEl3AsyncHwEl | Quantization - src_type: UINT8, dst_type FLOAT32, limvals_min: -6.02712, limvals_max: 11.844)
[2026-04-05 21:52:08.791] [8289] [HailoRT] [info] [edge_elements.cpp:187] [create] Created (LastAsyncEl0PostInferEl3AsyncHwEl)
[2026-04-05 21:52:08.791] [8289] [HailoRT] [info] [queue_elements.cpp:450] [create] Created (PushQEl4AsyncHwEl | timeout: 10s)
[2026-04-05 21:52:08.791] [8289] [HailoRT] [info] [filter_elements.cpp:375] [create] Created (PostInferEl4AsyncHwEl | Quantization - src_type: UINT8, dst_type FLOAT32, limvals_min: -9.25656, limvals_max: 9.32945 | Reorder - src_order: FCR, src_shape: (20, 20, 56), dst_order: FCR, dst_shape: (20, 20, 51))
[2026-04-05 21:52:08.791] [8289] [HailoRT] [info] [edge_elements.cpp:187] [create] Created (LastAsyncEl0PostInferEl4AsyncHwEl)
[2026-04-05 21:52:08.791] [8289] [HailoRT] [info] [queue_elements.cpp:450] [create] Created (PushQEl5AsyncHwEl | timeout: 10s)
[2026-04-05 21:52:08.791] [8289] [HailoRT] [info] [filter_elements.cpp:375] [create] Created (PostInferEl5AsyncHwEl | Quantization - src_type: UINT8, dst_type FLOAT32, limvals_min: -5.14938, limvals_max: 13.8809)
[2026-04-05 21:52:08.791] [8289] [HailoRT] [info] [edge_elements.cpp:187] [create] Created (LastAsyncEl0PostInferEl5AsyncHwEl)
[2026-04-05 21:52:08.791] [8289] [HailoRT] [info] [queue_elements.cpp:450] [create] Created (PushQEl0AsyncHwEl | timeout: 10s)
[2026-04-05 21:52:08.791] [8289] [HailoRT] [info] [filter_elements.cpp:375] [create] Created (PostInferEl0AsyncHwEl | Quantization - src_type: UINT8, dst_type FLOAT32, limvals_min: 0, limvals_max: 0.927867)
[2026-04-05 21:52:08.791] [8289] [HailoRT] [info] [edge_elements.cpp:187] [create] Created (LastAsyncEl0PostInferEl0AsyncHwEl)
[2026-04-05 21:52:08.791] [8289] [HailoRT] [info] [queue_elements.cpp:450] [create] Created (PushQEl1AsyncHwEl | timeout: 10s)
[2026-04-05 21:52:08.791] [8289] [HailoRT] [info] [filter_elements.cpp:375] [create] Created (PostInferEl1AsyncHwEl | Quantization - src_type: UINT8, dst_type FLOAT32, limvals_min: -5.39702, limvals_max: 12.7114)
[2026-04-05 21:52:08.791] [8289] [HailoRT] [info] [edge_elements.cpp:187] [create] Created (LastAsyncEl0PostInferEl1AsyncHwEl)
[2026-04-05 21:52:08.791] [8289] [HailoRT] [info] [queue_elements.cpp:450] [create] Created (PushQEl2AsyncHwEl | timeout: 10s)
[2026-04-05 21:52:08.791] [8289] [HailoRT] [info] [filter_elements.cpp:375] [create] Created (PostInferEl2AsyncHwEl | Quantization - src_type: UINT8, dst_type FLOAT32, limvals_min: 0, limvals_max: 0.820417)
[2026-04-05 21:52:08.791] [8289] [HailoRT] [info] [edge_elements.cpp:187] [create] Created (LastAsyncEl0PostInferEl2AsyncHwEl)
[2026-04-05 21:52:08.792] [8289] [HailoRT] [info] [queue_elements.cpp:450] [create] Created (PushQEl7AsyncHwEl | timeout: 10s)
[2026-04-05 21:52:08.792] [8289] [HailoRT] [info] [filter_elements.cpp:375] [create] Created (PostInferEl7AsyncHwEl | Quantization - src_type: UINT8, dst_type FLOAT32, limvals_min: -11.0503, limvals_max: 6.78402 | Reorder - src_order: FCR, src_shape: (40, 40, 56), dst_order: FCR, dst_shape: (40, 40, 51))
[2026-04-05 21:52:08.792] [8289] [HailoRT] [info] [edge_elements.cpp:187] [create] Created (LastAsyncEl0PostInferEl7AsyncHwEl)
[2026-04-05 21:52:08.792] [8289] [HailoRT] [info] [queue_elements.cpp:450] [create] Created (PushQEl8AsyncHwEl | timeout: 10s)
[2026-04-05 21:52:08.792] [8289] [HailoRT] [info] [filter_elements.cpp:375] [create] Created (PostInferEl8AsyncHwEl | Quantization - src_type: UINT8, dst_type FLOAT32, limvals_min: 0, limvals_max: 0.617845)
[2026-04-05 21:52:08.792] [8289] [HailoRT] [info] [edge_elements.cpp:187] [create] Created (LastAsyncEl0PostInferEl8AsyncHwEl)
[2026-04-05 21:52:08.792] [8289] [HailoRT] [info] [queue_elements.cpp:450] [create] Created (PushQEl6AsyncHwEl | timeout: 10s)
[2026-04-05 21:52:08.792] [8289] [HailoRT] [info] [filter_elements.cpp:375] [create] Created (PostInferEl6AsyncHwEl | Quantization - src_type: UINT8, dst_type FLOAT32, limvals_min: -7.42123, limvals_max: 5.81243 | Reorder - src_order: FCR, src_shape: (80, 80, 56), dst_order: FCR, dst_shape: (80, 80, 51))
[2026-04-05 21:52:08.792] [8289] [HailoRT] [info] [edge_elements.cpp:187] [create] Created (LastAsyncEl0PostInferEl6AsyncHwEl)
[2026-04-05 21:52:08.792] [8289] [HailoRT] [info] [pipeline.cpp:891] [print_deep_description] EntryPushQEl0yolov8s_pose/input_layer1 | inputs: user | outputs: AsyncHwEl(running in thread_id: 8298)
[2026-04-05 21:52:08.792] [8289] [HailoRT] [info] [pipeline.cpp:891] [print_deep_description] AsyncHwEl | inputs: EntryPushQEl0yolov8s_pose/input_layer1[0] | outputs: PushQEl0AsyncHwEl PushQEl1AsyncHwEl PushQEl2AsyncHwEl PushQEl3AsyncHwEl PushQEl4AsyncHwEl PushQEl5AsyncHwEl PushQEl6AsyncHwEl PushQEl7AsyncHwEl PushQEl8AsyncHwEl
[2026-04-05 21:52:08.792] [8289] [HailoRT] [info] [pipeline.cpp:891] [print_deep_description] PushQEl0AsyncHwEl | inputs: AsyncHwEl[0] | outputs: PostInferEl0AsyncHwEl(running in thread_id: 8302)
[2026-04-05 21:52:08.792] [8289] [HailoRT] [info] [pipeline.cpp:891] [print_deep_description] PostInferEl0AsyncHwEl | inputs: PushQEl0AsyncHwEl[0] | outputs: LastAsyncEl0PostInferEl0AsyncHwEl
[2026-04-05 21:52:08.792] [8289] [HailoRT] [info] [pipeline.cpp:891] [print_deep_description] LastAsyncEl0PostInferEl0AsyncHwEl | inputs: PostInferEl0AsyncHwEl[0] | outputs: user
[2026-04-05 21:52:08.792] [8289] [HailoRT] [info] [pipeline.cpp:891] [print_deep_description] PushQEl1AsyncHwEl | inputs: AsyncHwEl[0] | outputs: PostInferEl1AsyncHwEl(running in thread_id: 8303)
[2026-04-05 21:52:08.792] [8289] [HailoRT] [info] [pipeline.cpp:891] [print_deep_description] PostInferEl1AsyncHwEl | inputs: PushQEl1AsyncHwEl[0] | outputs: LastAsyncEl0PostInferEl1AsyncHwEl
[2026-04-05 21:52:08.792] [8289] [HailoRT] [info] [pipeline.cpp:891] [print_deep_description] LastAsyncEl0PostInferEl1AsyncHwEl | inputs: PostInferEl1AsyncHwEl[0] | outputs: user
[2026-04-05 21:52:08.792] [8289] [HailoRT] [info] [pipeline.cpp:891] [print_deep_description] PushQEl2AsyncHwEl | inputs: AsyncHwEl[0] | outputs: PostInferEl2AsyncHwEl(running in thread_id: 8304)
[2026-04-05 21:52:08.792] [8289] [HailoRT] [info] [pipeline.cpp:891] [print_deep_description] PostInferEl2AsyncHwEl | inputs: PushQEl2AsyncHwEl[0] | outputs: LastAsyncEl0PostInferEl2AsyncHwEl
[2026-04-05 21:52:08.792] [8289] [HailoRT] [info] [pipeline.cpp:891] [print_deep_description] LastAsyncEl0PostInferEl2AsyncHwEl | inputs: PostInferEl2AsyncHwEl[0] | outputs: user
[2026-04-05 21:52:08.792] [8289] [HailoRT] [info] [pipeline.cpp:891] [print_deep_description] PushQEl3AsyncHwEl | inputs: AsyncHwEl[0] | outputs: PostInferEl3AsyncHwEl(running in thread_id: 8299)
[2026-04-05 21:52:08.792] [8289] [HailoRT] [info] [pipeline.cpp:891] [print_deep_description] PostInferEl3AsyncHwEl | inputs: PushQEl3AsyncHwEl[0] | outputs: LastAsyncEl0PostInferEl3AsyncHwEl
[2026-04-05 21:52:08.792] [8289] [HailoRT] [info] [pipeline.cpp:891] [print_deep_description] LastAsyncEl0PostInferEl3AsyncHwEl | inputs: PostInferEl3AsyncHwEl[0] | outputs: user
[2026-04-05 21:52:08.792] [8289] [HailoRT] [info] [pipeline.cpp:891] [print_deep_description] PushQEl4AsyncHwEl | inputs: AsyncHwEl[0] | outputs: PostInferEl4AsyncHwEl(running in thread_id: 8300)
[2026-04-05 21:52:08.792] [8289] [HailoRT] [info] [pipeline.cpp:891] [print_deep_description] PostInferEl4AsyncHwEl | inputs: PushQEl4AsyncHwEl[0] | outputs: LastAsyncEl0PostInferEl4AsyncHwEl
[2026-04-05 21:52:08.792] [8289] [HailoRT] [info] [pipeline.cpp:891] [print_deep_description] LastAsyncEl0PostInferEl4AsyncHwEl | inputs: PostInferEl4AsyncHwEl[0] | outputs: user
[2026-04-05 21:52:08.792] [8289] [HailoRT] [info] [pipeline.cpp:891] [print_deep_description] PushQEl5AsyncHwEl | inputs: AsyncHwEl[0] | outputs: PostInferEl5AsyncHwEl(running in thread_id: 8301)
[2026-04-05 21:52:08.792] [8289] [HailoRT] [info] [pipeline.cpp:891] [print_deep_description] PostInferEl5AsyncHwEl | inputs: PushQEl5AsyncHwEl[0] | outputs: LastAsyncEl0PostInferEl5AsyncHwEl
[2026-04-05 21:52:08.792] [8289] [HailoRT] [info] [pipeline.cpp:891] [print_deep_description] LastAsyncEl0PostInferEl5AsyncHwEl | inputs: PostInferEl5AsyncHwEl[0] | outputs: user
[2026-04-05 21:52:08.792] [8289] [HailoRT] [info] [pipeline.cpp:891] [print_deep_description] PushQEl6AsyncHwEl | inputs: AsyncHwEl[0] | outputs: PostInferEl6AsyncHwEl(running in thread_id: 8307)
[2026-04-05 21:52:08.792] [8289] [HailoRT] [info] [pipeline.cpp:891] [print_deep_description] PostInferEl6AsyncHwEl | inputs: PushQEl6AsyncHwEl[0] | outputs: LastAsyncEl0PostInferEl6AsyncHwEl
[2026-04-05 21:52:08.792] [8289] [HailoRT] [info] [pipeline.cpp:891] [print_deep_description] LastAsyncEl0PostInferEl6AsyncHwEl | inputs: PostInferEl6AsyncHwEl[0] | outputs: user
[2026-04-05 21:52:08.792] [8289] [HailoRT] [info] [pipeline.cpp:891] [print_deep_description] PushQEl7AsyncHwEl | inputs: AsyncHwEl[0] | outputs: PostInferEl7AsyncHwEl(running in thread_id: 8305)
[2026-04-05 21:52:08.792] [8289] [HailoRT] [info] [pipeline.cpp:891] [print_deep_description] PostInferEl7AsyncHwEl | inputs: PushQEl7AsyncHwEl[0] | outputs: LastAsyncEl0PostInferEl7AsyncHwEl
[2026-04-05 21:52:08.792] [8289] [HailoRT] [info] [pipeline.cpp:891] [print_deep_description] LastAsyncEl0PostInferEl7AsyncHwEl | inputs: PostInferEl7AsyncHwEl[0] | outputs: user
[2026-04-05 21:52:08.792] [8289] [HailoRT] [info] [pipeline.cpp:891] [print_deep_description] PushQEl8AsyncHwEl | inputs: AsyncHwEl[0] | outputs: PostInferEl8AsyncHwEl(running in thread_id: 8306)
[2026-04-05 21:52:08.792] [8289] [HailoRT] [info] [pipeline.cpp:891] [print_deep_description] PostInferEl8AsyncHwEl | inputs: PushQEl8AsyncHwEl[0] | outputs: LastAsyncEl0PostInferEl8AsyncHwEl
[2026-04-05 21:52:08.792] [8289] [HailoRT] [info] [pipeline.cpp:891] [print_deep_description] LastAsyncEl0PostInferEl8AsyncHwEl | inputs: PostInferEl8AsyncHwEl[0] | outputs: user
[2026-04-05 21:52:14.955] [8289] [HailoRT] [info] [async_infer_runner.cpp:86] [shutdown] Pipeline was aborted. Shutting it down
[2026-04-05 21:52:14.956] [8289] [HailoRT] [info] [async_infer_runner.cpp:86] [shutdown] Pipeline was aborted. Shutting it down
[2026-04-05 21:52:14.956] [8289] [HailoRT] [info] [queue_elements.cpp:570] [execute_deactivate] enqueue() in element PushQEl0AsyncHwEl was aborted, got status = HAILO_SHUTDOWN_EVENT_SIGNALED(57)
[2026-04-05 21:52:14.956] [8289] [HailoRT] [info] [queue_elements.cpp:570] [execute_deactivate] enqueue() in element PushQEl1AsyncHwEl was aborted, got status = HAILO_SHUTDOWN_EVENT_SIGNALED(57)
[2026-04-05 21:52:14.956] [8289] [HailoRT] [info] [queue_elements.cpp:570] [execute_deactivate] enqueue() in element PushQEl2AsyncHwEl was aborted, got status = HAILO_SHUTDOWN_EVENT_SIGNALED(57)
[2026-04-05 21:52:14.956] [8289] [HailoRT] [info] [queue_elements.cpp:570] [execute_deactivate] enqueue() in element PushQEl3AsyncHwEl was aborted, got status = HAILO_SHUTDOWN_EVENT_SIGNALED(57)
[2026-04-05 21:52:14.956] [8289] [HailoRT] [info] [queue_elements.cpp:570] [execute_deactivate] enqueue() in element PushQEl4AsyncHwEl was aborted, got status = HAILO_SHUTDOWN_EVENT_SIGNALED(57)
[2026-04-05 21:52:14.956] [8289] [HailoRT] [info] [queue_elements.cpp:570] [execute_deactivate] enqueue() in element PushQEl5AsyncHwEl was aborted, got status = HAILO_SHUTDOWN_EVENT_SIGNALED(57)
[2026-04-05 21:52:14.956] [8289] [HailoRT] [info] [queue_elements.cpp:570] [execute_deactivate] enqueue() in element PushQEl6AsyncHwEl was aborted, got status = HAILO_SHUTDOWN_EVENT_SIGNALED(57)
[2026-04-05 21:52:14.956] [8289] [HailoRT] [info] [queue_elements.cpp:570] [execute_deactivate] enqueue() in element PushQEl7AsyncHwEl was aborted, got status = HAILO_SHUTDOWN_EVENT_SIGNALED(57)
[2026-04-05 21:52:14.956] [8289] [HailoRT] [info] [queue_elements.cpp:570] [execute_deactivate] enqueue() in element PushQEl8AsyncHwEl was aborted, got status = HAILO_SHUTDOWN_EVENT_SIGNALED(57)
[2026-04-05 21:52:14.956] [8289] [HailoRT] [info] [queue_elements.cpp:570] [execute_deactivate] enqueue() in element EntryPushQEl0yolov8s_pose/input_layer1 was aborted, got status = HAILO_SHUTDOWN_EVENT_SIGNALED(57)
[2026-04-05 21:52:14.956] [8289] [HailoRT] [info] [queue_elements.cpp:46] [~BaseQueueElement] Queue element EntryPushQEl0yolov8s_pose/input_layer1 has 0 frames in his Queue on destruction
[2026-04-05 21:52:14.956] [8289] [HailoRT] [info] [queue_elements.cpp:46] [~BaseQueueElement] Queue element PushQEl3AsyncHwEl has 0 frames in his Queue on destruction
[2026-04-05 21:52:14.956] [8289] [HailoRT] [info] [queue_elements.cpp:46] [~BaseQueueElement] Queue element PushQEl4AsyncHwEl has 0 frames in his Queue on destruction
[2026-04-05 21:52:14.956] [8289] [HailoRT] [info] [queue_elements.cpp:46] [~BaseQueueElement] Queue element PushQEl5AsyncHwEl has 0 frames in his Queue on destruction
[2026-04-05 21:52:14.956] [8289] [HailoRT] [info] [queue_elements.cpp:46] [~BaseQueueElement] Queue element PushQEl0AsyncHwEl has 0 frames in his Queue on destruction
[2026-04-05 21:52:14.956] [8289] [HailoRT] [info] [queue_elements.cpp:46] [~BaseQueueElement] Queue element PushQEl1AsyncHwEl has 0 frames in his Queue on destruction
[2026-04-05 21:52:14.956] [8289] [HailoRT] [info] [queue_elements.cpp:46] [~BaseQueueElement] Queue element PushQEl2AsyncHwEl has 0 frames in his Queue on destruction
[2026-04-05 21:52:14.956] [8289] [HailoRT] [info] [queue_elements.cpp:46] [~BaseQueueElement] Queue element PushQEl7AsyncHwEl has 0 frames in his Queue on destruction
[2026-04-05 21:52:14.956] [8289] [HailoRT] [info] [queue_elements.cpp:46] [~BaseQueueElement] Queue element PushQEl8AsyncHwEl has 0 frames in his Queue on destruction
[2026-04-05 21:52:14.956] [8289] [HailoRT] [info] [queue_elements.cpp:46] [~BaseQueueElement] Queue element PushQEl6AsyncHwEl has 0 frames in his Queue on destruction
[2026-04-05 21:52:50.604] [8456] [HailoRT] [info] [vdevice.cpp:523] [create] Creating vdevice with params: device_count: 1, scheduling_algorithm: ROUND_ROBIN, multi_process_service: false
[2026-04-05 21:52:50.616] [8456] [HailoRT] [info] [device.cpp:49] [Device] OS Version: Linux 6.12.75+rpt-rpi-2712 #1 SMP PREEMPT Debian 1:6.12.75-1+rpt1~bookworm (2026-03-11) aarch64
[2026-04-05 21:52:50.617] [8456] [HailoRT] [info] [control.cpp:108] [control__parse_identify_results] firmware_version is: 4.20.0
[2026-04-05 21:52:50.617] [8456] [HailoRT] [info] [vdevice.cpp:651] [create] VDevice Infos: 0001:01:00.0
[2026-04-05 21:52:50.729] [8456] [HailoRT] [info] [hef.cpp:1929] [get_network_group_and_network_name] No name was given. Addressing all networks of default network_group: yolov8s_pose
[2026-04-05 21:52:50.729] [8456] [HailoRT] [info] [hef.cpp:1929] [get_network_group_and_network_name] No name was given. Addressing all networks of default network_group: yolov8s_pose
[2026-04-05 21:52:50.730] [8456] [HailoRT] [info] [hef.cpp:1929] [get_network_group_and_network_name] No name was given. Addressing all networks of default network_group: yolov8s_pose
[2026-04-05 21:52:50.730] [8456] [HailoRT] [info] [hef.cpp:1929] [get_network_group_and_network_name] No name was given. Addressing all networks of default network_group: yolov8s_pose
[2026-04-05 21:52:50.730] [8456] [HailoRT] [info] [hef.cpp:1929] [get_network_group_and_network_name] No name was given. Addressing all networks of default network_group: yolov8s_pose
[2026-04-05 21:52:50.730] [8456] [HailoRT] [warning] [device_internal.cpp:616] [check_hef_is_compatible] HEF was compiled for Hailo8L device, while the device itself is Hailo8. This will result in lower performance.
[2026-04-05 21:52:50.731] [8456] [HailoRT] [warning] [device_internal.cpp:616] [check_hef_is_compatible] HEF was compiled for Hailo8L device, while the device itself is Hailo8. This will result in lower performance.
[2026-04-05 21:52:50.737] [8456] [HailoRT] [info] [internal_buffer_manager.cpp:204] [print_execution_results] Planned internal buffer memory: CMA memory 0, user memory 3321344. memory to edge layer usage factor is 0.93083656
[2026-04-05 21:52:50.737] [8456] [HailoRT] [info] [internal_buffer_manager.cpp:212] [print_execution_results] Default Internal buffer planner executed successfully
[2026-04-05 21:52:50.760] [8456] [HailoRT] [info] [device_internal.cpp:57] [configure] Configuring HEF took 29.268584 milliseconds
[2026-04-05 21:52:50.760] [8456] [HailoRT] [info] [vdevice.cpp:749] [configure] Configuring HEF on VDevice took 29.991027 milliseconds
[2026-04-05 21:52:50.760] [8456] [HailoRT] [info] [infer_model.cpp:436] [configure] Configuring network group 'yolov8s_pose' with params: batch size: 1, power mode: PERFORMANCE, latency: NONE
[2026-04-05 21:52:50.760] [8456] [HailoRT] [info] [multi_io_elements.cpp:756] [create] Created (AsyncHwEl)
[2026-04-05 21:52:50.760] [8456] [HailoRT] [info] [queue_elements.cpp:450] [create] Created (EntryPushQEl0yolov8s_pose/input_layer1 | timeout: 10s)
[2026-04-05 21:52:50.761] [8456] [HailoRT] [info] [queue_elements.cpp:450] [create] Created (PushQEl3AsyncHwEl | timeout: 10s)
[2026-04-05 21:52:50.761] [8456] [HailoRT] [info] [filter_elements.cpp:375] [create] Created (PostInferEl3AsyncHwEl | Quantization - src_type: UINT8, dst_type FLOAT32, limvals_min: -6.02712, limvals_max: 11.844)
[2026-04-05 21:52:50.761] [8456] [HailoRT] [info] [edge_elements.cpp:187] [create] Created (LastAsyncEl0PostInferEl3AsyncHwEl)
[2026-04-05 21:52:50.761] [8456] [HailoRT] [info] [queue_elements.cpp:450] [create] Created (PushQEl4AsyncHwEl | timeout: 10s)
[2026-04-05 21:52:50.761] [8456] [HailoRT] [info] [filter_elements.cpp:375] [create] Created (PostInferEl4AsyncHwEl | Quantization - src_type: UINT8, dst_type FLOAT32, limvals_min: -9.25656, limvals_max: 9.32945 | Reorder - src_order: FCR, src_shape: (20, 20, 56), dst_order: FCR, dst_shape: (20, 20, 51))
[2026-04-05 21:52:50.761] [8456] [HailoRT] [info] [edge_elements.cpp:187] [create] Created (LastAsyncEl0PostInferEl4AsyncHwEl)
[2026-04-05 21:52:50.761] [8456] [HailoRT] [info] [queue_elements.cpp:450] [create] Created (PushQEl5AsyncHwEl | timeout: 10s)
[2026-04-05 21:52:50.761] [8456] [HailoRT] [info] [filter_elements.cpp:375] [create] Created (PostInferEl5AsyncHwEl | Quantization - src_type: UINT8, dst_type FLOAT32, limvals_min: -5.14938, limvals_max: 13.8809)
[2026-04-05 21:52:50.761] [8456] [HailoRT] [info] [edge_elements.cpp:187] [create] Created (LastAsyncEl0PostInferEl5AsyncHwEl)
[2026-04-05 21:52:50.761] [8456] [HailoRT] [info] [queue_elements.cpp:450] [create] Created (PushQEl0AsyncHwEl | timeout: 10s)
[2026-04-05 21:52:50.761] [8456] [HailoRT] [info] [filter_elements.cpp:375] [create] Created (PostInferEl0AsyncHwEl | Quantization - src_type: UINT8, dst_type FLOAT32, limvals_min: 0, limvals_max: 0.927867)
[2026-04-05 21:52:50.761] [8456] [HailoRT] [info] [edge_elements.cpp:187] [create] Created (LastAsyncEl0PostInferEl0AsyncHwEl)
[2026-04-05 21:52:50.761] [8456] [HailoRT] [info] [queue_elements.cpp:450] [create] Created (PushQEl1AsyncHwEl | timeout: 10s)
[2026-04-05 21:52:50.761] [8456] [HailoRT] [info] [filter_elements.cpp:375] [create] Created (PostInferEl1AsyncHwEl | Quantization - src_type: UINT8, dst_type FLOAT32, limvals_min: -5.39702, limvals_max: 12.7114)
[2026-04-05 21:52:50.761] [8456] [HailoRT] [info] [edge_elements.cpp:187] [create] Created (LastAsyncEl0PostInferEl1AsyncHwEl)
[2026-04-05 21:52:50.761] [8456] [HailoRT] [info] [queue_elements.cpp:450] [create] Created (PushQEl2AsyncHwEl | timeout: 10s)
[2026-04-05 21:52:50.761] [8456] [HailoRT] [info] [filter_elements.cpp:375] [create] Created (PostInferEl2AsyncHwEl | Quantization - src_type: UINT8, dst_type FLOAT32, limvals_min: 0, limvals_max: 0.820417)
[2026-04-05 21:52:50.761] [8456] [HailoRT] [info] [edge_elements.cpp:187] [create] Created (LastAsyncEl0PostInferEl2AsyncHwEl)
[2026-04-05 21:52:50.761] [8456] [HailoRT] [info] [queue_elements.cpp:450] [create] Created (PushQEl7AsyncHwEl | timeout: 10s)
[2026-04-05 21:52:50.761] [8456] [HailoRT] [info] [filter_elements.cpp:375] [create] Created (PostInferEl7AsyncHwEl | Quantization - src_type: UINT8, dst_type FLOAT32, limvals_min: -11.0503, limvals_max: 6.78402 | Reorder - src_order: FCR, src_shape: (40, 40, 56), dst_order: FCR, dst_shape: (40, 40, 51))
[2026-04-05 21:52:50.762] [8456] [HailoRT] [info] [edge_elements.cpp:187] [create] Created (LastAsyncEl0PostInferEl7AsyncHwEl)
[2026-04-05 21:52:50.762] [8456] [HailoRT] [info] [queue_elements.cpp:450] [create] Created (PushQEl8AsyncHwEl | timeout: 10s)
[2026-04-05 21:52:50.762] [8456] [HailoRT] [info] [filter_elements.cpp:375] [create] Created (PostInferEl8AsyncHwEl | Quantization - src_type: UINT8, dst_type FLOAT32, limvals_min: 0, limvals_max: 0.617845)
[2026-04-05 21:52:50.762] [8456] [HailoRT] [info] [edge_elements.cpp:187] [create] Created (LastAsyncEl0PostInferEl8AsyncHwEl)
[2026-04-05 21:52:50.762] [8456] [HailoRT] [info] [queue_elements.cpp:450] [create] Created (PushQEl6AsyncHwEl | timeout: 10s)
[2026-04-05 21:52:50.762] [8456] [HailoRT] [info] [filter_elements.cpp:375] [create] Created (PostInferEl6AsyncHwEl | Quantization - src_type: UINT8, dst_type FLOAT32, limvals_min: -7.42123, limvals_max: 5.81243 | Reorder - src_order: FCR, src_shape: (80, 80, 56), dst_order: FCR, dst_shape: (80, 80, 51))
[2026-04-05 21:52:50.762] [8456] [HailoRT] [info] [edge_elements.cpp:187] [create] Created (LastAsyncEl0PostInferEl6AsyncHwEl)
[2026-04-05 21:52:50.762] [8456] [HailoRT] [info] [pipeline.cpp:891] [print_deep_description] EntryPushQEl0yolov8s_pose/input_layer1 | inputs: user | outputs: AsyncHwEl(running in thread_id: 8464)
[2026-04-05 21:52:50.762] [8456] [HailoRT] [info] [pipeline.cpp:891] [print_deep_description] AsyncHwEl | inputs: EntryPushQEl0yolov8s_pose/input_layer1[0] | outputs: PushQEl0AsyncHwEl PushQEl1AsyncHwEl PushQEl2AsyncHwEl PushQEl3AsyncHwEl PushQEl4AsyncHwEl PushQEl5AsyncHwEl PushQEl6AsyncHwEl PushQEl7AsyncHwEl PushQEl8AsyncHwEl
[2026-04-05 21:52:50.762] [8456] [HailoRT] [info] [pipeline.cpp:891] [print_deep_description] PushQEl0AsyncHwEl | inputs: AsyncHwEl[0] | outputs: PostInferEl0AsyncHwEl(running in thread_id: 8468)
[2026-04-05 21:52:50.762] [8456] [HailoRT] [info] [pipeline.cpp:891] [print_deep_description] PostInferEl0AsyncHwEl | inputs: PushQEl0AsyncHwEl[0] | outputs: LastAsyncEl0PostInferEl0AsyncHwEl
[2026-04-05 21:52:50.762] [8456] [HailoRT] [info] [pipeline.cpp:891] [print_deep_description] LastAsyncEl0PostInferEl0AsyncHwEl | inputs: PostInferEl0AsyncHwEl[0] | outputs: user
[2026-04-05 21:52:50.762] [8456] [HailoRT] [info] [pipeline.cpp:891] [print_deep_description] PushQEl1AsyncHwEl | inputs: AsyncHwEl[0] | outputs: PostInferEl1AsyncHwEl(running in thread_id: 8469)
[2026-04-05 21:52:50.762] [8456] [HailoRT] [info] [pipeline.cpp:891] [print_deep_description] PostInferEl1AsyncHwEl | inputs: PushQEl1AsyncHwEl[0] | outputs: LastAsyncEl0PostInferEl1AsyncHwEl
[2026-04-05 21:52:50.762] [8456] [HailoRT] [info] [pipeline.cpp:891] [print_deep_description] LastAsyncEl0PostInferEl1AsyncHwEl | inputs: PostInferEl1AsyncHwEl[0] | outputs: user
[2026-04-05 21:52:50.762] [8456] [HailoRT] [info] [pipeline.cpp:891] [print_deep_description] PushQEl2AsyncHwEl | inputs: AsyncHwEl[0] | outputs: PostInferEl2AsyncHwEl(running in thread_id: 8470)
[2026-04-05 21:52:50.762] [8456] [HailoRT] [info] [pipeline.cpp:891] [print_deep_description] PostInferEl2AsyncHwEl | inputs: PushQEl2AsyncHwEl[0] | outputs: LastAsyncEl0PostInferEl2AsyncHwEl
[2026-04-05 21:52:50.762] [8456] [HailoRT] [info] [pipeline.cpp:891] [print_deep_description] LastAsyncEl0PostInferEl2AsyncHwEl | inputs: PostInferEl2AsyncHwEl[0] | outputs: user
[2026-04-05 21:52:50.762] [8456] [HailoRT] [info] [pipeline.cpp:891] [print_deep_description] PushQEl3AsyncHwEl | inputs: AsyncHwEl[0] | outputs: PostInferEl3AsyncHwEl(running in thread_id: 8465)
[2026-04-05 21:52:50.762] [8456] [HailoRT] [info] [pipeline.cpp:891] [print_deep_description] PostInferEl3AsyncHwEl | inputs: PushQEl3AsyncHwEl[0] | outputs: LastAsyncEl0PostInferEl3AsyncHwEl
[2026-04-05 21:52:50.762] [8456] [HailoRT] [info] [pipeline.cpp:891] [print_deep_description] LastAsyncEl0PostInferEl3AsyncHwEl | inputs: PostInferEl3AsyncHwEl[0] | outputs: user
[2026-04-05 21:52:50.762] [8456] [HailoRT] [info] [pipeline.cpp:891] [print_deep_description] PushQEl4AsyncHwEl | inputs: AsyncHwEl[0] | outputs: PostInferEl4AsyncHwEl(running in thread_id: 8466)
[2026-04-05 21:52:50.762] [8456] [HailoRT] [info] [pipeline.cpp:891] [print_deep_description] PostInferEl4AsyncHwEl | inputs: PushQEl4AsyncHwEl[0] | outputs: LastAsyncEl0PostInferEl4AsyncHwEl
[2026-04-05 21:52:50.762] [8456] [HailoRT] [info] [pipeline.cpp:891] [print_deep_description] LastAsyncEl0PostInferEl4AsyncHwEl | inputs: PostInferEl4AsyncHwEl[0] | outputs: user
[2026-04-05 21:52:50.762] [8456] [HailoRT] [info] [pipeline.cpp:891] [print_deep_description] PushQEl5AsyncHwEl | inputs: AsyncHwEl[0] | outputs: PostInferEl5AsyncHwEl(running in thread_id: 8467)
[2026-04-05 21:52:50.762] [8456] [HailoRT] [info] [pipeline.cpp:891] [print_deep_description] PostInferEl5AsyncHwEl | inputs: PushQEl5AsyncHwEl[0] | outputs: LastAsyncEl0PostInferEl5AsyncHwEl
[2026-04-05 21:52:50.762] [8456] [HailoRT] [info] [pipeline.cpp:891] [print_deep_description] LastAsyncEl0PostInferEl5AsyncHwEl | inputs: PostInferEl5AsyncHwEl[0] | outputs: user
[2026-04-05 21:52:50.762] [8456] [HailoRT] [info] [pipeline.cpp:891] [print_deep_description] PushQEl6AsyncHwEl | inputs: AsyncHwEl[0] | outputs: PostInferEl6AsyncHwEl(running in thread_id: 8473)
[2026-04-05 21:52:50.762] [8456] [HailoRT] [info] [pipeline.cpp:891] [print_deep_description] PostInferEl6AsyncHwEl | inputs: PushQEl6AsyncHwEl[0] | outputs: LastAsyncEl0PostInferEl6AsyncHwEl
[2026-04-05 21:52:50.762] [8456] [HailoRT] [info] [pipeline.cpp:891] [print_deep_description] LastAsyncEl0PostInferEl6AsyncHwEl | inputs: PostInferEl6AsyncHwEl[0] | outputs: user
[2026-04-05 21:52:50.762] [8456] [HailoRT] [info] [pipeline.cpp:891] [print_deep_description] PushQEl7AsyncHwEl | inputs: AsyncHwEl[0] | outputs: PostInferEl7AsyncHwEl(running in thread_id: 8471)
[2026-04-05 21:52:50.762] [8456] [HailoRT] [info] [pipeline.cpp:891] [print_deep_description] PostInferEl7AsyncHwEl | inputs: PushQEl7AsyncHwEl[0] | outputs: LastAsyncEl0PostInferEl7AsyncHwEl
[2026-04-05 21:52:50.762] [8456] [HailoRT] [info] [pipeline.cpp:891] [print_deep_description] LastAsyncEl0PostInferEl7AsyncHwEl | inputs: PostInferEl7AsyncHwEl[0] | outputs: user
[2026-04-05 21:52:50.762] [8456] [HailoRT] [info] [pipeline.cpp:891] [print_deep_description] PushQEl8AsyncHwEl | inputs: AsyncHwEl[0] | outputs: PostInferEl8AsyncHwEl(running in thread_id: 8472)
[2026-04-05 21:52:50.762] [8456] [HailoRT] [info] [pipeline.cpp:891] [print_deep_description] PostInferEl8AsyncHwEl | inputs: PushQEl8AsyncHwEl[0] | outputs: LastAsyncEl0PostInferEl8AsyncHwEl
[2026-04-05 21:52:50.762] [8456] [HailoRT] [info] [pipeline.cpp:891] [print_deep_description] LastAsyncEl0PostInferEl8AsyncHwEl | inputs: PostInferEl8AsyncHwEl[0] | outputs: user
[2026-04-05 22:00:29.035] [8713] [HailoRT] [info] [vdevice.cpp:523] [create] Creating vdevice with params: device_count: 1, scheduling_algorithm: ROUND_ROBIN, multi_process_service: false
[2026-04-05 22:00:29.047] [8713] [HailoRT] [info] [device.cpp:49] [Device] OS Version: Linux 6.12.75+rpt-rpi-2712 #1 SMP PREEMPT Debian 1:6.12.75-1+rpt1~bookworm (2026-03-11) aarch64
[2026-04-05 22:00:29.048] [8713] [HailoRT] [info] [control.cpp:108] [control__parse_identify_results] firmware_version is: 4.20.0
[2026-04-05 22:00:29.048] [8713] [HailoRT] [info] [vdevice.cpp:651] [create] VDevice Infos: 0001:01:00.0
[2026-04-05 22:00:29.152] [8713] [HailoRT] [info] [hef.cpp:1929] [get_network_group_and_network_name] No name was given. Addressing all networks of default network_group: yolov8s_pose
[2026-04-05 22:00:29.152] [8713] [HailoRT] [info] [hef.cpp:1929] [get_network_group_and_network_name] No name was given. Addressing all networks of default network_group: yolov8s_pose
[2026-04-05 22:00:29.153] [8713] [HailoRT] [info] [hef.cpp:1929] [get_network_group_and_network_name] No name was given. Addressing all networks of default network_group: yolov8s_pose
[2026-04-05 22:00:29.153] [8713] [HailoRT] [info] [hef.cpp:1929] [get_network_group_and_network_name] No name was given. Addressing all networks of default network_group: yolov8s_pose
[2026-04-05 22:00:29.153] [8713] [HailoRT] [info] [hef.cpp:1929] [get_network_group_and_network_name] No name was given. Addressing all networks of default network_group: yolov8s_pose
[2026-04-05 22:00:29.153] [8713] [HailoRT] [warning] [device_internal.cpp:616] [check_hef_is_compatible] HEF was compiled for Hailo8L device, while the device itself is Hailo8. This will result in lower performance.
[2026-04-05 22:00:29.153] [8713] [HailoRT] [warning] [device_internal.cpp:616] [check_hef_is_compatible] HEF was compiled for Hailo8L device, while the device itself is Hailo8. This will result in lower performance.
[2026-04-05 22:00:29.159] [8713] [HailoRT] [info] [internal_buffer_manager.cpp:204] [print_execution_results] Planned internal buffer memory: CMA memory 0, user memory 3321344. memory to edge layer usage factor is 0.93083656
[2026-04-05 22:00:29.160] [8713] [HailoRT] [info] [internal_buffer_manager.cpp:212] [print_execution_results] Default Internal buffer planner executed successfully
[2026-04-05 22:00:29.191] [8713] [HailoRT] [info] [device_internal.cpp:57] [configure] Configuring HEF took 38.051498 milliseconds
[2026-04-05 22:00:29.191] [8713] [HailoRT] [info] [vdevice.cpp:749] [configure] Configuring HEF on VDevice took 38.598629 milliseconds
[2026-04-05 22:00:29.191] [8713] [HailoRT] [info] [infer_model.cpp:436] [configure] Configuring network group 'yolov8s_pose' with params: batch size: 1, power mode: PERFORMANCE, latency: NONE
[2026-04-05 22:00:29.192] [8713] [HailoRT] [info] [multi_io_elements.cpp:756] [create] Created (AsyncHwEl)
[2026-04-05 22:00:29.192] [8713] [HailoRT] [info] [queue_elements.cpp:450] [create] Created (EntryPushQEl0yolov8s_pose/input_layer1 | timeout: 10s)
[2026-04-05 22:00:29.192] [8713] [HailoRT] [info] [queue_elements.cpp:450] [create] Created (PushQEl3AsyncHwEl | timeout: 10s)
[2026-04-05 22:00:29.192] [8713] [HailoRT] [info] [filter_elements.cpp:375] [create] Created (PostInferEl3AsyncHwEl | Quantization - src_type: UINT8, dst_type FLOAT32, limvals_min: -6.02712, limvals_max: 11.844)
[2026-04-05 22:00:29.192] [8713] [HailoRT] [info] [edge_elements.cpp:187] [create] Created (LastAsyncEl0PostInferEl3AsyncHwEl)
[2026-04-05 22:00:29.192] [8713] [HailoRT] [info] [queue_elements.cpp:450] [create] Created (PushQEl4AsyncHwEl | timeout: 10s)
[2026-04-05 22:00:29.192] [8713] [HailoRT] [info] [filter_elements.cpp:375] [create] Created (PostInferEl4AsyncHwEl | Quantization - src_type: UINT8, dst_type FLOAT32, limvals_min: -9.25656, limvals_max: 9.32945 | Reorder - src_order: FCR, src_shape: (20, 20, 56), dst_order: FCR, dst_shape: (20, 20, 51))
[2026-04-05 22:00:29.192] [8713] [HailoRT] [info] [edge_elements.cpp:187] [create] Created (LastAsyncEl0PostInferEl4AsyncHwEl)
[2026-04-05 22:00:29.192] [8713] [HailoRT] [info] [queue_elements.cpp:450] [create] Created (PushQEl5AsyncHwEl | timeout: 10s)
[2026-04-05 22:00:29.192] [8713] [HailoRT] [info] [filter_elements.cpp:375] [create] Created (PostInferEl5AsyncHwEl | Quantization - src_type: UINT8, dst_type FLOAT32, limvals_min: -5.14938, limvals_max: 13.8809)
[2026-04-05 22:00:29.192] [8713] [HailoRT] [info] [edge_elements.cpp:187] [create] Created (LastAsyncEl0PostInferEl5AsyncHwEl)
[2026-04-05 22:00:29.193] [8713] [HailoRT] [info] [queue_elements.cpp:450] [create] Created (PushQEl0AsyncHwEl | timeout: 10s)
[2026-04-05 22:00:29.193] [8713] [HailoRT] [info] [filter_elements.cpp:375] [create] Created (PostInferEl0AsyncHwEl | Quantization - src_type: UINT8, dst_type FLOAT32, limvals_min: 0, limvals_max: 0.927867)
[2026-04-05 22:00:29.193] [8713] [HailoRT] [info] [edge_elements.cpp:187] [create] Created (LastAsyncEl0PostInferEl0AsyncHwEl)
[2026-04-05 22:00:29.193] [8713] [HailoRT] [info] [queue_elements.cpp:450] [create] Created (PushQEl1AsyncHwEl | timeout: 10s)
[2026-04-05 22:00:29.193] [8713] [HailoRT] [info] [filter_elements.cpp:375] [create] Created (PostInferEl1AsyncHwEl | Quantization - src_type: UINT8, dst_type FLOAT32, limvals_min: -5.39702, limvals_max: 12.7114)
[2026-04-05 22:00:29.193] [8713] [HailoRT] [info] [edge_elements.cpp:187] [create] Created (LastAsyncEl0PostInferEl1AsyncHwEl)
[2026-04-05 22:00:29.193] [8713] [HailoRT] [info] [queue_elements.cpp:450] [create] Created (PushQEl2AsyncHwEl | timeout: 10s)
[2026-04-05 22:00:29.193] [8713] [HailoRT] [info] [filter_elements.cpp:375] [create] Created (PostInferEl2AsyncHwEl | Quantization - src_type: UINT8, dst_type FLOAT32, limvals_min: 0, limvals_max: 0.820417)
[2026-04-05 22:00:29.193] [8713] [HailoRT] [info] [edge_elements.cpp:187] [create] Created (LastAsyncEl0PostInferEl2AsyncHwEl)
[2026-04-05 22:00:29.193] [8713] [HailoRT] [info] [queue_elements.cpp:450] [create] Created (PushQEl7AsyncHwEl | timeout: 10s)
[2026-04-05 22:00:29.193] [8713] [HailoRT] [info] [filter_elements.cpp:375] [create] Created (PostInferEl7AsyncHwEl | Quantization - src_type: UINT8, dst_type FLOAT32, limvals_min: -11.0503, limvals_max: 6.78402 | Reorder - src_order: FCR, src_shape: (40, 40, 56), dst_order: FCR, dst_shape: (40, 40, 51))
[2026-04-05 22:00:29.193] [8713] [HailoRT] [info] [edge_elements.cpp:187] [create] Created (LastAsyncEl0PostInferEl7AsyncHwEl)
[2026-04-05 22:00:29.193] [8713] [HailoRT] [info] [queue_elements.cpp:450] [create] Created (PushQEl8AsyncHwEl | timeout: 10s)
[2026-04-05 22:00:29.193] [8713] [HailoRT] [info] [filter_elements.cpp:375] [create] Created (PostInferEl8AsyncHwEl | Quantization - src_type: UINT8, dst_type FLOAT32, limvals_min: 0, limvals_max: 0.617845)
[2026-04-05 22:00:29.193] [8713] [HailoRT] [info] [edge_elements.cpp:187] [create] Created (LastAsyncEl0PostInferEl8AsyncHwEl)
[2026-04-05 22:00:29.194] [8713] [HailoRT] [info] [queue_elements.cpp:450] [create] Created (PushQEl6AsyncHwEl | timeout: 10s)
[2026-04-05 22:00:29.194] [8713] [HailoRT] [info] [filter_elements.cpp:375] [create] Created (PostInferEl6AsyncHwEl | Quantization - src_type: UINT8, dst_type FLOAT32, limvals_min: -7.42123, limvals_max: 5.81243 | Reorder - src_order: FCR, src_shape: (80, 80, 56), dst_order: FCR, dst_shape: (80, 80, 51))
[2026-04-05 22:00:29.194] [8713] [HailoRT] [info] [edge_elements.cpp:187] [create] Created (LastAsyncEl0PostInferEl6AsyncHwEl)
[2026-04-05 22:00:29.194] [8713] [HailoRT] [info] [pipeline.cpp:891] [print_deep_description] EntryPushQEl0yolov8s_pose/input_layer1 | inputs: user | outputs: AsyncHwEl(running in thread_id: 8721)
[2026-04-05 22:00:29.194] [8713] [HailoRT] [info] [pipeline.cpp:891] [print_deep_description] AsyncHwEl | inputs: EntryPushQEl0yolov8s_pose/input_layer1[0] | outputs: PushQEl0AsyncHwEl PushQEl1AsyncHwEl PushQEl2AsyncHwEl PushQEl3AsyncHwEl PushQEl4AsyncHwEl PushQEl5AsyncHwEl PushQEl6AsyncHwEl PushQEl7AsyncHwEl PushQEl8AsyncHwEl
[2026-04-05 22:00:29.194] [8713] [HailoRT] [info] [pipeline.cpp:891] [print_deep_description] PushQEl0AsyncHwEl | inputs: AsyncHwEl[0] | outputs: PostInferEl0AsyncHwEl(running in thread_id: 8725)
[2026-04-05 22:00:29.194] [8713] [HailoRT] [info] [pipeline.cpp:891] [print_deep_description] PostInferEl0AsyncHwEl | inputs: PushQEl0AsyncHwEl[0] | outputs: LastAsyncEl0PostInferEl0AsyncHwEl
[2026-04-05 22:00:29.194] [8713] [HailoRT] [info] [pipeline.cpp:891] [print_deep_description] LastAsyncEl0PostInferEl0AsyncHwEl | inputs: PostInferEl0AsyncHwEl[0] | outputs: user
[2026-04-05 22:00:29.194] [8713] [HailoRT] [info] [pipeline.cpp:891] [print_deep_description] PushQEl1AsyncHwEl | inputs: AsyncHwEl[0] | outputs: PostInferEl1AsyncHwEl(running in thread_id: 8726)
[2026-04-05 22:00:29.194] [8713] [HailoRT] [info] [pipeline.cpp:891] [print_deep_description] PostInferEl1AsyncHwEl | inputs: PushQEl1AsyncHwEl[0] | outputs: LastAsyncEl0PostInferEl1AsyncHwEl
[2026-04-05 22:00:29.194] [8713] [HailoRT] [info] [pipeline.cpp:891] [print_deep_description] LastAsyncEl0PostInferEl1AsyncHwEl | inputs: PostInferEl1AsyncHwEl[0] | outputs: user
[2026-04-05 22:00:29.194] [8713] [HailoRT] [info] [pipeline.cpp:891] [print_deep_description] PushQEl2AsyncHwEl | inputs: AsyncHwEl[0] | outputs: PostInferEl2AsyncHwEl(running in thread_id: 8727)
[2026-04-05 22:00:29.194] [8713] [HailoRT] [info] [pipeline.cpp:891] [print_deep_description] PostInferEl2AsyncHwEl | inputs: PushQEl2AsyncHwEl[0] | outputs: LastAsyncEl0PostInferEl2AsyncHwEl
[2026-04-05 22:00:29.194] [8713] [HailoRT] [info] [pipeline.cpp:891] [print_deep_description] LastAsyncEl0PostInferEl2AsyncHwEl | inputs: PostInferEl2AsyncHwEl[0] | outputs: user
[2026-04-05 22:00:29.194] [8713] [HailoRT] [info] [pipeline.cpp:891] [print_deep_description] PushQEl3AsyncHwEl | inputs: AsyncHwEl[0] | outputs: PostInferEl3AsyncHwEl(running in thread_id: 8722)
[2026-04-05 22:00:29.194] [8713] [HailoRT] [info] [pipeline.cpp:891] [print_deep_description] PostInferEl3AsyncHwEl | inputs: PushQEl3AsyncHwEl[0] | outputs: LastAsyncEl0PostInferEl3AsyncHwEl
[2026-04-05 [2026-04-05 22:04:03.297] [9012] [HailoRT] [info] [vdevice.cpp:523] [create] Creating vdevice with params: device_count: 1, scheduling_algorithm: ROUND_ROBIN, multi_process_service: false
[2026-04-05 22:04:03.308] [9012] [HailoRT] [info] [device.cpp:49] [Device] OS Version: Linux 6.12.75+rpt-rpi-2712 #1 SMP PREEMPT Debian 1:6.12.75-1+rpt1~bookworm (2026-03-11) aarch64
[2026-04-05 22:04:03.309] [9012] [HailoRT] [info] [control.cpp:108] [control__parse_identify_results] firmware_version is: 4.20.0
[2026-04-05 22:04:03.309] [9012] [HailoRT] [info] [vdevice.cpp:651] [create] VDevice Infos: 0001:01:00.0
[2026-04-05 22:04:03.415] [9012] [HailoRT] [info] [hef.cpp:1929] [get_network_group_and_network_name] No name was given. Addressing all networks of default network_group: yolov8s_pose
[2026-04-05 22:04:03.415] [9012] [HailoRT] [info] [hef.cpp:1929] [get_network_group_and_network_name] No name was given. Addressing all networks of default network_group: yolov8s_pose
[2026-04-05 22:04:03.415] [9012] [HailoRT] [info] [hef.cpp:1929] [get_network_group_and_network_name] No name was given. Addressing all networks of default network_group: yolov8s_pose
[2026-04-05 22:04:03.415] [9012] [HailoRT] [info] [hef.cpp:1929] [get_network_group_and_network_name] No name was given. Addressing all networks of default network_group: yolov8s_pose
[2026-04-05 22:04:03.415] [9012] [HailoRT] [info] [hef.cpp:1929] [get_network_group_and_network_name] No name was given. Addressing all networks of default network_group: yolov8s_pose
[2026-04-05 22:04:03.416] [9012] [HailoRT] [warning] [device_internal.cpp:616] [check_hef_is_compatible] HEF was compiled for Hailo8L device, while the device itself is Hailo8. This will result in lower performance.
[2026-04-05 22:04:03.416] [9012] [HailoRT] [warning] [device_internal.cpp:616] [check_hef_is_compatible] HEF was compiled for Hailo8L device, while the device itself is Hailo8. This will result in lower performance.
[2026-04-05 22:04:03.423] [9012] [HailoRT] [info] [internal_buffer_manager.cpp:204] [print_execution_results] Planned internal buffer memory: CMA memory 0, user memory 3321344. memory to edge layer usage factor is 0.93083656
[2026-04-05 22:04:03.423] [9012] [HailoRT] [info] [internal_buffer_manager.cpp:212] [print_execution_results] Default Internal buffer planner executed successfully
[2026-04-05 22:04:03.446] [9012] [HailoRT] [info] [device_internal.cpp:57] [configure] Configuring HEF took 29.608499 milliseconds
[2026-04-05 22:04:03.446] [9012] [HailoRT] [info] [vdevice.cpp:749] [configure] Configuring HEF on VDevice took 30.448667 milliseconds
[2026-04-05 22:04:03.446] [9012] [HailoRT] [info] [infer_model.cpp:436] [configure] Configuring network group 'yolov8s_pose' with params: batch size: 1, power mode: PERFORMANCE, latency: NONE
[2026-04-05 22:04:03.446] [9012] [HailoRT] [info] [multi_io_elements.cpp:756] [create] Created (AsyncHwEl)
[2026-04-05 22:04:03.446] [9012] [HailoRT] [info] [queue_elements.cpp:450] [create] Created (EntryPushQEl0yolov8s_pose/input_layer1 | timeout: 10s)
[2026-04-05 22:04:03.447] [9012] [HailoRT] [info] [queue_elements.cpp:450] [create] Created (PushQEl3AsyncHwEl | timeout: 10s)
[2026-04-05 22:04:03.447] [9012] [HailoRT] [info] [filter_elements.cpp:375] [create] Created (PostInferEl3AsyncHwEl | Quantization - src_type: UINT8, dst_type FLOAT32, limvals_min: -6.02712, limvals_max: 11.844)
[2026-04-05 22:04:03.447] [9012] [HailoRT] [info] [edge_elements.cpp:187] [create] Created (LastAsyncEl0PostInferEl3AsyncHwEl)
[2026-04-05 22:04:03.447] [9012] [HailoRT] [info] [queue_elements.cpp:450] [create] Created (PushQEl4AsyncHwEl | timeout: 10s)
[2026-04-05 22:04:03.447] [9012] [HailoRT] [info] [filter_elements.cpp:375] [create] Created (PostInferEl4AsyncHwEl | Quantization - src_type: UINT8, dst_type FLOAT32, limvals_min: -9.25656, limvals_max: 9.32945 | Reorder - src_order: FCR, src_shape: (20, 20, 56), dst_order: FCR, dst_shape: (20, 20, 51))
[2026-04-05 22:04:03.447] [9012] [HailoRT] [info] [edge_elements.cpp:187] [create] Created (LastAsyncEl0PostInferEl4AsyncHwEl)
[2026-04-05 22:04:03.447] [9012] [HailoRT] [info] [queue_elements.cpp:450] [create] Created (PushQEl5AsyncHwEl | timeout: 10s)
[2026-04-05 22:04:03.447] [9012] [HailoRT] [info] [filter_elements.cpp:375] [create] Created (PostInferEl5AsyncHwEl | Quantization - src_type: UINT8, dst_type FLOAT32, limvals_min: -5.14938, limvals_max: 13.8809)
[2026-04-05 22:04:03.447] [9012] [HailoRT] [info] [edge_elements.cpp:187] [create] Created (LastAsyncEl0PostInferEl5AsyncHwEl)
[2026-04-05 22:04:03.447] [9012] [HailoRT] [info] [queue_elements.cpp:450] [create] Created (PushQEl0AsyncHwEl | timeout: 10s)
[2026-04-05 22:04:03.447] [9012] [HailoRT] [info] [filter_elements.cpp:375] [create] Created (PostInferEl0AsyncHwEl | Quantization - src_type: UINT8, dst_type FLOAT32, limvals_min: 0, limvals_max: 0.927867)
[2026-04-05 22:04:03.447] [9012] [HailoRT] [info] [edge_elements.cpp:187] [create] Created (LastAsyncEl0PostInferEl0AsyncHwEl)
[2026-04-05 22:04:03.447] [9012] [HailoRT] [info] [queue_elements.cpp:450] [create] Created (PushQEl1AsyncHwEl | timeout: 10s)
[2026-04-05 22:04:03.447] [9012] [HailoRT] [info] [filter_elements.cpp:375] [create] Created (PostInferEl1AsyncHwEl | Quantization - src_type: UINT8, dst_type FLOAT32, limvals_min: -5.39702, limvals_max: 12.7114)
[2026-04-05 22:04:03.447] [9012] [HailoRT] [info] [edge_elements.cpp:187] [create] Created (LastAsyncEl0PostInferEl1AsyncHwEl)
[2026-04-05 22:04:03.447] [9012] [HailoRT] [info] [queue_elements.cpp:450] [create] Created (PushQEl2AsyncHwEl | timeout: 10s)
[2026-04-05 22:04:03.447] [9012] [HailoRT] [info] [filter_elements.cpp:375] [create] Created (PostInferEl2AsyncHwEl | Quantization - src_type: UINT8, dst_type FLOAT32, limvals_min: 0, limvals_max: 0.820417)
[2026-04-05 22:04:03.448] [9012] [HailoRT] [info] [edge_elements.cpp:187] [create] Created (LastAsyncEl0PostInferEl2AsyncHwEl)
[2026-04-05 22:04:03.448] [9012] [HailoRT] [info] [queue_elements.cpp:450] [create] Created (PushQEl7AsyncHwEl | timeout: 10s)
[2026-04-05 22:04:03.448] [9012] [HailoRT] [info] [filter_elements.cpp:375] [create] Created (PostInferEl7AsyncHwEl | Quantization - src_type: UINT8, dst_type FLOAT32, limvals_min: -11.0503, limvals_max: 6.78402 | Reorder - src_order: FCR, src_shape: (40, 40, 56), dst_order: FCR, dst_shape: (40, 40, 51))
[2026-04-05 22:04:03.448] [9012] [HailoRT] [info] [edge_elements.cpp:187] [create] Created (LastAsyncEl0PostInferEl7AsyncHwEl)
[2026-04-05 22:04:03.448] [9012] [HailoRT] [info] [queue_elements.cpp:450] [create] Created (PushQEl8AsyncHwEl | timeout: 10s)
[2026-04-05 22:04:03.448] [9012] [HailoRT] [info] [filter_elements.cpp:375] [create] Created (PostInferEl8AsyncHwEl | Quantization - src_type: UINT8, dst_type FLOAT32, limvals_min: 0, limvals_max: 0.617845)
[2026-04-05 22:04:03.448] [9012] [HailoRT] [info] [edge_elements.cpp:187] [create] Created (LastAsyncEl0PostInferEl8AsyncHwEl)
[2026-04-05 22:04:03.448] [9012] [HailoRT] [info] [queue_elements.cpp:450] [create] Created (PushQEl6AsyncHwEl | timeout: 10s)
[2026-04-05 22:04:03.448] [9012] [HailoRT] [info] [filter_elements.cpp:375] [create] Created (PostInferEl6AsyncHwEl | Quantization - src_type: UINT8, dst_type FLOAT32, limvals_min: -7.42123, limvals_max: 5.81243 | Reorder - src_order: FCR, src_shape: (80, 80, 56), dst_order: FCR, dst_shape: (80, 80, 51))
[2026-04-05 22:04:03.448] [9012] [HailoRT] [info] [edge_elements.cpp:187] [create] Created (LastAsyncEl0PostInferEl6AsyncHwEl)
[2026-04-05 22:04:03.448] [9012] [HailoRT] [info] [pipeline.cpp:891] [print_deep_description] EntryPushQEl0yolov8s_pose/input_layer1 | inputs: user | outputs: AsyncHwEl(running in thread_id: 9020)
[2026-04-05 22:04:03.448] [9012] [HailoRT] [info] [pipeline.cpp:891] [print_deep_description] AsyncHwEl | inputs: EntryPushQEl0yolov8s_pose/input_layer1[0] | outputs: PushQEl0AsyncHwEl PushQEl1AsyncHwEl PushQEl2AsyncHwEl PushQEl3AsyncHwEl PushQEl4AsyncHwEl PushQEl5AsyncHwEl PushQEl6AsyncHwEl PushQEl7AsyncHwEl PushQEl8AsyncHwEl
[2026-04-05 22:04:03.448] [9012] [HailoRT] [info] [pipeline.cpp:891] [print_deep_description] PushQEl0AsyncHwEl | inputs: AsyncHwEl[0] | outputs: PostInferEl0AsyncHwEl(running in thread_id: 9024)
[2026-04-05 22:04:03.448] [9012] [HailoRT] [info] [pipeline.cpp:891] [print_deep_description] PostInferEl0AsyncHwEl | inputs: PushQEl0AsyncHwEl[0] | outputs: LastAsyncEl0PostInferEl0AsyncHwEl
[2026-04-05 22:04:03.448] [9012] [HailoRT] [info] [pipeline.cpp:891] [print_deep_description] LastAsyncEl0PostInferEl0AsyncHwEl | inputs: PostInferEl0AsyncHwEl[0] | outputs: user
[2026-04-05 22:04:03.448] [9012] [HailoRT] [info] [pipeline.cpp:891] [print_deep_description] PushQEl1AsyncHwEl | inputs: AsyncHwEl[0] | outputs: PostInferEl1AsyncHwEl(running in thread_id: 9025)
[2026-04-05 22:04:03.448] [9012] [HailoRT] [info] [pipeline.cpp:891] [print_deep_description] PostInferEl1AsyncHwEl | inputs: PushQEl1AsyncHwEl[0] | outputs: LastAsyncEl0PostInferEl1AsyncHwEl
[2026-04-05 22:04:03.448] [9012] [HailoRT] [info] [pipeline.cpp:891] [print_deep_description] LastAsyncEl0PostInferEl1AsyncHwEl | inputs: PostInferEl1AsyncHwEl[0] | outputs: user
[2026-04-05 22:04:03.448] [9012] [HailoRT] [info] [pipeline.cpp:891] [print_deep_description] PushQEl2AsyncHwEl | inputs: AsyncHwEl[0] | outputs: PostInferEl2AsyncHwEl(running in thread_id: 9026)
[2026-04-05 22:04:03.448] [9012] [HailoRT] [info] [pipeline.cpp:891] [print_deep_description] PostInferEl2AsyncHwEl | inputs: PushQEl2AsyncHwEl[0] | outputs: LastAsyncEl0PostInferEl2AsyncHwEl
[2026-04-05 22:04:03.448] [9012] [HailoRT] [info] [pipeline.cpp:891] [print_deep_description] LastAsyncEl0PostInferEl2AsyncHwEl | inputs: PostInferEl2AsyncHwEl[0] | outputs: user
[2026-04-05 22:04:03.448] [9012] [HailoRT] [info] [pipeline.cpp:891] [print_deep_description] PushQEl3AsyncHwEl | inputs: AsyncHwEl[0] | outputs: PostInferEl3AsyncHwEl(running in thread_id: 9021)
[2026-04-05 22:04:03.448] [9012] [HailoRT] [info] [pipeline.cpp:891] [print_deep_description] PostInferEl3AsyncHwEl | inputs: PushQEl3AsyncHwEl[0] | outputs: LastAsyncEl0PostInferEl3AsyncHwEl
[2026-04-05 [2026-04-05 22:05:29.063] [9181] [HailoRT] [info] [vdevice.cpp:523] [create] Creating vdevice with params: device_count: 1, scheduling_algorithm: ROUND_ROBIN, multi_process_service: false
[2026-04-05 22:05:29.076] [9181] [HailoRT] [info] [device.cpp:49] [Device] OS Version: Linux 6.12.75+rpt-rpi-2712 #1 SMP PREEMPT Debian 1:6.12.75-1+rpt1~bookworm (2026-03-11) aarch64
[2026-04-05 22:05:29.077] [9181] [HailoRT] [info] [control.cpp:108] [control__parse_identify_results] firmware_version is: 4.20.0
[2026-04-05 22:05:29.077] [9181] [HailoRT] [info] [vdevice.cpp:651] [create] VDevice Infos: 0001:01:00.0
[2026-04-05 22:05:29.187] [9181] [HailoRT] [info] [hef.cpp:1929] [get_network_group_and_network_name] No name was given. Addressing all networks of default network_group: yolov8s_pose
[2026-04-05 22:05:29.187] [9181] [HailoRT] [info] [hef.cpp:1929] [get_network_group_and_network_name] No name was given. Addressing all networks of default network_group: yolov8s_pose
[2026-04-05 22:05:29.187] [9181] [HailoRT] [info] [hef.cpp:1929] [get_network_group_and_network_name] No name was given. Addressing all networks of default network_group: yolov8s_pose
[2026-04-05 22:05:29.187] [9181] [HailoRT] [info] [hef.cpp:1929] [get_network_group_and_network_name] No name was given. Addressing all networks of default network_group: yolov8s_pose
[2026-04-05 22:05:29.187] [9181] [HailoRT] [info] [hef.cpp:1929] [get_network_group_and_network_name] No name was given. Addressing all networks of default network_group: yolov8s_pose
[2026-04-05 22:05:29.187] [9181] [HailoRT] [warning] [device_internal.cpp:616] [check_hef_is_compatible] HEF was compiled for Hailo8L device, while the device itself is Hailo8. This will result in lower performance.
[2026-04-05 22:05:29.187] [9181] [HailoRT] [warning] [device_internal.cpp:616] [check_hef_is_compatible] HEF was compiled for Hailo8L device, while the device itself is Hailo8. This will result in lower performance.
[2026-04-05 22:05:29.206] [9181] [HailoRT] [info] [internal_buffer_manager.cpp:204] [print_execution_results] Planned internal buffer memory: CMA memory 0, user memory 3321344. memory to edge layer usage factor is 0.93083656
[2026-04-05 22:05:29.206] [9181] [HailoRT] [info] [internal_buffer_manager.cpp:212] [print_execution_results] Default Internal buffer planner executed successfully
[2026-04-05 22:05:29.235] [9181] [HailoRT] [info] [device_internal.cpp:57] [configure] Configuring HEF took 47.677013 milliseconds
[2026-04-05 22:05:29.235] [9181] [HailoRT] [info] [vdevice.cpp:749] [configure] Configuring HEF on VDevice took 48.185292 milliseconds
[2026-04-05 22:05:29.235] [9181] [HailoRT] [info] [infer_model.cpp:436] [configure] Configuring network group 'yolov8s_pose' with params: batch size: 1, power mode: PERFORMANCE, latency: NONE
[2026-04-05 22:05:29.235] [9181] [HailoRT] [info] [multi_io_elements.cpp:756] [create] Created (AsyncHwEl)
[2026-04-05 22:05:29.236] [9181] [HailoRT] [info] [queue_elements.cpp:450] [create] Created (EntryPushQEl0yolov8s_pose/input_layer1 | timeout: 10s)
[2026-04-05 22:05:29.236] [9181] [HailoRT] [info] [queue_elements.cpp:450] [create] Created (PushQEl3AsyncHwEl | timeout: 10s)
[2026-04-05 22:05:29.236] [9181] [HailoRT] [info] [filter_elements.cpp:375] [create] Created (PostInferEl3AsyncHwEl | Quantization - src_type: UINT8, dst_type FLOAT32, limvals_min: -6.02712, limvals_max: 11.844)
[2026-04-05 22:05:29.236] [9181] [HailoRT] [info] [edge_elements.cpp:187] [create] Created (LastAsyncEl0PostInferEl3AsyncHwEl)
[2026-04-05 22:05:29.236] [9181] [HailoRT] [info] [queue_elements.cpp:450] [create] Created (PushQEl4AsyncHwEl | timeout: 10s)
[2026-04-05 22:05:29.236] [9181] [HailoRT] [info] [filter_elements.cpp:375] [create] Created (PostInferEl4AsyncHwEl | Quantization - src_type: UINT8, dst_type FLOAT32, limvals_min: -9.25656, limvals_max: 9.32945 | Reorder - src_order: FCR, src_shape: (20, 20, 56), dst_order: FCR, dst_shape: (20, 20, 51))
[2026-04-05 22:05:29.236] [9181] [HailoRT] [info] [edge_elements.cpp:187] [create] Created (LastAsyncEl0PostInferEl4AsyncHwEl)
[2026-04-05 22:05:29.236] [9181] [HailoRT] [info] [queue_elements.cpp:450] [create] Created (PushQEl5AsyncHwEl | timeout: 10s)
[2026-04-05 22:05:29.236] [9181] [HailoRT] [info] [filter_elements.cpp:375] [create] Created (PostInferEl5AsyncHwEl | Quantization - src_type: UINT8, dst_type FLOAT32, limvals_min: -5.14938, limvals_max: 13.8809)
[2026-04-05 22:05:29.236] [9181] [HailoRT] [info] [edge_elements.cpp:187] [create] Created (LastAsyncEl0PostInferEl5AsyncHwEl)
[2026-04-05 22:05:29.236] [9181] [HailoRT] [info] [queue_elements.cpp:450] [create] Created (PushQEl0AsyncHwEl | timeout: 10s)
[2026-04-05 22:05:29.236] [9181] [HailoRT] [info] [filter_elements.cpp:375] [create] Created (PostInferEl0AsyncHwEl | Quantization - src_type: UINT8, dst_type FLOAT32, limvals_min: 0, limvals_max: 0.927867)
[2026-04-05 22:05:29.236] [9181] [HailoRT] [info] [edge_elements.cpp:187] [create] Created (LastAsyncEl0PostInferEl0AsyncHwEl)
[2026-04-05 22:05:29.236] [9181] [HailoRT] [info] [queue_elements.cpp:450] [create] Created (PushQEl1AsyncHwEl | timeout: 10s)
[2026-04-05 22:05:29.236] [9181] [HailoRT] [info] [filter_elements.cpp:375] [create] Created (PostInferEl1AsyncHwEl | Quantization - src_type: UINT8, dst_type FLOAT32, limvals_min: -5.39702, limvals_max: 12.7114)
[2026-04-05 22:05:29.236] [9181] [HailoRT] [info] [edge_elements.cpp:187] [create] Created (LastAsyncEl0PostInferEl1AsyncHwEl)
[2026-04-05 22:05:29.237] [9181] [HailoRT] [info] [queue_elements.cpp:450] [create] Created (PushQEl2AsyncHwEl | timeout: 10s)
[2026-04-05 22:05:29.237] [9181] [HailoRT] [info] [filter_elements.cpp:375] [create] Created (PostInferEl2AsyncHwEl | Quantization - src_type: UINT8, dst_type FLOAT32, limvals_min: 0, limvals_max: 0.820417)
[2026-04-05 22:05:29.237] [9181] [HailoRT] [info] [edge_elements.cpp:187] [create] Created (LastAsyncEl0PostInferEl2AsyncHwEl)
[2026-04-05 22:05:29.237] [9181] [HailoRT] [info] [queue_elements.cpp:450] [create] Created (PushQEl7AsyncHwEl | timeout: 10s)
[2026-04-05 22:05:29.237] [9181] [HailoRT] [info] [filter_elements.cpp:375] [create] Created (PostInferEl7AsyncHwEl | Quantization - src_type: UINT8, dst_type FLOAT32, limvals_min: -11.0503, limvals_max: 6.78402 | Reorder - src_order: FCR, src_shape: (40, 40, 56), dst_order: FCR, dst_shape: (40, 40, 51))
[2026-04-05 22:05:29.237] [9181] [HailoRT] [info] [edge_elements.cpp:187] [create] Created (LastAsyncEl0PostInferEl7AsyncHwEl)
[2026-04-05 22:05:29.237] [9181] [HailoRT] [info] [queue_elements.cpp:450] [create] Created (PushQEl8AsyncHwEl | timeout: 10s)
[2026-04-05 22:05:29.237] [9181] [HailoRT] [info] [filter_elements.cpp:375] [create] Created (PostInferEl8AsyncHwEl | Quantization - src_type: UINT8, dst_type FLOAT32, limvals_min: 0, limvals_max: 0.617845)
[2026-04-05 22:05:29.237] [9181] [HailoRT] [info] [edge_elements.cpp:187] [create] Created (LastAsyncEl0PostInferEl8AsyncHwEl)
[2026-04-05 22:05:29.237] [9181] [HailoRT] [info] [queue_elements.cpp:450] [create] Created (PushQEl6AsyncHwEl | timeout: 10s)
[2026-04-05 22:05:29.237] [9181] [HailoRT] [info] [filter_elements.cpp:375] [create] Created (PostInferEl6AsyncHwEl | Quantization - src_type: UINT8, dst_type FLOAT32, limvals_min: -7.42123, limvals_max: 5.81243 | Reorder - src_order: FCR, src_shape: (80, 80, 56), dst_order: FCR, dst_shape: (80, 80, 51))
[2026-04-05 22:05:29.237] [9181] [HailoRT] [info] [edge_elements.cpp:187] [create] Created (LastAsyncEl0PostInferEl6AsyncHwEl)
[2026-04-05 22:05:29.237] [9181] [HailoRT] [info] [pipeline.cpp:891] [print_deep_description] EntryPushQEl0yolov8s_pose/input_layer1 | inputs: user | outputs: AsyncHwEl(running in thread_id: 9194)
[2026-04-05 22:05:29.237] [9181] [HailoRT] [info] [pipeline.cpp:891] [print_deep_description] AsyncHwEl | inputs: EntryPushQEl0yolov8s_pose/input_layer1[0] | outputs: PushQEl0AsyncHwEl PushQEl1AsyncHwEl PushQEl2AsyncHwEl PushQEl3AsyncHwEl PushQEl4AsyncHwEl PushQEl5AsyncHwEl PushQEl6AsyncHwEl PushQEl7AsyncHwEl PushQEl8AsyncHwEl
[2026-04-05 22:05:29.237] [9181] [HailoRT] [info] [pipeline.cpp:891] [print_deep_description] PushQEl0AsyncHwEl | inputs: AsyncHwEl[0] | outputs: PostInferEl0AsyncHwEl(running in thread_id: 9198)
[2026-04-05 22:05:29.237] [9181] [HailoRT] [info] [pipeline.cpp:891] [print_deep_description] PostInferEl0AsyncHwEl | inputs: PushQEl0AsyncHwEl[0] | outputs: LastAsyncEl0PostInferEl0AsyncHwEl
[2026-04-05 22:05:29.237] [9181] [HailoRT] [info] [pipeline.cpp:891] [print_deep_description] LastAsyncEl0PostInferEl0AsyncHwEl | inputs: PostInferEl0AsyncHwEl[0] | outputs: user
[2026-04-05 22:05:29.237] [9181] [HailoRT] [info] [pipeline.cpp:891] [print_deep_description] PushQEl1AsyncHwEl | inputs: AsyncHwEl[0] | outputs: PostInferEl1AsyncHwEl(running in thread_id: 9199)
[2026-04-05 22:05:29.237] [9181] [HailoRT] [info] [pipeline.cpp:891] [print_deep_description] PostInferEl1AsyncHwEl | inputs: PushQEl1AsyncHwEl[0] | outputs: LastAsyncEl0PostInferEl1AsyncHwEl
[2026-04-05 22:05:29.237] [9181] [HailoRT] [info] [pipeline.cpp:891] [print_deep_description] LastAsyncEl0PostInferEl1AsyncHwEl | inputs: PostInferEl1AsyncHwEl[0] | outputs: user
[2026-04-05 22:05:29.237] [9181] [HailoRT] [info] [pipeline.cpp:891] [print_deep_description] PushQEl2AsyncHwEl | inputs: AsyncHwEl[0] | outputs: PostInferEl2AsyncHwEl(running in thread_id: 9200)
[2026-04-05 22:05:29.237] [9181] [HailoRT] [info] [pipeline.cpp:891] [print_deep_description] PostInferEl2AsyncHwEl | inputs: PushQEl2AsyncHwEl[0] | outputs: LastAsyncEl0PostInferEl2AsyncHwEl
[2026-04-05 22:05:29.237] [9181] [HailoRT] [info] [pipeline.cpp:891] [print_deep_description] LastAsyncEl0PostInferEl2AsyncHwEl | inputs: PostInferEl2AsyncHwEl[0] | outputs: user
[2026-04-05 22:05:29.237] [9181] [HailoRT] [info] [pipeline.cpp:891] [print_deep_description] PushQEl3AsyncHwEl | inputs: AsyncHwEl[0] | outputs: PostInferEl3AsyncHwEl(running in thread_id: 9195)
[2026-04-05 22:05:29.237] [9181] [HailoRT] [info] [pipeline.cpp:891] [print_deep_description] PostInferEl3AsyncHwEl | inputs: PushQEl3AsyncHwEl[0] | outputs: LastAsyncEl0PostInferEl3AsyncHwEl
[2026-04-05 [2026-04-05 22:06:09.803] [9300] [HailoRT] [info] [vdevice.cpp:523] [create] Creating vdevice with params: device_count: 1, scheduling_algorithm: ROUND_ROBIN, multi_process_service: false
[2026-04-05 22:06:09.815] [9300] [HailoRT] [info] [device.cpp:49] [Device] OS Version: Linux 6.12.75+rpt-rpi-2712 #1 SMP PREEMPT Debian 1:6.12.75-1+rpt1~bookworm (2026-03-11) aarch64
[2026-04-05 22:06:09.817] [9300] [HailoRT] [info] [control.cpp:108] [control__parse_identify_results] firmware_version is: 4.20.0
[2026-04-05 22:06:09.817] [9300] [HailoRT] [info] [vdevice.cpp:651] [create] VDevice Infos: 0001:01:00.0
[2026-04-05 22:06:09.923] [9300] [HailoRT] [info] [hef.cpp:1929] [get_network_group_and_network_name] No name was given. Addressing all networks of default network_group: yolov8s_pose
[2026-04-05 22:06:09.923] [9300] [HailoRT] [info] [hef.cpp:1929] [get_network_group_and_network_name] No name was given. Addressing all networks of default network_group: yolov8s_pose
[2026-04-05 22:06:09.924] [9300] [HailoRT] [info] [hef.cpp:1929] [get_network_group_and_network_name] No name was given. Addressing all networks of default network_group: yolov8s_pose
[2026-04-05 22:06:09.924] [9300] [HailoRT] [info] [hef.cpp:1929] [get_network_group_and_network_name] No name was given. Addressing all networks of default network_group: yolov8s_pose
[2026-04-05 22:06:09.924] [9300] [HailoRT] [info] [hef.cpp:1929] [get_network_group_and_network_name] No name was given. Addressing all networks of default network_group: yolov8s_pose
[2026-04-05 22:06:09.924] [9300] [HailoRT] [warning] [device_internal.cpp:616] [check_hef_is_compatible] HEF was compiled for Hailo8L device, while the device itself is Hailo8. This will result in lower performance.
[2026-04-05 22:06:09.926] [9300] [HailoRT] [warning] [device_internal.cpp:616] [check_hef_is_compatible] HEF was compiled for Hailo8L device, while the device itself is Hailo8. This will result in lower performance.
[2026-04-05 22:06:09.934] [9300] [HailoRT] [info] [internal_buffer_manager.cpp:204] [print_execution_results] Planned internal buffer memory: CMA memory 0, user memory 3321344. memory to edge layer usage factor is 0.93083656
[2026-04-05 22:06:09.934] [9300] [HailoRT] [info] [internal_buffer_manager.cpp:212] [print_execution_results] Default Internal buffer planner executed successfully
[2026-04-05 22:06:09.961] [9300] [HailoRT] [info] [device_internal.cpp:57] [configure] Configuring HEF took 35.349795 milliseconds
[2026-04-05 22:06:09.961] [9300] [HailoRT] [info] [vdevice.cpp:749] [configure] Configuring HEF on VDevice took 37.543761 milliseconds
[2026-04-05 22:06:09.961] [9300] [HailoRT] [info] [infer_model.cpp:436] [configure] Configuring network group 'yolov8s_pose' with params: batch size: 1, power mode: PERFORMANCE, latency: NONE
[2026-04-05 22:06:09.961] [9300] [HailoRT] [info] [multi_io_elements.cpp:756] [create] Created (AsyncHwEl)
[2026-04-05 22:06:09.962] [9300] [HailoRT] [info] [queue_elements.cpp:450] [create] Created (EntryPushQEl0yolov8s_pose/input_layer1 | timeout: 10s)
[2026-04-05 22:06:09.962] [9300] [HailoRT] [info] [queue_elements.cpp:450] [create] Created (PushQEl3AsyncHwEl | timeout: 10s)
[2026-04-05 22:06:09.962] [9300] [HailoRT] [info] [filter_elements.cpp:375] [create] Created (PostInferEl3AsyncHwEl | Quantization - src_type: UINT8, dst_type FLOAT32, limvals_min: -6.02712, limvals_max: 11.844)
[2026-04-05 22:06:09.962] [9300] [HailoRT] [info] [edge_elements.cpp:187] [create] Created (LastAsyncEl0PostInferEl3AsyncHwEl)
[2026-04-05 22:06:09.962] [9300] [HailoRT] [info] [queue_elements.cpp:450] [create] Created (PushQEl4AsyncHwEl | timeout: 10s)
[2026-04-05 22:06:09.962] [9300] [HailoRT] [info] [filter_elements.cpp:375] [create] Created (PostInferEl4AsyncHwEl | Quantization - src_type: UINT8, dst_type FLOAT32, limvals_min: -9.25656, limvals_max: 9.32945 | Reorder - src_order: FCR, src_shape: (20, 20, 56), dst_order: FCR, dst_shape: (20, 20, 51))
[2026-04-05 22:06:09.962] [9300] [HailoRT] [info] [edge_elements.cpp:187] [create] Created (LastAsyncEl0PostInferEl4AsyncHwEl)
[2026-04-05 22:06:09.962] [9300] [HailoRT] [info] [queue_elements.cpp:450] [create] Created (PushQEl5AsyncHwEl | timeout: 10s)
[2026-04-05 22:06:09.962] [9300] [HailoRT] [info] [filter_elements.cpp:375] [create] Created (PostInferEl5AsyncHwEl | Quantization - src_type: UINT8, dst_type FLOAT32, limvals_min: -5.14938, limvals_max: 13.8809)
[2026-04-05 22:06:09.962] [9300] [HailoRT] [info] [edge_elements.cpp:187] [create] Created (LastAsyncEl0PostInferEl5AsyncHwEl)
[2026-04-05 22:06:09.962] [9300] [HailoRT] [info] [queue_elements.cpp:450] [create] Created (PushQEl0AsyncHwEl | timeout: 10s)
[2026-04-05 22:06:09.962] [9300] [HailoRT] [info] [filter_elements.cpp:375] [create] Created (PostInferEl0AsyncHwEl | Quantization - src_type: UINT8, dst_type FLOAT32, limvals_min: 0, limvals_max: 0.927867)
[2026-04-05 22:06:09.962] [9300] [HailoRT] [info] [edge_elements.cpp:187] [create] Created (LastAsyncEl0PostInferEl0AsyncHwEl)
[2026-04-05 22:06:09.962] [9300] [HailoRT] [info] [queue_elements.cpp:450] [create] Created (PushQEl1AsyncHwEl | timeout: 10s)
[2026-04-05 22:06:09.962] [9300] [HailoRT] [info] [filter_elements.cpp:375] [create] Created (PostInferEl1AsyncHwEl | Quantization - src_type: UINT8, dst_type FLOAT32, limvals_min: -5.39702, limvals_max: 12.7114)
[2026-04-05 22:06:09.962] [9300] [HailoRT] [info] [edge_elements.cpp:187] [create] Created (LastAsyncEl0PostInferEl1AsyncHwEl)
[2026-04-05 22:06:09.962] [9300] [HailoRT] [info] [queue_elements.cpp:450] [create] Created (PushQEl2AsyncHwEl | timeout: 10s)
[2026-04-05 22:06:09.962] [9300] [HailoRT] [info] [filter_elements.cpp:375] [create] Created (PostInferEl2AsyncHwEl | Quantization - src_type: UINT8, dst_type FLOAT32, limvals_min: 0, limvals_max: 0.820417)
[2026-04-05 22:06:09.962] [9300] [HailoRT] [info] [edge_elements.cpp:187] [create] Created (LastAsyncEl0PostInferEl2AsyncHwEl)
[2026-04-05 22:06:09.963] [9300] [HailoRT] [info] [queue_elements.cpp:450] [create] Created (PushQEl7AsyncHwEl | timeout: 10s)
[2026-04-05 22:06:09.963] [9300] [HailoRT] [info] [filter_elements.cpp:375] [create] Created (PostInferEl7AsyncHwEl | Quantization - src_type: UINT8, dst_type FLOAT32, limvals_min: -11.0503, limvals_max: 6.78402 | Reorder - src_order: FCR, src_shape: (40, 40, 56), dst_order: FCR, dst_shape: (40, 40, 51))
[2026-04-05 22:06:09.963] [9300] [HailoRT] [info] [edge_elements.cpp:187] [create] Created (LastAsyncEl0PostInferEl7AsyncHwEl)
[2026-04-05 22:06:09.963] [9300] [HailoRT] [info] [queue_elements.cpp:450] [create] Created (PushQEl8AsyncHwEl | timeout: 10s)
[2026-04-05 22:06:09.963] [9300] [HailoRT] [info] [filter_elements.cpp:375] [create] Created (PostInferEl8AsyncHwEl | Quantization - src_type: UINT8, dst_type FLOAT32, limvals_min: 0, limvals_max: 0.617845)
[2026-04-05 22:06:09.963] [9300] [HailoRT] [info] [edge_elements.cpp:187] [create] Created (LastAsyncEl0PostInferEl8AsyncHwEl)
[2026-04-05 22:06:09.963] [9300] [HailoRT] [info] [queue_elements.cpp:450] [create] Created (PushQEl6AsyncHwEl | timeout: 10s)
[2026-04-05 22:06:09.963] [9300] [HailoRT] [info] [filter_elements.cpp:375] [create] Created (PostInferEl6AsyncHwEl | Quantization - src_type: UINT8, dst_type FLOAT32, limvals_min: -7.42123, limvals_max: 5.81243 | Reorder - src_order: FCR, src_shape: (80, 80, 56), dst_order: FCR, dst_shape: (80, 80, 51))
[2026-04-05 22:06:09.963] [9300] [HailoRT] [info] [edge_elements.cpp:187] [create] Created (LastAsyncEl0PostInferEl6AsyncHwEl)
[2026-04-05 22:06:09.963] [9300] [HailoRT] [info] [pipeline.cpp:891] [print_deep_description] EntryPushQEl0yolov8s_pose/input_layer1 | inputs: user | outputs: AsyncHwEl(running in thread_id: 9313)
[2026-04-05 22:06:09.963] [9300] [HailoRT] [info] [pipeline.cpp:891] [print_deep_description] AsyncHwEl | inputs: EntryPushQEl0yolov8s_pose/input_layer1[0] | outputs: PushQEl0AsyncHwEl PushQEl1AsyncHwEl PushQEl2AsyncHwEl PushQEl3AsyncHwEl PushQEl4AsyncHwEl PushQEl5AsyncHwEl PushQEl6AsyncHwEl PushQEl7AsyncHwEl PushQEl8AsyncHwEl
[2026-04-05 22:06:09.963] [9300] [HailoRT] [info] [pipeline.cpp:891] [print_deep_description] PushQEl0AsyncHwEl | inputs: AsyncHwEl[0] | outputs: PostInferEl0AsyncHwEl(running in thread_id: 9317)
[2026-04-05 22:06:09.963] [9300] [HailoRT] [info] [pipeline.cpp:891] [print_deep_description] PostInferEl0AsyncHwEl | inputs: PushQEl0AsyncHwEl[0] | outputs: LastAsyncEl0PostInferEl0AsyncHwEl
[2026-04-05 22:06:09.963] [9300] [HailoRT] [info] [pipeline.cpp:891] [print_deep_description] LastAsyncEl0PostInferEl0AsyncHwEl | inputs: PostInferEl0AsyncHwEl[0] | outputs: user
[2026-04-05 22:06:09.963] [9300] [HailoRT] [info] [pipeline.cpp:891] [print_deep_description] PushQEl1AsyncHwEl | inputs: AsyncHwEl[0] | outputs: PostInferEl1AsyncHwEl(running in thread_id: 9318)
[2026-04-05 22:06:09.963] [9300] [HailoRT] [info] [pipeline.cpp:891] [print_deep_description] PostInferEl1AsyncHwEl | inputs: PushQEl1AsyncHwEl[0] | outputs: LastAsyncEl0PostInferEl1AsyncHwEl
[2026-04-05 22:06:09.963] [9300] [HailoRT] [info] [pipeline.cpp:891] [print_deep_description] LastAsyncEl0PostInferEl1AsyncHwEl | inputs: PostInferEl1AsyncHwEl[0] | outputs: user
[2026-04-05 22:06:09.963] [9300] [HailoRT] [info] [pipeline.cpp:891] [print_deep_description] PushQEl2AsyncHwEl | inputs: AsyncHwEl[0] | outputs: PostInferEl2AsyncHwEl(running in thread_id: 9319)
[2026-04-05 22:06:09.963] [9300] [HailoRT] [info] [pipeline.cpp:891] [print_deep_description] PostInferEl2AsyncHwEl | inputs: PushQEl2AsyncHwEl[0] | outputs: LastAsyncEl0PostInferEl2AsyncHwEl
[2026-04-05 22:06:09.963] [9300] [HailoRT] [info] [pipeline.cpp:891] [print_deep_description] LastAsyncEl0PostInferEl2AsyncHwEl | inputs: PostInferEl2AsyncHwEl[0] | outputs: user
[2026-04-05 22:06:09.963] [9300] [HailoRT] [info] [pipeline.cpp:891] [print_deep_description] PushQEl3AsyncHwEl | inputs: AsyncHwEl[0] | outputs: PostInferEl3AsyncHwEl(running in thread_id: 9314)
[2026-04-05 22:06:09.963] [9300] [HailoRT] [info] [pipeline.cpp:891] [print_deep_description] PostInferEl3AsyncHwEl | inputs: PushQEl3AsyncHwEl[0] | outputs: LastAsyncEl0PostInferEl3AsyncHwEl
[2026-04-05 22:06:09.963] [9300] [HailoRT] [info] [pipeline.cpp:891] [print_deep_description] LastAsyncEl0PostInferEl3AsyncHwEl | inputs: PostInferEl3AsyncHwEl[0] | outputs: user
[2026-04-05 22:06:09.963] [9300] [HailoRT] [info] [pipeline.cpp:891] [print_deep_description] PushQEl4AsyncHwEl | inputs: AsyncHwEl[0] | outputs: PostInferEl4AsyncHwEl(running in thread_id: 9315)
[2026-04-05 22:06:09.963] [9300] [HailoRT] [info] [pipeline.cpp:891] [print_deep_description] PostInferEl4AsyncHwEl | inputs: PushQEl4AsyncHwEl[0] | outputs: LastAsyncEl0PostInferEl4AsyncHwEl
[2026-04-05 22:06:09.963] [9300] [HailoRT] [info] [pipeline.cpp:891] [print_deep_description] LastAsyncEl0PostInferEl4AsyncHwEl | inputs: PostInferEl4AsyncHwEl[0] | outputs: user
[2026-04-05 22:06:09.963] [9300] [HailoRT] [info] [pipeline.cpp:891] [print_deep_description] PushQEl5AsyncHwEl | inputs: AsyncHwEl[0] | outputs: PostInferEl5AsyncHwEl(running in thread_id: 9316)
[2026-04-05 22:06:09.963] [9300] [HailoRT] [info] [pipeline.cpp:891] [print_deep_description] PostInferEl5AsyncHwEl | inputs: PushQEl5AsyncHwEl[0] | outputs: LastAsyncEl0PostInferEl5AsyncHwEl
[2026-04-05 22:06:09.963] [9300] [HailoRT] [info] [pipeline.cpp:891] [print_deep_description] LastAsyncEl0PostInferEl5AsyncHwEl | inputs: PostInferEl5AsyncHwEl[0] | outputs: user
[2026-04-05 22:06:09.963] [9300] [HailoRT] [info] [pipeline.cpp:891] [print_deep_description] PushQEl6AsyncHwEl | inputs: AsyncHwEl[0] | outputs: PostInferEl6AsyncHwEl(running in thread_id: 9322)
[2026-04-05 22:06:09.963] [9300] [HailoRT] [info] [pipeline.cpp:891] [print_deep_description] PostInferEl6AsyncHwEl | inputs: PushQEl6AsyncHwEl[0] | outputs: LastAsyncEl0PostInferEl6AsyncHwEl
[2026-04-05 22:06:09.963] [9300] [HailoRT] [info] [pipeline.cpp:891] [print_deep_description] LastAsyncEl0PostInferEl6AsyncHwEl | inputs: PostInferEl6AsyncHwEl[0] | outputs: user
[2026-04-05 22:06:09.963] [9300] [HailoRT] [info] [pipeline.cpp:891] [print_deep_description] PushQEl7AsyncHwEl | inputs: AsyncHwEl[0] | outputs: PostInferEl7AsyncHwEl(running in thread_id: 9320)
[2026-04-05 22:06:09.963] [9300] [HailoRT] [info] [pipeline.cpp:891] [print_deep_description] PostInferEl7AsyncHwEl | inputs: PushQEl7AsyncHwEl[0] | outputs: LastAsyncEl0PostInferEl7AsyncHwEl
[2026-04-05 22:06:09.963] [9300] [HailoRT] [info] [pipeline.cpp:891] [print_deep_description] LastAsyncEl0PostInferEl7AsyncHwEl | inputs: PostInferEl7AsyncHwEl[0] | outputs: user
[2026-04-05 22:06:09.963] [9300] [HailoRT] [info] [pipeline.cpp:891] [print_deep_description] PushQEl8AsyncHwEl | inputs: AsyncHwEl[0] | outputs: PostInferEl8AsyncHwEl(running in thread_id: 9321)
[2026-04-05 22:06:09.963] [9300] [HailoRT] [info] [pipeline.cpp:891] [print_deep_description] PostInferEl8AsyncHwEl | inputs: PushQEl8AsyncHwEl[0] | outputs: LastAsyncEl0PostInferEl8AsyncHwEl
[2026-04-05 22:06:09.963] [9300] [HailoRT] [info] [pipeline.cpp:891] [print_deep_description] LastAsyncEl0PostInferEl8AsyncHwEl | inputs: PostInferEl8AsyncHwEl[0] | outputs: user
[2026-04-05 22:06:35.823] [9300] [HailoRT] [info] [async_infer_runner.cpp:86] [shutdown] Pipeline was aborted. Shutting it down
[2026-04-05 22:06:35.824] [9300] [HailoRT] [info] [async_infer_runner.cpp:86] [shutdown] Pipeline was aborted. Shutting it down
[2026-04-05 22:06:35.824] [9300] [HailoRT] [info] [queue_elements.cpp:570] [execute_deactivate] enqueue() in element PushQEl0AsyncHwEl was aborted, got status = HAILO_SHUTDOWN_EVENT_SIGNALED(57)
[2026-04-05 22:06:35.824] [9300] [HailoRT] [info] [queue_elements.cpp:570] [execute_deactivate] enqueue() in element PushQEl1AsyncHwEl was aborted, got status = HAILO_SHUTDOWN_EVENT_SIGNALED(57)
[2026-04-05 22:06:35.824] [9300] [HailoRT] [info] [queue_elements.cpp:570] [execute_deactivate] enqueue() in element PushQEl2AsyncHwEl was aborted, got status = HAILO_SHUTDOWN_EVENT_SIGNALED(57)
[2026-04-05 22:06:35.824] [9300] [HailoRT] [info] [queue_elements.cpp:570] [execute_deactivate] enqueue() in element PushQEl3AsyncHwEl was aborted, got status = HAILO_SHUTDOWN_EVENT_SIGNALED(57)
[2026-04-05 22:06:35.824] [9300] [HailoRT] [info] [queue_elements.cpp:570] [execute_deactivate] enqueue() in element PushQEl4AsyncHwEl was aborted, got status = HAILO_SHUTDOWN_EVENT_SIGNALED(57)
[2026-04-05 22:06:35.824] [9300] [HailoRT] [info] [queue_elements.cpp:570] [execute_deactivate] enqueue() in element PushQEl5AsyncHwEl was aborted, got status = HAILO_SHUTDOWN_EVENT_SIGNALED(57)
[2026-04-05 22:06:35.824] [9300] [HailoRT] [info] [queue_elements.cpp:570] [execute_deactivate] enqueue() in element PushQEl6AsyncHwEl was aborted, got status = HAILO_SHUTDOWN_EVENT_SIGNALED(57)
[2026-04-05 22:06:35.824] [9300] [HailoRT] [info] [queue_elements.cpp:570] [execute_deactivate] enqueue() in element PushQEl7AsyncHwEl was aborted, got status = HAILO_SHUTDOWN_EVENT_SIGNALED(57)
[2026-04-05 22:06:35.824] [9300] [HailoRT] [info] [queue_elements.cpp:570] [execute_deactivate] enqueue() in element PushQEl8AsyncHwEl was aborted, got status = HAILO_SHUTDOWN_EVENT_SIGNALED(57)
[2026-04-05 22:06:35.824] [9300] [HailoRT] [info] [queue_elements.cpp:570] [execute_deactivate] enqueue() in element EntryPushQEl0yolov8s_pose/input_layer1 was aborted, got status = HAILO_SHUTDOWN_EVENT_SIGNALED(57)
[2026-04-05 22:06:35.824] [9300] [HailoRT] [info] [queue_elements.cpp:46] [~BaseQueueElement] Queue element EntryPushQEl0yolov8s_pose/input_layer1 has 0 frames in his Queue on destruction
[2026-04-05 22:06:35.824] [9300] [HailoRT] [info] [queue_elements.cpp:46] [~BaseQueueElement] Queue element PushQEl3AsyncHwEl has 0 frames in his Queue on destruction
[2026-04-05 22:06:35.824] [9300] [HailoRT] [info] [queue_elements.cpp:46] [~BaseQueueElement] Queue element PushQEl4AsyncHwEl has 0 frames in his Queue on destruction
[2026-04-05 22:06:35.824] [9300] [HailoRT] [info] [queue_elements.cpp:46] [~BaseQueueElement] Queue element PushQEl5AsyncHwEl has 0 frames in his Queue on destruction
[2026-04-05 22:06:35.824] [9300] [HailoRT] [info] [queue_elements.cpp:46] [~BaseQueueElement] Queue element PushQEl0AsyncHwEl has 0 frames in his Queue on destruction
[2026-04-05 22:06:35.824] [9300] [HailoRT] [info] [queue_elements.cpp:46] [~BaseQueueElement] Queue element PushQEl1AsyncHwEl has 0 frames in his Queue on destruction
[2026-04-05 22:06:35.824] [9300] [HailoRT] [info] [queue_elements.cpp:46] [~BaseQueueElement] Queue element PushQEl2AsyncHwEl has 0 frames in his Queue on destruction
[2026-04-05 22:06:35.824] [9300] [HailoRT] [info] [queue_elements.cpp:46] [~BaseQueueElement] Queue element PushQEl7AsyncHwEl has 0 frames in his Queue on destruction
[2026-04-05 22:06:35.824] [9300] [HailoRT] [info] [queue_elements.cpp:46] [~BaseQueueElement] Queue element PushQEl8AsyncHwEl has 0 frames in his Queue on destruction
[2026-04-05 22:06:35.824] [9300] [HailoRT] [info] [queue_elements.cpp:46] [~BaseQueueElement] Queue element PushQEl6AsyncHwEl has 0 frames in his Queue on destruction
